dataset,candidate_id,candidate_fingerprint,epsilon,epsilon_min,accuracy_eligible,axis_bias_real,axis_bias_imag,normalization,allowance_real,allowance_imag,N_real,N_imag,N_total,primary_RZ_P0,primary_SE,point_frontier,rz_count,rz_depth,cx_count,cx_depth,total_depth,circuit_size,missing_reason
development,B0-rank3-q1-r0-K0,c281ca29e875d2ebe1c38473de3ddd32bb5649f6daceb36fdedd7b4e8f127b50,0.05,0.1593547871565706,False,0.11268085061295,0.0318753192941541,1.0,-0.07732551155362262,0.003480019765173273,MISSING,723672,MISSING,MISSING,MISSING,False,MISSING,MISSING,MISSING,MISSING,MISSING,MISSING,NONPOSITIVE_AXIS_HEADROOM_OR_STRICT_BOUNDARY
development,B0-rank3-q2-r0-K0,2a33fd5d9c87d1ff113c820ab806d679f9b58449af3039b141062d29a2b18198,0.05,0.16621667438535975,False,0.1175329376041642,0.03292112241993739,1.0,-0.08217759854483682,0.0024342166393899883,MISSING,1479063,MISSING,MISSING,MISSING,False,MISSING,MISSING,MISSING,MISSING,MISSING,MISSING,NONPOSITIVE_AXIS_HEADROOM_OR_STRICT_BOUNDARY
development,B0-rank3-q4-r0-K0,9cb0aaf0994f8e79edd0fdd24bc651f5e818d8afd45e768d9b780da5ade77cad,0.05,0.16779264678462016,False,0.11864731837464407,0.033200933895610185,1.0,-0.08329197931531669,0.0021544051637171907,MISSING,1888210,MISSING,MISSING,MISSING,False,MISSING,MISSING,MISSING,MISSING,MISSING,MISSING,NONPOSITIVE_AXIS_HEADROOM_OR_STRICT_BOUNDARY
development,B0-rank3-q8-r0-K0,af766ff011401e80a413bfcc46528baaa0094525c9b462993af1cb0be9462eb3,0.05,0.1681785435096518,False,0.11892018856575162,0.03327184413828299,1.0,-0.08356484950642425,0.002083494921044385,MISSING,2018925,MISSING,MISSING,MISSING,False,MISSING,MISSING,MISSING,MISSING,MISSING,MISSING,NONPOSITIVE_AXIS_HEADROOM_OR_STRICT_BOUNDARY
development,B0-rank6-q1-r0-K0,4893d918556d0daeec8dae3a1a5c6f97c598ab6d7efb7e4c7d714ee6400b6d52,0.05,0.0169535388496449,True,0.011987962285693488,0.002184930504901761,1.0,0.02336737677363389,0.033170408554425615,16051,7966,24017,253379350.0,0.0,False,253379350.0,113624427.0,144582340.0,122462683.0,247375100.0,483726397.0,MISSING
development,B0-rank6-q2-r0-K0,782e19e50afd09690a85ca70fcac632c40b7c42b8934f1368501f68e5408dcec,0.05,0.024449044348730183,True,0.01728808505251775,0.002995946031887353,1.0,0.018067254006809627,0.03235939302744002,26849,8370,35219,732203010.0,0.0,False,732203010.0,330952943.0,420655736.0,357754602.0,720651178.0,1398652147.0,MISSING
development,B0-rank6-q4-r0-K0,e23ad773307fbc4a8f8b24754d457c491ccaeb4c16c1b23289a7b1821f811373,0.05,0.026207281813022978,True,0.018531346686455424,0.0032217212726871614,1.0,0.01682399237287195,0.032133617786640215,30964,8488,39452,1628184040.0,0.0,False,1628184040.0,738896508.0,938641984.0,799928752.0,1609089272.0,3111066364.0,MISSING
development,B0-rank6-q8-r0-K0,1eb5f5eda16fd85285ec0cf28de2f73ffbd12d2682d89dedf45f559142e23378,0.05,0.026640048188639215,True,0.01883735872532319,0.0032794299791443215,1.0,0.016517980334004187,0.032075909080183054,32122,8519,40641,3341909430.0,0.0,False,3341909430.0,1519688913.0,1929959808.0,1646448192.0,3309559194.0,6386529945.0,MISSING
development,B0-rank9-q1-r0-K0,9ec97d08a230b48e959eb7f5084fe00655cf97d80ba3307025097d092fd8d4d9,0.05,0.010184552019249145,True,0.007201565796158216,0.0009729523927182182,1.0,0.02815377326316916,0.03438238666660916,11057,7414,18471,288313839.0,0.0,False,288313839.0,130645383.0,165795696.0,141247737.0,284268690.0,549770844.0,MISSING
development,B0-rank9-q2-r0-K0,830a01f9ea6cd9075c324a30b81b282e9a7e91bf8a90d5a2f3abeefc028dfdcd,0.05,0.0024255322146783053,True,0.0017151102769854543,0.00026890492035402946,1.0,0.03364022878234192,0.035086434138973346,7745,7120,14865,459447420.0,0.0,False,459447420.0,209314065.0,265429440.0,226750710.0,455493330.0,876425535.0,MISSING
development,B0-rank9-q4-r0-K0,1348cf85115c90d38103b1942cca71ee6016a96d26d693e03d9338694b91166f,0.05,0.0005991963740114494,True,0.0004236958193258866,6.864859276278779e-05,1.0,0.03493164324000149,0.03528669046656459,7183,7039,14222,874738332.0,0.0,False,874738332.0,399595534.0,506530752.0,433315896.0,869618412.0,1668937478.0,MISSING
development,B0-rank9-q8-r0-K0,62d5fe4a325e1641b8f8033033a22d726f1feedffba03f650389ef26b81ce7ab,0.05,0.00014929208480756793,True,0.00010556544554490843,1.7241164409931287e-05,1.0,0.03524977361378247,0.035338097894917445,7054,7019,14073,1726785246.0,0.0,False,1726785246.0,789903417.0,1001096928.0,856989408.0,1719073242.0,3294897417.0,MISSING
development,B1-rank12-q1-r0-K0,5118c41031227fe7642bc243c875f815afae86eb716e4c1b31c31f7ea2c48c7c,0.05,0.010184642692195597,True,0.007201629911613522,0.0009729624794152514,1.0,0.028153709147713854,0.034382376579912124,11057,7414,18471,372523128.0,0.0,False,372523128.0,163283640.0,214780788.0,182475009.0,362456433.0,711964695.0,MISSING
development,B1-rank12-q2-r0-K0,6d94925db9107eb619526d6987146a036344e8fb9af2ffd5c6dfe57fa2f8c48c,0.05,0.002425623046237577,True,0.0017151745045969613,0.0002689153389350274,1.0,0.033640164554730415,0.03508642372039235,7745,7120,14865,594510810.0,0.0,False,594510810.0,261014535.0,343797720.0,292394550.0,579497160.0,1136533305.0,MISSING
development,B1-rank12-q4-r0-K0,41297e3c4eaa8a92d3f960610688e26c3bcb721f3b26189125dd7e3b8f44dea8,0.05,0.0005992872373833854,True,0.000423760069432344,6.865908947362165e-05,1.0,0.03493157898989503,0.035286679969853754,7183,7039,14222,1133180516.0,0.0,False,1133180516.0,498523766.0,656487520.0,558924600.0,1106898260.0,2166650590.0,MISSING
development,B1-rank12-q8-r0-K0,23f5559418d8689bd80e95d87ea290b2f76ee48728bdda7a12cd18a8d529c8d0,0.05,0.0001493829556395627,True,0.00010562970092642399,1.7251680400010017e-05,1.0,0.03524970935840095,0.035338087378927366,7054,7019,14073,2238254358.0,0.0,False,2238254358.0,985686993.0,1297868352.0,1105574880.0,2188661106.0,4279894833.0,MISSING
development,B2-rank3-q1-r1-K2,dac0c68eb3c16dbcc0835a34a5d9b831765f9dedd762b6e53039e6da6844bb3c,0.05,0.010217859032660394,True,0.007225117411202381,0.0008947495370739134,1.2136827965196963,0.028130221648124995,0.03446058952225346,16315,10872,27187,165312252.68749997,137265.57042111893,False,165312252.68749997,68920744.1875,88959262.37500001,72371794.00000001,150121516.43750003,314748996.5625,MISSING
development,B2-rank3-q1-r1-K4,18da49e42be095eb747f8aa9922a59a1fe5e073378d77f79994e0bba1a2daafe,0.05,0.010162985976117284,True,0.0071863163008163145,0.0009715482121589458,1.2156666588294327,0.02816902275851106,0.03438379084716843,16323,10956,27279,166432588.875,734673.7073986139,False,166432588.875,69334693.3125,89429086.68750001,72701092.40625,151040413.125,316906962.75000006,MISSING
development,B2-rank3-q1-r2-K2,e40346bc9672fad548e88097736b7ebbde8f6e0fd4067f1ac32d199da134b52f,0.05,0.010167876197114564,True,0.007189774209244992,0.0009609162248013225,1.1112412167073342,0.028165564850082384,0.03439442283452605,13643,9149,22792,140576782.49999997,417918.9049693327,False,140576782.49999997,58272733.75,75333258.00000003,61091819.25,126932921.49999997,267798877.50000006,MISSING
development,B2-rank3-q1-r2-K4,49dbaa81d25e9ed02a3b9415bb75b67cffebae4e47a02261720820c91dd4e92c,0.05,0.010163295046539022,True,0.00718653484660739,0.0009711497870631414,1.1115017963309746,0.028168804212719986,0.034384189272264234,13646,9159,22805,141100236.24999997,450890.85126752575,False,141100236.24999997,58445651.71875,75511630.93749999,61195079.53125,127282544.21875,268710602.34375006,MISSING
development,B2-rank3-q1-r4-K2,ff8e17f270d298339d53b9f47b8fc13189a91c30105498e405a642bfe5bf29ec,0.05,0.01016372648211009,True,0.007186839917625337,0.0009698292933906227,1.0554795598765143,0.02816849914170204,0.03438550976593675,12305,8258,20563,130774896.65625,940780.0103771728,True,130774896.65625,53615452.125000015,69446391.75000001,55950637.812500015,116808764.09375003,249472886.375,MISSING
development,B2-rank3-q1-r4-K4,ec7deef660e32ec94e5f8b46148d6c72eecf85f2393ee596279ff7b10359768b,0.05,0.010163301437072314,True,0.007186539365396816,0.0009711363146075458,1.055511708253512,0.02816879969393056,0.03438420274471983,12306,8259,20565,131743888.59375003,958926.2601504144,False,131743888.59375003,53817962.343750015,69723061.87499999,56064045.937500015,117235923.75,251290161.56249994,MISSING
development,B2-rank3-q1-r8-K2,2a527a84ef1481d55ffd576634b4a4841282871ce6d6872ca72767971c7255f2,0.05,0.010163345365333401,True,0.007186570427368116,0.0009709711444060298,1.027533436136943,0.02816876863195926,0.034384367914921346,11662,7827,19489,132704255.18749997,1413438.6759849146,True,132704255.18749997,52970492.96875001,68976443.25000001,54716585.56249999,115424211.53125,253752870.31249994,MISSING
development,B2-rank3-q1-r8-K4,14624b9f1ef123d39e3b1d126d4a3288015d1f8b7fe9ded3105c8e4f8713b62c,0.05,0.0101633015830621,True,0.007186539468627184,0.0009711358826339778,1.0275373871668176,0.02816879959070019,0.0343842031766934,11662,7827,19489,134752427.28124997,1361241.6977856508,False,134752427.28124997,53460763.12499999,69580602.24999999,54976641.90625,116503414.90625,257690257.34375006,MISSING
development,B2-rank3-q1-r16-K2,2bae3de500df0676aa16f29c6ba63b0c02e98824df975ed0d3942faa53640140,0.05,0.010163306472110126,True,0.007186542925706196,0.000971115203614481,1.0136941862182753,0.02816879613362118,0.034384223855712895,11350,7618,18968,148313755.74999997,1718682.8298601974,False,148313755.74999997,56327847.0,73977571.0,56865471.25,122838546.24999997,284759471.00000006,MISSING
development,B2-rank3-q1-r16-K4,26b1ddb01fa478bdaf439432feff9a314c0e5da23eeba8db14e3cd9a4bf833ea,0.05,0.010163301586769953,True,0.007186539471249032,0.000971135869005546,1.013694674661216,0.028168799588078344,0.03438420319032183,11350,7618,18968,143907252.25,2048856.4817174508,False,143907252.25,55402564.24999999,72659295.0,56371710.5,120820232.5,276341828.25,MISSING
development,B2-rank3-q1-r32-K2,7c883f567f0b3193442048dab93dad3a1ff5dd6ff26f134109c3aa3e0b14132f,0.05,0.010163302160736524,True,0.007186539877104686,0.0009711332812076812,1.0068264183894304,0.02816879918222269,0.034384205778119695,11197,7515,18712,171789609.24999997,3588357.8177394043,False,171789609.24999997,62438435.5,82799430.49999999,61856609.249999985,136223360.00000003,331365545.2499999,MISSING
development,B2-rank3-q1-r32-K4,1d6ce39582516148549c9db5d1f9e7e842e82d94c45ba03caf0b0bcb3832bba4,0.05,0.01016330158687244,True,0.007186539471321501,0.000971135868577111,1.0068264790690369,0.028168799588005874,0.034384203190750265,11197,7515,18712,172920515.75,3501181.51920713,False,172920515.75,62738997.0,83129229.5,62003381.500000015,136887051.24999997,333658934.75,MISSING
development,B2-rank3-q2-r1-K2,1f47cf083aa52bf62847b99e9d1b45cd2ec87e9989523f46bfe28bbce8178375,0.05,0.0024253260817104784,True,0.0017149645189660778,0.00025866371957017353,1.1112412167073342,0.0336403745403613,0.0350966753397572,9564,8786,18350,216816145.3125,148918.59215190329,False,216816145.3125,91808490.625,118149915.625,96932728.12500003,200017293.75,413046457.8125,MISSING
development,B2-rank3-q2-r1-K4,ca6f63315793fde5bb949bac34cb178743e77289ede3e5933c97319870834050,0.05,0.002420772807544703,True,0.0017117448679268565,0.00026840223257662554,1.1115017963309746,0.03364359419140052,0.03508693682675075,9566,8795,18361,216857754.53125,154689.98463593985,False,216857754.53125,91847459.81250001,118186314.31250001,96978211.75,200115965.21875003,413167828.71875006,MISSING
development,B2-rank3-q2-r2-K2,432f72f136fb44eb45f8a1464decd8866f1035c4d24c18879bfbdb4eb9a32a0b,0.05,0.002421207761288594,True,0.0017120524266686643,0.0002671442545827407,1.0554795598765143,0.03364328663265871,0.035088194804744635,8626,7931,16557,199988381.15625003,497040.7708151418,False,199988381.15625003,83792389.96875,108126523.3125,88195517.15625,182574556.40625,381403947.5625,MISSING
development,B2-rank3-q2-r2-K4,2e505e1c84c0033fde8c92ead4b49dc0269cebda2a0d00c7865b02c45b2ca80f,0.05,0.0024207791428822577,True,0.0017117493476870027,0.0002683894197672565,1.055511708253512,0.03364358971164037,0.03508694963956012,8627,7932,16559,199929743.71875003,560589.1007794066,False,199929743.71875003,83785435.18750001,108109571.25,88195821.34374999,182571771.96875,381282876.78124994,MISSING
development,B2-rank3-q2-r4-K2,8cb55a75f4e5cbe1668180d41f607ced4d2d5348b0c46f7e6adfc6e1f8b69a64,0.05,0.0024208239605200206,True,0.0017117810385425813,0.00026823198278835836,1.027533436136943,0.033643558020784795,0.03508710707653902,8176,7517,15693,195329299.78125003,914999.8293117027,False,195329299.78125003,80923896.9375,104660540.24999997,84835377.18750001,176324095.96874997,372737193.5625,MISSING
development,B2-rank3-q2-r4-K4,127236c66fd1401664dfc9aa26f9ae80b813a1c7a5b23c089cb3e68c3a7dbffc,0.05,0.0024207792897476465,True,0.001711749451536515,0.00026838900843739744,1.0275373871668176,0.03364358960779086,0.03508695005088998,8176,7517,15693,194231770.59374994,992651.1494367091,False,194231770.59374994,80705666.15624997,104334910.5,84723074.15625003,175847421.09375003,370552924.125,MISSING
development,B2-rank3-q2-r8-K2,f12de42481de9b2e8ee5db614a8b7657291f9bf4b19f3cd0c473f9751b716223,0.05,0.0024207843175043124,True,0.0017117530066973474,0.00026836929235629636,1.0136941862182753,0.03364358605263003,0.03508696976697108,7957,7316,15273,203917459.50000006,1724371.834326107,False,203917459.50000006,82217899.96875,106858499.06249999,85262477.0625,179222927.62500003,390254741.4375,MISSING
development,B2-rank3-q2-r8-K4,c9b417e6f6571261f810811dc1da992b81b468cc3c83a04cd8227b9aa7769de5,0.05,0.0024207792935223454,True,0.00171174945420563,0.0002683889954534502,1.013694674661216,0.033643589605121746,0.035086950063873926,7957,7316,15273,204890158.68750003,1338753.1500768303,False,204890158.68750003,82433153.8125,107146776.93750003,85368433.50000001,179656776.28125,391960067.3437501,MISSING
development,B2-rank3-q2-r16-K2,d72416fe9386c72201ee531653079b046e19dd601a57ac98452e463e88e05248,0.05,0.00242077988654399,True,0.0017117498735352565,0.00026838652783345296,1.0068264183894304,0.03364358918579212,0.03508695253149392,7849,7217,15066,225575684.99999997,1882747.0443383385,False,225575684.99999997,87468487.875,114457343.62500001,89170004.25,190708723.68750006,432953996.0625,MISSING
development,B2-rank3-q2-r16-K4,706dcf93f5323b57899110e5205eef5a821184af75ad4813f59ca8b6ded56c0b,0.05,0.0024207792936278556,True,0.001711749454280237,0.00026838899504511016,1.0068264790690369,0.03364358960504714,0.035086950064282266,7849,7217,15066,224891123.625,2585487.575233565,False,224891123.625,87328185.75000001,114284084.62500003,89114919.1875,190405049.62499997,431689864.5,MISSING
development,B2-rank3-q2-r32-K2,f3be6a53917827b98a55f7fcaf41047e0261f7a1ae0346f24b33318d72606e70,0.05,0.002420779365549944,True,0.0017117495051368337,0.0002683886863736884,1.0034077290355972,0.03364358955419054,0.03508695037295369,7796,7168,14964,280392158.62499994,4349191.164267287,False,280392158.62499994,100970057.62499999,133973627.25,99415672.125,220393065.37500003,541813238.6250001,MISSING
development,B2-rank3-q2-r32-K4,43111e149ded1dba5eda31791bf072fad9b43602b75e5ada11188936fc50ff79,0.05,0.00242077929362919,True,0.0017117494542811806,0.0002683889950327867,1.0034077365959655,0.033643589605046195,0.03508695006429459,7796,7168,14964,272918575.875,4447708.401046802,False,272918575.875,99480672.00000001,131788883.25000003,98622580.12500001,217025697.75000003,526632728.2500001,MISSING
development,B2-rank3-q4-r1-K2,674d3082b53a74bc118e4cf1f9471aa25d76dcf97802cf6624ac631ac723b552,0.05,0.0005985331564885062,True,0.0004232268537180117,6.7294381525973e-05,1.0554795598765143,0.034932112205609364,0.0352880446778014,8002,7841,15843,369424598.53125,315563.8040751362,False,369424598.53125,157536850.87500006,202466608.6875,166761437.62500003,343278697.59375,704154512.34375,MISSING
development,B2-rank3-q4-r1-K4,66558e0cb333e7d41a33d7e61bc9a6e433df0e6cda3946a9c8a9d4cba9163860,0.05,0.0005981040724362777,True,0.00042292344547498195,6.852460405237792e-05,1.055511708253512,0.034932415613852394,0.035286814455275,8002,7842,15844,369394442.875,224370.4475450994,False,369394442.875,157551745.75,202457602.74999997,166767012.25,343314723.75000006,704079137.875,MISSING
development,B2-rank3-q4-r2-K2,fc52f4ae1b4edae4de4611f9aa054f7e0c451c1d20a25418875a6f741227578c,0.05,0.0005981490551926959,True,0.0004229552530870817,6.836903660323301e-05,1.027533436136943,0.034932383806240294,0.03528697002272414,7583,7432,15015,357226557.1875,620178.9411160114,False,357226557.1875,150889957.96875003,194408589.37500003,159303519.37499994,328816769.5312499,681442636.8749999,MISSING
development,B2-rank3-q4-r2-K4,8e56ba2ae30e8521b664233eb5ee96cb22d1b5acdece8360e315a446a367530c,0.05,0.000598104219382487,True,0.000422923549381643,6.852419771297136e-05,1.0275373871668176,0.03493241550994573,0.035286814861614405,7584,7432,15016,356907326.75,604360.5223491014,False,356907326.75,150769086.49999997,194308916.99999997,159238110.50000003,328554303.25000006,680817462.7499999,MISSING
development,B2-rank3-q4-r4-K2,90ed4abcfcb472ebb81f150bd1c1d6570e02f8a443d1ccaa394caaff9144dc40,0.05,0.0005981092744517352,True,0.0004229271238553878,6.850471451380624e-05,1.0136941862182753,0.03493241193547199,0.03528683434481357,7381,7233,14614,359549155.37500006,1484436.2738039417,False,359549155.37500006,149867026.68750003,193601705.12499997,157458086.31250006,326621073.25,686684002.0624998,MISSING
development,B2-rank3-q4-r4-K4,e5f5dfeb10d27592d7f6aa4514b976aee460d580a61e9b8f51713210ac01851e,0.05,0.0005981042231714734,True,0.00042292355206086096,6.852418488279e-05,1.013694674661216,0.034932415507266515,0.035286814874444586,7381,7233,14614,356650559.81250006,1117373.137856462,False,356650559.81250006,149262829.12500003,192741305.87500006,157142058.56249994,325292569.3125,681010116.5625001,MISSING
development,B2-rank3-q4-r8-K2,6817aeb8429ff98787c96a9b618d57108ca5d525f5c9d21a3a0bf646e0b95226,0.05,0.0005981048200203365,True,0.00042292397409673943,6.852174633431574e-05,1.0068264183894304,0.034932415085230636,0.03528681731299306,7281,7135,14416,379414704.00000006,2738405.8612275063,False,379414704.00000006,154176867.5,200027406.0,160314029.00000006,336096876.5,726291594.9999998,MISSING
development,B2-rank3-q4-r8-K4,2a25ec7dde94e71f05514143db7e8d8376837e58686e99f4acf800e0a3f34b76,0.05,0.0005981042232763555,True,0.00042292355213502386,6.852418448166642e-05,1.0068264790690369,0.03493241550719235,0.03528681487484571,7281,7135,14416,375376422.00000006,2393919.7912232135,False,375376422.00000006,153360561.50000003,198863313.99999997,159885603.5,334271000.0,718059158.0,MISSING
development,B2-rank3-q4-r16-K2,58389a3d07fa30f8584c1c9deb491b34af2e9475c08e53bf2d93f3e553d1b2ed,0.05,0.0005981042957025225,True,0.0004229236033480577,6.852387944267235e-05,1.0034077290355972,0.03493241545597932,0.035286815179884704,7232,7087,14319,425586185.71874994,3616148.937977191,False,425586185.71874994,165463651.96875003,216568610.43749997,169022370.9375,360854908.87500006,817475737.2187498,MISSING
development,B2-rank3-q4-r16-K4,d92e4db3997289d26ef352e06e4450c20efdb5c828acf7f9bc167d13fb96bf1e,0.05,0.0005981042232781219,True,0.00042292355213627286,6.852418446878783e-05,1.0034077365959655,0.0349324155071911,0.03528681487485859,7232,7087,14319,426200112.84375006,3231696.903371699,False,426200112.84375006,165643086.9375,216761916.93749997,169116339.375,361311327.00000006,819164484.2812499,MISSING
development,B2-rank3-q4-r32-K2,b21b40eaacf68ce89dc26ff215b980c60dad8d27487d551bbc4085e379373fa2,0.05,0.000598104232193892,True,0.0004229235584406743,6.852414632529946e-05,1.0017024559765242,0.0349324155008867,0.035286814913002076,7207,7063,14270,513881429.3749999,4592811.964408526,False,513881429.3749999,188471470.93749997,249372709.37500006,187359748.74999997,411285926.56249994,992283179.3750002,MISSING
development,B2-rank3-q4-r32-K4,4344e3cc40ba8373dd6d92dcee63b0fbe09cc79c4f74f6698c3ab2506f5b5fe6,0.05,0.0005981042232786321,True,0.0004229235521366337,6.852418446900987e-05,1.0017024569200106,0.03493241550719074,0.035286814874858366,7207,7063,14270,513442626.875,5657386.859266644,False,513442626.875,188438471.56250003,249267468.12500006,187347262.5,411298858.75,992105250.3125002,MISSING
development,B2-rank3-q8-r1-K2,a8a8f1e7a7a7117e8e7a0db4681611ef33caed0070494ee7642d733a4d8a6fc4,0.05,0.0001491337775372565,True,0.00010545350540056009,1.7063075213985535e-05,1.027533436136943,0.035249885553926816,0.03533827598411339,7448,7410,14858,688410606.5625001,395295.34533737815,False,688410606.5625001,294526883.8125,378350612.375,312187009.75,641854920.8124999,1312503252.6875,MISSING
development,B2-rank3-q8-r1-K4,89f6f91b5f2d748deda158aa3bae176f6943faa916a3ba36abfef49054343628,0.05,0.00014908890354765883,True,0.00010542177469821667,1.7217773947919568e-05,1.0275373871668176,0.03524991728462916,0.035338121285379456,7448,7410,14858,688650656.125,356298.21224266913,False,688650656.125,294525955.1875,378407258.49999994,312185616.8125,641841920.0625,1312945742.5,MISSING
development,B2-rank3-q8-r2-K2,f0d03002cc89c460507fbdc85f422f89530551efbc0355555d73336da55f25c1,0.05,0.00014909396504765248,True,0.00010542535371918516,1.7198348503000283e-05,1.0136941862182753,0.03524991370560819,0.035338140710824376,7248,7212,14460,684061479.375,895659.1220137036,False,684061479.375,289774333.125,373223445.0,306302565.0000001,631549537.5000001,1305461904.3749995,MISSING
development,B2-rank3-q8-r2-K4,c904cccb489d0c29a24e8301e097a0dee129239048c2afa55328d8e5be388542,0.05,0.00014908890733731248,True,0.00010542177737790648,1.7217761153931477e-05,1.013694674661216,0.03524991728194947,0.035338121298173444,7248,7212,14460,685724831.2500001,1043986.1166013661,False,685724831.2500001,290049073.125,373700624.99999994,306447616.87500006,632141945.625,1308717663.75,MISSING
development,B2-rank3-q8-r4-K2,e643f82e31b6fec2bf50d85a1377ebac85822e3c74a272d30015c31615af234d,0.05,0.00014908950509702552,True,0.00010542220005785308,1.7215329815911673e-05,1.0068264183894304,0.03524991685926952,0.035338123729511464,7150,7115,14265,699862743.28125,1952471.3652758284,False,699862743.28125,292050019.6875,377292310.3125,307047438.28124994,636588998.4375001,1337345087.34375,MISSING
development,B2-rank3-q8-r4-K4,458f6f6cc62a3291793c82518d7b8d99b6b4a7e470c248501d25b7f4122a900e,0.05,0.00014908890744294047,True,0.00010542177745259673,1.7217760750587452e-05,1.0068264790690369,0.03524991728187478,0.03533812129857679,7150,7115,14265,705334708.1249999,1841619.5187207519,False,705334708.1249999,293218412.34375006,378863243.4375,307658158.59375,639186565.7812499,1348152607.96875,MISSING
development,B2-rank3-q8-r8-K2,8243ce07aed765f0bfda156e2b336a03b289d98758c63ca5ae69fb6e7aa3a938,0.05,0.0001490889799913784,True,0.00010542182875208916,1.721745661387164e-05,1.0034077290355972,0.03524991723057529,0.035338121602713504,7102,7066,14168,738708451.2499998,3690242.9340733,False,738708451.2499998,301394978.5,391041227.49999994,314154590.75000006,657071106.9999999,1414146156.5000002,MISSING
development,B2-rank3-q8-r8-K4,1163c4136d3d573a3aa05c5471b91190fa3ed3ae43b3340113c1d426a0947559,0.05,0.0001490889074474545,True,0.00010542177745578862,1.721776073793091e-05,1.0034077365959655,0.03524991728187159,0.035338121298589445,7102,7066,14168,746696546.7500001,3399832.8499100413,False,746696546.7500001,302964084.50000006,393371863.5,315009983.74999994,660523228.7499999,1430078072.5,MISSING
development,B2-rank3-q8-r16-K2,58dea35b859b0db7caa7df00896671005c61138e847205ea8c22a6f199306a59,0.05,0.00014908891638006376,True,0.00010542178377209721,1.7217722708906535e-05,1.0017024559765242,0.03524991727555528,0.03533812133661847,7078,7042,14120,832778185.0000002,4258176.3369957805,False,832778185.0000002,325237432.49999994,425180557.5,332672053.75,709374238.75,1600125613.7499998,MISSING
development,B2-rank3-q8-r16-K4,ada9f8a66321054c0bf9691b433eab48ae4f533ef011ea646f2b10d8aa839416,0.05,0.00014908890744655168,True,0.00010542177745515025,1.72177607423718e-05,1.0017024569200106,0.035249917281872226,0.035338121298585004,7078,7042,14120,831348535.0,4676080.1947656805,False,831348535.0,325151388.75,424753427.5,332619103.75,709137287.5000001,1597490468.7500002,MISSING
development,B2-rank3-q8-r32-K2,2b5dab0ff9f2e50e8ca8641bc0074353f2e28f69d056c23d63fceb753782a158,0.05,0.00014908890855652853,True,0.00010542177824002241,1.7217755987730676e-05,1.0008508710686523,0.03524991728108735,0.035338121303339645,7066,7031,14097,1023552773.3437502,6589534.723584598,False,1023552773.3437502,373883717.71875,494993247.375,370919382.9375,816203965.125,1978298970.75,MISSING
development,B2-rank3-q8-r32-K4,7d88f7949f5aa180b73832ccdf24cb7eeb836abeb5f418ec84c5a6131fa5121a,0.05,0.00014908890744839653,True,0.00010542177745645476,1.721776073748682e-05,1.0008508711864748,0.03524991728187092,0.03533812129858989,7066,7031,14097,1028056764.84375,7354444.101703736,False,1028056764.84375,374442751.87500006,496264620.5625,371126432.62500006,817369170.2812499,1987132943.90625,MISSING
development,B2-rank6-q1-r1-K2,4982a594755ce015cf7dc05fa9ece58639a09e636a190bce5f0775e2b0e3dc21,0.05,0.010184643613898238,True,0.00720163056335571,0.0009729590468903204,1.000311976922504,0.028153708495971666,0.034382380012437055,11064,7419,18483,208017501.09374988,142628.83998726067,False,208017501.09374988,89801965.87500001,115190676.74999997,95655300.93750003,195570355.78125003,397795169.15625006,MISSING
development,B2-rank6-q1-r1-K4,d8916e60a140da7ae9c176f80b9904974260b85cc761480be9c008b8f6755bca,0.05,0.010184642796672493,True,0.0072016299854898436,0.0009729624914214252,1.000311980978175,0.028153709073837532,0.03438237656790595,11064,7419,18483,207983423.06249997,96239.06444472243,False,207983423.06249997,89803698.65625,115183745.62500003,95657611.31250001,195583640.43749997,397741452.9375001,MISSING
development,B2-rank6-q1-r2-K2,1248f643ae50f43b327a7f80b7cce6f3c6f7402fa28a3db0767cda48fca6be34,0.05,0.010184642894591584,True,0.007201630054729097,0.0009729620603297073,1.0001559980924404,0.02815370900459828,0.03438237699899767,11061,7416,18477,208864008.0,98877.15282428543,False,208864008.0,90019366.59374999,115582873.5,95901981.46875,196034618.53125006,399342246.18749994,MISSING
development,B2-rank6-q1-r2-K4,e0d82aecd1a68db4259272a946f1a3de48c9c9777a1843e02ee9634c2e44f727,0.05,0.010184642796680894,True,0.007201629985495783,0.0009729624913868973,1.0001559985994362,0.028153709073831593,0.03438237656794048,11061,7416,18477,208864008.0,82331.236987275,False,208864008.0,90004354.03124997,115571325.37499997,95885814.09375,196011522.28124994,399354949.125,MISSING
development,B2-rank6-q1-r4-K2,03ca38676ff43beb4da9086de144188865ce7d46a022f6e8515eac3076a96948,0.05,0.010184642808654889,True,0.007201629993962677,0.000972962437473246,1.000077998729413,0.0281537090653647,0.03438237662185413,11059,7415,18474,210293583.1875,306328.2570675043,False,210293583.1875,90517981.50000003,116259191.25000003,96392136.1875,197094487.5,401989621.5,MISSING
development,B2-rank6-q1-r4-K4,f909dd9997848d27541389957c88b7adce7501cabe080b3d063ad205882832b9,0.05,0.010184642796681326,True,0.007201629985496089,0.000972962491385454,1.0000779987927857,0.028153709073831287,0.03438237656794192,11059,7415,18474,210495642.5625,411886.90539919387,False,210495642.5625,90556661.4375,116318077.12500003,96409455.56249997,197170115.43750003,402390276.37499994,MISSING
development,B2-rank6-q1-r8-K2,a43d281e2598db131cabc67c2aee50467a7fcd6edcca4518a58cdac4d131a627,0.05,0.010184642798161569,True,0.007201629986542779,0.000972962484645179,1.0000389989448781,0.028153709072784597,0.0343823765746822,11058,7415,18473,212152013.9375,473238.48136642255,False,212152013.9375,91421722.43749999,117397069.5625,97383305.90624999,199022329.18750003,405515255.03125006,MISSING
development,B2-rank6-q1-r8-K4,9dd3c6bce30ced31980a597b9120a6605cbe0472ecd67ddef5fb8b650ba3547d,0.05,0.010184642796681168,True,0.0072016299854959775,0.000972962491385787,1.0000389989527991,0.0281537090738314,0.03438237656794159,11058,7415,18473,212150282.09375,384191.99389743904,False,212150282.09375,91383044.59375003,117378596.5625,97360791.93749999,198954210.00000003,405497359.31249994,MISSING
development,B2-rank6-q1-r16-K2,d9a62c7bb664ce1eb8dd36302f1ac26080d6a804a48d81c12e788678499e1aed,0.05,0.010184642796865576,True,0.007201629985626373,0.0009729624905422396,1.0000194993249019,0.028153709073701003,0.034382376568785136,11058,7414,18472,216165116.5,722121.2106610445,False,216165116.5,93285331.74999999,119695096.5,99326253.0,203003239.25,413054123.75000006,MISSING
development,B2-rank6-q1-r16-K4,76ea1c35be9c40a23d7b5e317385499ec237ac3bf101fd328a13a7a62120c4c7,0.05,0.010184642796681404,True,0.007201629985496144,0.0009729624913844548,1.000019499325893,0.028153709073831232,0.03438237656794292,11058,7414,18472,217287290.50000003,1095388.3117611285,False,217287290.50000003,93555484.74999999,120034519.5,99465947.50000001,203562017.24999997,415162240.75000006,MISSING
development,B2-rank6-q1-r32-K2,454877b51803a98987c05a65abdd8515863fc5943e5ca695275e3231ad3e7983,0.05,0.010184642796703777,True,0.007201629985511965,0.000972962491281204,1.000009749620246,0.02815370907381541,0.03438237656804617,11058,7414,18472,222984747.99999997,923875.5492185465,False,222984747.99999997,96872940.49999999,124016390.0,103174201.49999999,210639102.25,425923335.25,MISSING
development,B2-rank6-q1-r32-K4,0ce9cef4ee4a3a27bd5e6c4cfe088a470321f9ebaff976b9c561884e98f405a5,0.05,0.010184642796681208,True,0.007201629985496005,0.0009729624913861201,1.0000097496203668,0.02815370907383137,0.034382376567941256,11058,7414,18472,226538876.25,1323856.6109913178,False,226538876.25,97592771.25,125083147.99999997,103574235.75000001,212169391.99999994,432546124.49999994,MISSING
development,B2-rank6-q2-r1-K2,1f181876c150c7bae32c4eace35ae31ab6dad4ba5d329a0171975eaca0cf4ce5,0.05,0.002425623174156778,True,0.0017151745950494957,0.0002689149163550564,1.0001559980924404,0.03364016446427788,0.03508642414297232,7747,7122,14869,330350613.53125,150454.01246433047,False,330350613.53125,143554619.125,183998299.125,153347714.25,312691352.75,632105816.78125,MISSING
development,B2-rank6-q2-r1-K4,1ded7d34bc1818a5b6d5e3553bfe7f5f056f86539650bfe58cdc0ed0ad379ca9,0.05,0.002425623072823325,True,0.0017151745233959237,0.0002689153419787038,1.0001559985994362,0.03364016453593145,0.03508642371734867,7747,7122,14869,330251177.09375,118826.84115142049,False,330251177.09375,143550901.87499997,183987147.375,153346784.9375,312688564.81250006,631883711.09375,MISSING
development,B2-rank6-q2-r2-K2,1356043563d33720e953579d1d84d52976b8ff4f57adb3c38683dbc098907c74,0.05,0.0024256230852275264,True,0.0017151745321670187,0.00026891528874439796,1.000077998729413,0.03364016452716036,0.03508642377058298,7746,7121,14867,331679053.25,184552.57755543498,False,331679053.25,143879109.25,184597034.6875,153698762.75,313383351.375,634541214.5624999,MISSING
development,B2-rank6-q2-r2-K4,d03676f212e5f3998a2d367c39ba1470928420db37c0c6a346c48c9788e85177,0.05,0.002425623072823521,True,0.0017151745233960625,0.00026891534197737155,1.0000779987927857,0.03364016453593131,0.035086423717350004,7746,7121,14867,331541533.5,91801.8076282077,False,331541533.5,143864706.84375003,184564513.12500006,153702479.50000003,313354546.5625,634251772.65625,MISSING
development,B2-rank6-q2-r4-K2,f001e8b94db94701b9f67815f2a902acd52ac6c2c51f8a39b5f7cf24c4d2f6e3,0.05,0.0024256230743576975,True,0.0017151745244808891,0.0002689153353209184,1.0000389989448781,0.03364016453484649,0.03508642372400646,7746,7120,14866,333136839.625,109851.29546266675,False,333136839.625,144530503.93749997,185465428.62499997,154435440.99999997,314761069.9375,637203680.8125,MISSING
development,B2-rank6-q2-r4-K4,caad486e79c9bac0e56b96b582f24e7ea86784b1d9dad3f46d5e21a3e0feb7be,0.05,0.0024256230728237566,True,0.001715174523396229,0.0002689153419770385,1.0000389989527991,0.03364016453593115,0.03508642371735034,7746,7120,14866,333952611.375,417658.7983987632,False,333952611.375,144769753.625,185727441.8750001,154575738.875,315271624.125,638752996.75,MISSING
development,B2-rank6-q2-r8-K2,5c4171e81f2227f7d72310ef5885733a1466fac57dce14e213cdc21c8a8acc54,0.05,0.0024256230730149153,True,0.0017151745235313987,0.00026891534114559246,1.0000194993249019,0.03364016453579598,0.03508642371818178,7745,7120,14865,336662055.4687499,441868.6655551214,False,336662055.4687499,146170796.71875,187461585.93750003,156121520.625,318228526.40624994,643791536.71875,MISSING
development,B2-rank6-q2-r8-K4,87975c107b1a6c1bb8ade028214092f3e785194bde41c4b8686fd37236928e3a,0.05,0.002425623072824463,True,0.0017151745233967286,0.0002689153419770385,1.000019499325893,0.03364016453593065,0.03508642371735034,7745,7120,14865,336971897.8124999,616480.1066444102,False,336971897.8124999,146144318.4375,187498748.43749997,156082500.00000003,318214590.46875,644425157.34375,MISSING
development,B2-rank6-q2-r16-K2,dc81fc6ca334b9050e88cb9492808ded22af54b28e152b3f0104203350f25dde,0.05,0.00242562307284668,True,0.0017151745234124383,0.00026891534187434285,1.000009749620246,0.03364016453591494,0.03508642371745303,7745,7120,14865,343489735.78124994,875705.7315483831,False,343489735.78124994,149250174.375,191298614.0625,159324463.59375003,324807682.5,656643722.8125,MISSING
development,B2-rank6-q2-r16-K4,1735ee7fd8f28aede0340a5a3897d22eab93a1e35108d5ad1de28515f05f8837,0.05,0.0024256230728230107,True,0.0017151745233957016,0.00026891534197848177,1.0000097496203668,0.033640164535931674,0.035086423717348894,7745,7120,14865,343435385.62500006,797918.5061243178,False,343435385.62500006,149259465.0,191286536.25000003,159322605.46874997,324836018.9062499,656550816.5625001,MISSING
development,B2-rank6-q2-r32-K2,d6554cc93e8dcbf5127d2e36079b2e60ff7f99c66333f1a35a60d29e2c3cb764,0.05,0.00242562307282831,True,0.0017151745233994486,0.000268915341959719,1.0000048747989048,0.03364016453592793,0.03508642371736766,7745,7120,14865,355688790.9375,1247261.687538943,False,355688790.9375,155223581.71874997,198648427.49999994,165699690.46875003,337585543.59375,679618509.375,MISSING
development,B2-rank6-q2-r32-K4,abaae2cba4ce9374ddf005b2f382a1060e424b4e1f82984496886ec436aa85f9,0.05,0.002425623072824149,True,0.0017151745233965066,0.0002689153419722645,1.000004874798919,0.03364016453593087,0.03508642371735511,7745,7120,14865,357395014.21875006,1674621.1398218286,False,357395014.21875006,155724810.9375,199181709.375,165963079.68749994,338589395.625,682781038.125,MISSING
development,B2-rank6-q4-r1-K2,b074f06c9de6b62333660538b40186ed6be7d5da51716ac97e0db51d2aa02fe3,0.05,0.000599287256554175,True,0.0004237600829881394,6.865903717834243e-05,1.000077998729413,0.034931578976339236,0.03528668002214903,7184,7040,14224,627220170.5,170119.9101212711,False,627220170.5,273708875.99999994,350552258.0,292791260.99999994,596237631.5000001,1200433146.5,MISSING
development,B2-rank6-q4-r1-K4,a53e7172c52b2f55000edf4e85973aea57195bdff363a785c2b6c8a0fb53e766,0.05,0.0005992872440447774,True,0.0004237600741426595,6.865909023756611e-05,1.0000779987927857,0.034931578985184716,0.03528667996908981,7184,7040,14224,627436641.9999998,196750.44700133672,False,627436641.9999998,273711987.50000006,350619821.99999994,292799262.0,596230964.0,1200839863.9999998,MISSING
development,B2-rank6-q4-r2-K2,1d58488d677e17777853175aa1c66c47f88cc47cd8d218fe21fde300ecd9d0cc,0.05,0.0005992872455910045,True,0.0004237600752360071,6.865908360265127e-05,1.0000389989448781,0.03493157898409137,0.035286679975724725,7183,7040,14223,630234019.5937498,145738.68589158807,False,630234019.5937498,274402116.65625006,351842351.4375001,293535607.40624994,597706907.5312499,1206011283.4687502,MISSING
development,B2-rank6-q4-r2-K4,20b11fae9be7109e97b53be41cc58aad912a4f9ecd1ae30435905c63fc6e5d93,0.05,0.0005992872440446596,True,0.0004237600741425762,6.865909023734407e-05,1.0000389989527991,0.0349315789851848,0.03528667996909003,7183,7040,14223,630148681.59375,157323.0421908411,False,630148681.59375,274371448.31249994,351805016.0625,293507605.87500006,597643348.5,1205820606.375,MISSING
development,B2-rank6-q4-r4-K2,42361a3deedfb54efcacccec0946bdd0e888c4f8009b27d4df078a313288bf27,0.05,0.0005992872442357792,True,0.0004237600742777181,6.865908940578702e-05,1.0000194993249019,0.03493157898504966,0.03528667996992159,7183,7039,14222,634022982.125,355241.87847096537,False,634022982.125,275844134.3125,353814027.12500006,295076722.6875,600797723.4999999,1213067712.1875,MISSING
development,B2-rank6-q4-r4-K4,adee9d7a84a1e663c11c0b21eee2a877b2356b908c74e750b9845ab5ebb2a9d2,0.05,0.000599287244045955,True,0.00042376007414349215,6.865909023612282e-05,1.000019499325893,0.034931578985183884,0.03528667996909125,7183,7039,14222,634256756.2499998,480781.0076710597,False,634256756.2499998,275887689.18750006,353893137.00000006,295094944.62500006,600890166.5,1213449484.0,MISSING
development,B2-rank6-q4-r8-K2,a2c37c26fc5f4a21a4bb9674583bc56f73132c1d5dfb262463ec19e181df38bb,0.05,0.0005992872440705662,True,0.0004237600741608949,6.865909013342719e-05,1.000009749620246,0.03493157898516648,0.03528667996919395,7183,7039,14222,640063776.6249999,807671.8746002474,False,640063776.6249999,278692534.24999994,357375749.25,298115341.875,606869184.1874999,1224356869.1250005,MISSING
development,B2-rank6-q4-r8-K4,0fd820307c65baac590d8af8dae0ea1d47507380ab8c0a53c0cbb24caedf3020,0.05,0.0005992872440453662,True,0.0004237600741430758,6.8659090237011e-05,1.0000097496203668,0.0349315789851843,0.035286679969090365,7183,7039,14222,641716639.6874999,1015232.051379142,False,641716639.6874999,279028973.4375,357815742.375,298253561.93749994,607574506.5,1227477264.8125002,MISSING
development,B2-rank6-q4-r16-K2,7d1a5e9859531c532ba4dc06e9e100fdb47fa35540ad1b0fad14966a094463d0,0.05,0.0005992872440488204,True,0.0004237600741455183,6.865909021880334e-05,1.0000048747989048,0.03493157898518186,0.03528667996910857,7183,7039,14222,652688912.6875001,1298942.4440184073,False,652688912.6875001,284683551.7500001,364669857.49999994,304329022.5625,619623651.5625001,1248104942.5,MISSING
development,B2-rank6-q4-r16-K4,6bda16d8c99d6d60249b9741acc5f6baf82ae5a9484562398293c88e6fe86176,0.05,0.000599287244046897,True,0.0004237600741441583,6.865909023023864e-05,1.000004874798919,0.03493157898518322,0.03528667996909714,7183,7039,14222,649600072.0625001,748332.3481000856,False,649600072.0625001,283998229.125,363727650.0,303940584.1875,618147674.6249999,1242165924.1875,MISSING
development,B2-rank6-q4-r32-K2,a03014aa67c345b474fa067e0caf5c4269989859da6a86507164b363086dcfca,0.05,0.0005992872440450914,True,0.0004237600741428815,6.865909023767713e-05,1.0000024373965657,0.034931578985184494,0.0352866799690897,7183,7039,14222,673934358.5000001,1481768.1876048325,False,673934358.5000001,295823377.6875,378147869.1249999,316347945.87499994,643313059.1875001,1287841210.5,MISSING
development,B2-rank6-q4-r32-K4,2dfe69ffa6dcdb300b6803666fec70973e749380595b152f39ff0c8a19413789,0.05,0.0005992872440450914,True,0.0004237600741428815,6.865909023767713e-05,1.0000024373965657,0.034931578985184494,0.0352866799690897,7183,7039,14222,676354320.6874999,1555559.773614347,False,676354320.6874999,296280259.43749994,378815414.25000006,316554609.3125,644284599.5625,1292505137.625,MISSING
development,B2-rank6-q8-r1-K2,10ba41c319067ed3b5c78b86e2b0f1cdea3ff6207fa8940511de2a6aa100f4bc,0.05,0.00014938295885825223,True,0.00010562970320238119,1.7251673954166158e-05,1.0000389989448781,0.035249709356124995,0.03533808738537321,7054,7019,14073,1236758108.6250002,285972.547281516,False,1236758108.6250002,540653435.53125,692303643.75,578789066.6249999,1177780804.3124998,2367350384.8125005,MISSING
development,B2-rank6-q8-r1-K4,b086253a9c225d6d85c2e3664eb3a7782ff87fe41f088d8f313701181c81affd,0.05,0.0001493829573058233,True,0.00010562970210464817,1.7251680582197615e-05,1.0000389989527991,0.03524970935722273,0.03533808737874518,7054,7019,14073,1237048364.25,202595.4709494908,False,1237048364.25,540702251.2500001,692437337.2500001,578842719.9374999,1177915377.3749998,2367941450.8125,MISSING
development,B2-rank6-q8-r2-K2,6aceea2aa4c3afa8f6beeb6bfc151cc5ab465130549f38044715e9c4e053f7c8,0.05,0.00014938295750184936,True,0.00010562970224325952,1.725167975363817e-05,1.0000194993249019,0.035249709357084116,0.03533808737957374,7054,7019,14073,1242337613.3437498,214814.42656376827,False,1242337613.3437498,542007082.21875,694747947.9375,580253098.40625,1180703590.5000002,2377689641.9999995,MISSING
development,B2-rank6-q8-r2-K4,a9fa20b579829f161d1dd0a7d608b836b116cb48747264c454654fcd80125091,0.05,0.00014938295730711865,True,0.0001056297021055641,1.725168058241966e-05,1.000019499325893,0.03524970935722181,0.035338087378744956,7054,7019,14073,1242331456.4062505,209979.4620452203,False,1242331456.4062505,542018956.3125,694773455.25,580289160.4687501,1180719422.6249998,2377641705.8437495,MISSING
development,B2-rank6-q8-r4-K2,e33dc8c98c0ec5d814de213fad448beb39327b2fa0d9ab3cb11e1c97842d52ec,0.05,0.00014938295733149434,True,0.00010562970212280032,1.725168047583825e-05,1.000009749620246,0.035249709357204576,0.03533808737885154,7054,7019,14073,1249753644.5625,585760.7412763877,False,1249753644.5625,544880612.9062499,698660241.9375001,583315735.03125,1186806874.6875,2391508888.2187495,MISSING
development,B2-rank6-q8-r4-K4,521508d82e8b1711110e0efa3bb5d8888d5a4f06e52a8ce7c4a0f93b2c6889d8,0.05,0.0001493829573072364,True,0.00010562970210564737,1.7251680582197615e-05,1.0000097496203668,0.03524970935722173,0.03533808737874518,7054,7019,14073,1250598024.5625,609416.4303777994,False,1250598024.5625,545098304.6250001,698911796.8124998,583426559.9062501,1187276561.0625,2393046803.25,MISSING
development,B2-rank6-q8-r8-K2,320658683d49757b27e02857d72c812104b84a10d2e28161114e0e3882eba643,0.05,0.0001493829573119467,True,0.00010562970210897804,1.7251680562990757e-05,1.0000048747989048,0.0352497093572184,0.035338087378764385,7054,7019,14073,1263058346.7187502,1316877.456893116,False,1263058346.7187502,550690563.0000002,706023939.1875,589376800.21875,1199207826.3749998,2416385114.6249995,MISSING
development,B2-rank6-q8-r8-K4,eaa1c049e9af23fd93bda470d29e0e1bba5c574a55c59aa17dd8e85ef2f3cf55,0.05,0.00014938295730794295,True,0.00010562970210614697,1.7251680578200812e-05,1.000004874798919,0.03524970935722123,0.035338087378749175,7054,7019,14073,1261246008.1875002,934317.9909032194,False,1261246008.1875002,550318068.28125,705507635.9999998,589179778.21875,1198401267.5625,2413022107.4062495,MISSING
development,B2-rank6-q8-r16-K2,46485c79c46c15175af5a5a1e8d49826f60359668bd8282cfea164c4d3d74710,0.05,0.00014938295730696163,True,0.00010562970210545308,1.725168058719362e-05,1.0000024373965657,0.03524970935722192,0.03533808737874018,7054,7019,14073,1287629364.9375002,1630271.5219459615,False,1287629364.9375002,562415570.90625,720302756.8125001,601584687.9375001,1224146501.7187505,2462531800.96875,MISSING
development,B2-rank6-q8-r16-K4,0548a5163294a93cee044683d08a1f82b524398dbf8cb65e87d6286fbce93a76,0.05,0.00014938295730696163,True,0.00010562970210545308,1.725168058719362e-05,1.0000024373965657,0.03524970935722192,0.03533808737874018,7054,7019,14073,1285727311.0312502,1317454.986948022,False,1285727311.0312502,562161817.1249998,719946534.0,601605357.6562499,1223597214.9375,2458935269.9062505,MISSING
development,B2-rank6-q8-r32-K2,04fd01953da32388ffe89213935b02c8e125b7c4ab80f6528f3cc8f10c7bb2a8,0.05,0.00014938295731186816,True,0.00010562970210892253,1.725168056898596e-05,1.0000012186976057,0.03524970935721845,0.03533808737875839,7054,7019,14073,1330063417.96875,2364244.5977288038,False,1330063417.96875,584808792.375,747297409.4999999,625677663.9375,1271802957.09375,2542188939.000001,MISSING
development,B2-rank6-q8-r32-K4,2072b954a9b8750bd6b8b860ac8d845a97acef1ca15b30d23b220eba55476d3a,0.05,0.00014938295731186816,True,0.00010562970210892253,1.725168056898596e-05,1.0000012186976057,0.03524970935721845,0.03533808737875839,7054,7019,14073,1332517837.1249998,2464631.0894356845,False,1332517837.1249998,585244175.8124999,747946526.6250001,625884800.9062501,1272731335.3125002,2546744632.96875,MISSING
development,B2-rank9-q1-r1-K2,838ab2f8f1b8fa899137c853284a9f60f280467a6827ffc0f5f9d3da7f0dfb5d,0.05,0.010184642692196225,True,0.007201629911613966,0.0009729624794153624,1.0000000000000155,0.02815370914771341,0.03438237657991201,11057,7414,18471,298709548.68749994,125888.33973349446,False,298709548.68749994,132860748.5625,168961163.62499997,142569567.9375,289173894.9375,570447974.0625001,MISSING
development,B2-rank9-q1-r1-K4,ce3e8486d7c9c600157fe3e31080da43d78599ff75f562b09f4c8a4902938259,0.05,0.010184642692196225,True,0.007201629911613966,0.0009729624794153624,1.0000000000000155,0.02815370914771341,0.03438237657991201,11057,7414,18471,299113601.8125,134671.37586750666,False,299113601.8125,132869984.06249997,169060445.25000006,142583421.18750003,289233925.68749994,571211057.25,MISSING
development,B2-rank9-q1-r2-K2,d126eb1b40503ed38a63098cbc47c230436e0a86cd1e56cba4a72957ca3c5c6e,0.05,0.01018464269219642,True,0.007201629911614105,0.0009729624794153624,1.000000000000008,0.02815370914771327,0.03438237657991201,11057,7414,18471,299599042.78125006,103027.56171412351,False,299599042.78125006,133095676.59375,169365216.74999997,142827007.5,289682424.65625,572138647.78125,MISSING
development,B2-rank9-q1-r2-K4,db758e4ddf1bb9298002d1cd6745073f43da1a33aa0afcb5c00ff988891adbd8,0.05,0.01018464269219642,True,0.007201629911614105,0.0009729624794153624,1.000000000000008,0.02815370914771327,0.03438237657991201,11057,7414,18471,299592693.375,127334.32288847826,False,299592693.375,133089327.18750003,169360598.99999994,142825853.0625,289672611.93750006,572119599.5625,MISSING
development,B2-rank9-q1-r4-K2,12eb2560e8c9c80d29f0d21a80113e79c5ce3638403617b5084a605a5b20e71a,0.05,0.010184642692195872,True,0.007201629911613716,0.0009729624794166947,1.0000000000000036,0.02815370914771366,0.03438237657991068,11057,7414,18471,300777723.46875006,6247.017283915022,False,300777723.46875006,133546484.43749997,170007084.0,143333228.34374997,290646957.18749994,574355744.9999999,MISSING
development,B2-rank9-q1-r4-K4,6f616ccf400452573d1fe754f747cd1e9d940214c2abe1d14e1c521d94f1ff37,0.05,0.010184642692195872,True,0.007201629911613716,0.0009729624794166947,1.0000000000000036,0.02815370914771366,0.03438237657991068,11057,7414,18471,300751748.625,39599.81730111585,False,300751748.625,133540712.25,169997848.5,143330919.46874997,290632526.71875006,574311299.1562499,MISSING
development,B2-rank9-q1-r8-K2,5c2bd2a43249bab045b8148a97116e7bec121b49e5156aeec97abb0d594aa34f,0.05,0.010184642692195872,True,0.007201629911613716,0.0009729624794166947,1.0000000000000036,0.02815370914771366,0.03438237657991068,11057,7414,18471,302160739.59374994,9586.675701606944,False,302160739.59374994,134433092.4375,171041460.0,144327199.03125,292510796.53124994,576965350.96875,MISSING
development,B2-rank9-q1-r8-K4,88fa19f21f5fd6540f76bf36e08b2194e3b23777c908061aacac3a294f975d45,0.05,0.010184642692195872,True,0.007201629911613716,0.0009729624794166947,1.0000000000000036,0.02815370914771366,0.03438237657991068,11057,7414,18471,302173438.40625006,6819.507803439196,False,302173438.40625006,134449254.56249997,171041460.0,144313923.00000003,292517145.93749994,576988439.71875,MISSING
development,B2-rank9-q1-r16-K2,b2bcf4a11a0c4a580bc5d23ee09257b041105e712d4489fbcc2a7c9dcbb2df12,0.05,0.010184642692195872,True,0.007201629911613716,0.0009729624794166947,1.0,0.02815370914771366,0.03438237657991068,11057,7414,18471,304926771.84375,10084.955892368938,False,304926771.84375,136231128.84375,173110212.0,146315140.40625003,296282921.0625,582160319.71875,MISSING
development,B2-rank9-q1-r16-K4,0360617a53633f2510d1d4e0616b64460c8017ace85a4cf7df6a321d1ce37992,0.05,0.010184642692195872,True,0.007201629911613716,0.0009729624794166947,1.0,0.02815370914771366,0.03438237657991068,11057,7414,18471,304929080.71875,14292.768859808375,False,304929080.71875,136239209.90624997,173110212.0,146305327.6875,296274840.0,582163205.8124999,MISSING
development,B2-rank9-q1-r32-K2,7d51e7e28f78cc5cac73051384d7627067962afc0e04733d1f9560fb76259e42,0.05,0.010184642692195872,True,0.007201629911613716,0.0009729624794166947,1.0,0.02815370914771366,0.03438237657991068,11057,7414,18471,310456527.46875,17898.58575587614,False,310456527.46875,139853753.71875,177247716.0,150315843.56250003,303879697.0312499,592556606.6249999,MISSING
development,B2-rank9-q1-r32-K4,3f58c9f59b129ad5041d557b112d25b17b5a751520c86027abdec294a05794c2,0.05,0.010184642692195872,True,0.007201629911613716,0.0009729624794166947,1.0,0.02815370914771366,0.03438237657991068,11057,7414,18471,310442096.99999994,15560.405192087239,False,310442096.99999994,139819120.59375,177247716.0,150305453.625,303809276.34374994,592537558.4062501,MISSING
development,B2-rank9-q2-r1-K2,8b17853946975ed52cf4c981cb3cc29a981436ecf3ba1f2a393e848552338580,0.05,0.0024256230462393435,True,0.0017151745045982103,0.0002689153389336951,1.000000000000008,0.033640164554729166,0.03508642372039368,7745,7120,14865,476722872.65625006,144115.50879345916,False,476722872.65625006,212894671.87500006,270669352.5000001,228893128.125,463459111.8749999,910740922.96875,MISSING
development,B2-rank9-q2-r1-K4,87c8a6538609b7bf78b083bad67b5f6e4572ed001e5395f8deeb2a68a082c818,0.05,0.0024256230462393435,True,0.0017151745045982103,0.0002689153389336951,1.000000000000008,0.033640164554729166,0.03508642372039368,7745,7120,14865,476775364.68750006,151211.97104893817,False,476775364.68750006,212893742.8125,270678643.12499994,228895915.3125,463469331.5625,910835222.8125,MISSING
development,B2-rank9-q2-r2-K2,c6b6e1622d990b66bd9ffa36353ad422a7eaa149186484001b5ff0d258b88bcc,0.05,0.0024256230462381266,True,0.0017151745045973499,0.0002689153389335841,1.0000000000000036,0.033640164554730026,0.03508642372039379,7745,7120,14865,477816379.21875006,128783.52108041786,False,477816379.21875006,213262116.09375003,271224931.87500006,229296341.25,464224194.84374994,912809016.0937501,MISSING
development,B2-rank9-q2-r2-K4,d209869a9ef2a48337c70f37f75b012576caa433500c41d048b315d67b0ae241,0.05,0.0024256230462381266,True,0.0017151745045973499,0.0002689153389335841,1.0000000000000036,0.033640164554730026,0.03508642372039379,7745,7120,14865,477779216.71875,118893.27591412055,False,477779216.71875,213246786.56250006,271217499.37500006,229284263.4375,464182851.56250006,912745375.3124999,MISSING
development,B2-rank9-q2-r4-K2,91eada46941a69e34c2c216123e73683d25a6af4d03d6759f21787869f34906a,0.05,0.0024256230462381266,True,0.0017151745045973499,0.0002689153389335841,1.0000000000000036,0.033640164554730026,0.03508642372039379,7745,7120,14865,479425515.46875006,50614.65595703641,False,479425515.46875006,213975636.09375,272185582.4999999,230094870.46875,465729740.62499994,915847979.5312501,MISSING
development,B2-rank9-q2-r4-K4,e65cdad1c7bc4b357f5e775b4d41fad00b6a30a35596ca5bd6cc3bc145cd25e6,0.05,0.0024256230462381266,True,0.0017151745045973499,0.0002689153389335841,1.0000000000000036,0.033640164554730026,0.03508642372039379,7745,7120,14865,479432483.43749994,47539.41477849437,False,479432483.43749994,213968203.59374997,272185582.49999994,230089760.625,465708372.1875,915862380.0,MISSING
development,B2-rank9-q2-r8-K2,9a6fcf15d704dbb8e5254b4a087963f23e5d63154ed11e66a8f7b811f7647ee8,0.05,0.0024256230462381266,True,0.0017151745045973499,0.0002689153389335841,1.0,0.033640164554730026,0.03508642372039379,7745,7120,14865,481765823.90624994,11519.39610744244,False,481765823.90624994,215438909.53124997,273872760.0,231717478.12500003,468820267.03125,920238264.3749999,MISSING
development,B2-rank9-q2-r8-K4,8d5804c62f37fff23f5d770aaf526f2257aaaec290bb60005c61700a35349789,0.05,0.0024256230462381266,True,0.0017151745045973499,0.0002689153389335841,1.0,0.033640164554730026,0.03508642372039379,7745,7120,14865,481716583.59375,27368.71141058574,False,481716583.59375,215415682.96874997,273865327.5,231690535.31250003,468735257.81250006,920156506.8749999,MISSING
development,B2-rank9-q2-r16-K2,76120a039be5c0ef133f62c4c00ae3bcacb45f35c6962803e8ead5593b48ddfe,0.05,0.0024256230462381266,True,0.0017151745045973499,0.0002689153389335841,1.0,0.033640164554730026,0.03508642372039379,7745,7120,14865,486178870.78124994,14272.285082539764,False,486178870.78124994,218323184.06250003,277202520.0,234926924.53125,474869392.96875,928549192.96875,MISSING
development,B2-rank9-q2-r16-K4,bf0f920bd28e547b297c0eeaa17d894676a04238308dcdb278de3433cc52f8ef,0.05,0.0024256230462381266,True,0.0017151745045973499,0.0002689153389335841,1.0,0.033640164554730026,0.03508642372039379,7745,7120,14865,486184909.68750006,12898.316775924359,False,486184909.68750006,218314357.96874997,277202520.0,234909736.875,474835946.71875006,928565916.09375,MISSING
development,B2-rank9-q2-r32-K2,7ab2b562151371e73e5083036b36b8cfa984caaf92464eecc3d6249c14a35e7b,0.05,0.0024256230462381266,True,0.0017151745045973499,0.0002689153389335841,1.0,0.033640164554730026,0.03508642372039379,7745,7120,14865,495015648.75,21243.63338805793,False,495015648.75,224078726.25000003,283850891.24999994,241340242.96875,486998303.90625,945182198.9062499,MISSING
development,B2-rank9-q2-r32-K4,5dcbd33f279fa88617301114d22fa0d8fd626cc85645a902a634e8ae5afcbe36,0.05,0.0024256230462381266,True,0.0017151745045973499,0.0002689153389335841,1.0,0.033640164554730026,0.03508642372039379,7745,7120,14865,495040268.90625,24404.332771061876,False,495040268.90625,224099165.625,283856465.625,241318874.53124997,486973683.74999994,945224006.71875,MISSING
development,B2-rank9-q4-r1-K2,3276bc2d6835f558e94f5062a78717aa12bb7c658550fe367a0cbf1ecf8f1ae2,0.05,0.0005992872373829143,True,0.00042376006943201094,6.865908947151222e-05,1.0000000000000036,0.034931578989895365,0.035286679969855864,7183,7039,14222,907406265.9999999,213257.3483815785,False,907406265.9999999,406436316.00000006,516447041.5,437406498.7500002,884819952.25,1733855574.7499995,MISSING
development,B2-rank9-q4-r1-K4,7e9dba91042dcc748c473162c58cb42da4ae30d1b10a5fe9740185eebcdd77bc,0.05,0.0005992872373829143,True,0.00042376006943201094,6.865908947151222e-05,1.0000000000000036,0.034931578989895365,0.035286679969855864,7183,7039,14222,907435598.8750001,231753.23789144534,False,907435598.8750001,406438093.74999994,516438152.75,437413609.74999994,884844840.7500001,1733893796.3749998,MISSING
development,B2-rank9-q4-r2-K2,dafe1fc3d9cabbcf37c5209ff808b1d18d7caff908bb6fd42cd24d29e03f55b4,0.05,0.0005992872373829143,True,0.00042376006943201094,6.865908947151222e-05,1.0000000000000036,0.034931578989895365,0.035286679969855864,7183,7039,14222,909889338.3125,172639.22833932517,False,909889338.3125,407128305.18750006,517618578.75,438175375.62500006,886280818.3125,1738557279.0625,MISSING
development,B2-rank9-q4-r2-K4,0dd5e9256d7a6fd9db7bc2486c672e3ca5f32e0b0e6d4d421d0644d05d18321f,0.05,0.0005992872373829143,True,0.00042376006943201094,6.865908947151222e-05,1.0000000000000036,0.034931578989895365,0.035286679969855864,7183,7039,14222,909849338.9375001,193337.56310560237,False,909849338.9375001,407129194.0625,517604356.7500001,438182931.06249994,886299040.25,1738474169.2500005,MISSING
development,B2-rank9-q4-r4-K2,d4521b96b99f11a9fe8f4634aab9a868a1d711a3b51650039fc62eda27f0366c,0.05,0.0005992872373829143,True,0.00042376006943201094,6.865908947151222e-05,1.0,0.034931578989895365,0.035286679969855864,7183,7039,14222,912969290.1875,61530.431420306384,False,912969290.1875,408524727.81249994,519458549.99999976,439716684.875,889222105.6875,1744384743.5625,MISSING
development,B2-rank9-q4-r4-K4,34e6daf1cb314e655e990b32fb3212f6757d0b360aca598559f347e88dfeb98e,0.05,0.0005992872373829143,True,0.00042376006943201094,6.865908947151222e-05,1.0,0.034931578989895365,0.035286679969855864,7183,7039,14222,912871513.9375,74269.12208028641,False,912871513.9375,408511839.125,519437217.0,439707351.6875,889174995.3125,1744198079.8125005,MISSING
development,B2-rank9-q4-r8-K2,daf8f64a01a6bef1467d66403425195bb0f6350166e6030c29d2bb9bfdbd3795,0.05,0.0005992872373829143,True,0.00042376006943201094,6.865908947151222e-05,1.0,0.034931578989895365,0.035286679969855864,7183,7039,14222,917397665.4374999,10035.859570782703,False,917397665.4374999,411274907.0625,522686944.0,442789525.75,895005570.875,1752706835.7500002,MISSING
development,B2-rank9-q4-r8-K4,cdca33ea00530ae5e2944d7720f317af54634eb24cbcbf595b80bd90a10e55a4,0.05,0.0005992872373829143,True,0.00042376006943201094,6.865908947151222e-05,1.0,0.034931578989895365,0.035286679969855864,7183,7039,14222,917327444.3124998,46251.74879667667,False,917327444.3124998,411284240.25,522672722.0,442782859.1875,894994459.9375001,1752576171.125,MISSING
development,B2-rank9-q4-r16-K2,4f548d39532e640d0dc5bb2385e0f30191e18a957429b3be087fb6e6f584a941,0.05,0.0005992872373829143,True,0.00042376006943201094,6.865908947151222e-05,1.0,0.034931578989895365,0.035286679969855864,7183,7039,14222,925902865.8749999,17753.828696099998,False,925902865.8749999,416818820.43749994,529058400.0,448949873.93749994,906674721.875,1768703030.25,MISSING
development,B2-rank9-q4-r16-K4,8f671e3db6ee05e1becf6b2ce0315908fa37d553fe3d98e9497f7e0f65d368f6,0.05,0.0005992872373829143,True,0.00042376006943201094,6.865908947151222e-05,1.0,0.034931578989895365,0.035286679969855864,7183,7039,14222,925919310.0624999,16271.237687742227,False,925919310.0624999,416840597.87500006,529058400.0,448941429.62500006,906702721.4374999,1768719918.875,MISSING
development,B2-rank9-q4-r32-K2,f8becb5621f43ad78652b06f507a0c56a7c8ebaa9b6c8cd700211e9fef7204e1,0.05,0.0005992872373829143,True,0.00042376006943201094,6.865908947151222e-05,1.0,0.034931578989895365,0.035286679969855864,7183,7039,14222,942903489.1250002,25907.559609637403,False,942903489.1250002,427939980.0,541801312.0,461229237.625,929977468.875,1800671419.625,MISSING
development,B2-rank9-q4-r32-K4,6100bc0d97e038cf36a1745b212130fff012367b9ef409a587dc5d8a4ce94593,0.05,0.0005992872373829143,True,0.00042376006943201094,6.865908947151222e-05,1.0,0.034931578989895365,0.035286679969855864,7183,7039,14222,942906155.7500002,22915.831242049957,False,942906155.7500002,427884869.75,541801312.0,461227459.87500006,929898359.0000001,1800673641.8124998,MISSING
development,B2-rank9-q8-r1-K2,bb3274d41dba00cd35559bf3f60afe130e96d55d4105956c36c239fd7164f16d,0.05,0.00014938295564160381,True,0.00010562970092786728,1.7251680391239255e-05,1.0000000000000036,0.03524970935839951,0.03533808737893614,7054,7019,14073,1791517967.5312502,295990.48748593807,False,1791517967.5312502,803451757.9687502,1020716449.125,865097215.1250002,1749213649.9687495,3423495171.65625,MISSING
development,B2-rank9-q8-r1-K4,8cc05214474642fd5e1181e922a270c1158f4bdec02e69395433ba5312ecba30,0.05,0.00014938295564160381,True,0.00010562970092786728,1.7251680391239255e-05,1.0000000000000036,0.03524970935839951,0.03533808737893614,7054,7019,14073,1792065495.1875,267484.3744033481,False,1792065495.1875,803462752.5,1020876529.4999998,865106890.3125,1749265983.9375002,3424550206.875,MISSING
development,B2-rank9-q8-r2-K2,6981e2d0884098159c77cee4c7868e6b81fd65141cf90e1e7ee9198a868ba714,0.05,0.00014938295564160381,True,0.00010562970092786728,1.7251680391239255e-05,1.0,0.03524970935839951,0.03533808737893614,7054,7019,14073,1796568855.1875,227595.38056875576,False,1796568855.1875,804817278.7499999,1023112377.375,866610502.4062501,1752069589.4062495,3433113627.375,MISSING
development,B2-rank9-q8-r2-K4,dd53221831709e1179ac560b750ab4e994c7427e849246ed0098e85c0f34ccfe,0.05,0.00014938295564160381,True,0.00010562970092786728,1.7251680391239255e-05,1.0,0.03524970935839951,0.03533808737893614,7054,7019,14073,1797077242.3125,217643.52233150377,False,1797077242.3125,804829152.8437501,1023233757.0000002,866624575.4062501,1752132917.9062495,3434060036.625,MISSING
development,B2-rank9-q8-r4-K2,4c0e41a091c151a93aebfd45c5ff805c351f4e187c638864c4fbd4ec7853a915,0.05,0.00014938295564160381,True,0.00010562970092786728,1.7251680391239255e-05,1.0,0.03524970935839951,0.03533808737893614,7054,7019,14073,1802250389.1562495,145833.76500593638,False,1802250389.1562495,807562833.0937501,1026625349.9999998,869669181.0,1757883937.3124998,3443804269.781251,MISSING
development,B2-rank9-q8-r4-K4,4b34b204f05636c1581487aa5e329f94bbc3806415a04ee8345a3b2d26e74db9,0.05,0.00014938295564160381,True,0.00010562970092786728,1.7251680391239255e-05,1.0,0.03524970935839951,0.03533808737893614,7054,7019,14073,1802311518.75,111952.70447954473,False,1802311518.75,807560194.4062502,1026646459.5000002,869654668.2187499,1757849634.375,3443930487.0000005,MISSING
development,B2-rank9-q8-r8-K2,c0a571a3d3d03d7fe5b14d9e1878f40572e72073aeba8c3db752e484b5df1b6c,0.05,0.00014938295564160381,True,0.00010562970092786728,1.7251680391239255e-05,1.0,0.03524970935839951,0.03533808737893614,7054,7019,14073,1811194660.21875,45546.90497741468,False,1811194660.21875,813040748.3437499,1033056710.9999998,875714414.0625001,1769327045.4375,3460626342.375,MISSING
development,B2-rank9-q8-r8-K4,92735bdef2a99ce6e10b1b31fb84540c69267e99e786e03882f6e62e2860a785,0.05,0.00014938295564160381,True,0.00010562970092786728,1.7251680391239255e-05,1.0,0.03524970935839951,0.03533808737893614,7054,7019,14073,1811241716.8125005,19139.654477998614,False,1811241716.8125005,813054821.34375,1033070784.0,875740800.9375,1769382897.65625,3460711220.15625,MISSING
development,B2-rank9-q8-r16-K2,b0daff612f84d7a465894886fdd43c9a193cc7b89bf32f087fd00eedc8dc5fcf,0.05,0.00014938295564160381,True,0.00010562970092786728,1.7251680391239255e-05,1.0,0.03524970935839951,0.03533808737893614,7054,7019,14073,1827996942.65625,30175.015170159797,False,1827996942.65625,823988223.0000001,1045669637.25,887905590.0937499,1792372902.28125,3492263765.71875,MISSING
development,B2-rank9-q8-r16-K4,af18a108ec1bed6872e20655686841d3145e1e8c7a5f4a3f5d1b32a263bf310d,0.05,0.00014938295564160381,True,0.00010562970092786728,1.7251680391239255e-05,1.0,0.03524970935839951,0.03533808737893614,7054,7019,14073,1828031245.5937505,24453.73065998824,False,1828031245.5937505,823978987.59375,1045680192.0,887900752.4999999,1792361467.9687502,3492302906.2499995,MISSING
development,B2-rank9-q8-r32-K2,83e5618afefa1907e8e4ec63e9181968f589b741dccb6ee1caea608bac04819c,0.05,0.00014938295564160381,True,0.00010562970092786728,1.7251680391239255e-05,1.0,0.03524970935839951,0.03533808737893614,7054,7019,14073,1861690783.1250005,29291.309941382908,False,1861690783.1250005,845953097.53125,1070899008.0,912243084.46875,1838501117.8125002,3555616453.6875005,MISSING
development,B2-rank9-q8-r32-K4,433c98a6ae7710c1fcde57d98496c1be7b69c9799cf284964e485277bdb84d00,0.05,0.00014938295564160381,True,0.00010562970092786728,1.7251680391239255e-05,1.0,0.03524970935839951,0.03533808737893614,7054,7019,14073,1861702217.4375,34209.68916983386,False,1861702217.4375,845879654.0624998,1070893730.6250002,912168761.4374999,1838280787.4062498,3555632725.5937495,MISSING
development,B3-rank0-q1-r1-K2,3530339c1ee3aa2f5c67e8aceacb0a09d380592fdf988c088780ea903726437f,0.05,0.00972790789303889,True,0.0029136892010696303,0.006878669637925938,239.67318760804278,0.032441649858257746,0.028476669421401438,478341485,620819751,1099161236,1079994611947.25,35531166676.27156,False,1079994611947.25,227011144022.625,338232521590.3751,138391269370.125,492733372825.625,2039459324609.3745,MISSING
development,B3-rank0-q1-r1-K4,8db7bb63b5ad9e3aa871e020c58520330f50c348dc3f60d271a335e47d8e2570,0.05,0.008888934101690971,True,0.006285425580826037,0.0009628567739797811,1700.3391443424082,0.02906991347850134,0.034392482285347595,29983935595,21421460144,51405395739,68957125546634.8,2935097059421.7617,False,68957125546634.8,14290700015442.004,21410347325293.5,8592733181497.217,31243235678994.1,131491789463128.34,MISSING
development,B3-rank0-q1-r2-K2,f648c9344197ebac77d4f30c40107df9901e9bae0cc2147e36b9ec32a8866ca1,0.05,0.008618088490661384,True,0.006093908812612403,0.00022374376849154665,1368.9017991613202,0.029261430246714973,0.03513159529083583,19180436989,13306194121,32486631110,44382829339593.13,2030929678539.3823,False,44382829339593.13,9320617506903.438,13836259231193.436,5663841092584.0625,20395513093746.88,84747468493768.12,MISSING
development,B3-rank0-q1-r2-K4,750af879952bd78b9e5d39c5a9645d8e85a43cc36c8bb93162d6269f9feb618b,0.05,0.008798513623400579,True,0.00622148864746877,0.0008333834899224568,8684.023762648805,0.029133850411858606,0.03452195556940492,778666055672,554569826478,1333235882150,1871196560597524.5,94687039900808.61,False,1871196560597524.5,390388131742046.9,585748852098339.0,239649149816462.5,855854109097665.5,3565364394218321.0,MISSING
development,B3-rank0-q1-r4-K2,918dfe844674bba518736eb21e65014f0413e1a561fa15b4617caa6fb75a5a11,0.05,0.008801605631247517,True,0.006223675027184822,0.0006958465446800233,4150.936226878082,0.029131664032142554,0.03465949251464735,177937115258,125705051966,303642167224,575079287086804.5,29053747419488.55,False,575079287086804.5,122083128859499.5,180059805163832.0,74923704762521.98,268068589570163.2,1105238511059908.8,MISSING
development,B3-rank0-q1-r4-K4,1f755b938934c6efc8d31d21444c585ca0fbf1c1ee9b426adf55f08ea9061d22,0.05,0.00879757350745976,True,0.006220823885111915,0.00082888154181604,13227.758505455224,0.02913451517421546,0.034526457517511336,1806599696263,1286392446735,3092992142998,6681442964902492.0,404614476463204.06,False,6681442964902492.0,1413884033367961.0,2086899792483431.8,865941144034971.1,3105170799561054.0,1.283833379355342e+16,MISSING
development,B3-rank0-q1-r8-K2,2dfb7c8f663ea3b1458b4988c4e483f829644b4ca79032b3e602a1be6d3de8f3,0.05,0.008799737842765745,True,0.006222354301283539,0.0008121793854426462,3118.1438137153423,0.029132984758043837,0.03454315967388473,100398524132,71412324823,171810848955,422241268574002.0,17869891752562.906,False,422241268574002.0,90861093652045.78,133711793199228.72,56890867360224.37,199595884684441.44,813991480547521.5,MISSING
development,B3-rank0-q1-r8-K4,9b7172074e0cf2315b476e8ffade7716829fb6bab7562a99a04027db13f38aba,0.05,0.00879757517681731,True,0.006220825065525959,0.0008287390422901941,4824.234685182909,0.029134513993801417,0.03452660001703718,240295870020,171101664742,411397534762,968082680159792.4,49585389030034.6,False,968082680159792.4,210198427917459.44,306709718338032.25,130721566670625.47,459942443863916.0,1857369876239700.5,MISSING
development,B3-rank0-q1-r16-K2,7a2b2e2783901f3ece32404e620ca80f834c73d70274c4f5ca697fca3d1d2f6e,0.05,0.008797949212761315,True,0.006221089548878372,0.0008266729115575799,400.33113591830335,0.029134249510449003,0.034528666147769796,1654764045,1178105390,2832869435,8789065949257.346,322511650696.53625,False,8789065949257.346,1935912150143.1245,2829328348206.2495,1249915111023.9062,4249658261179.374,16975615980558.121,MISSING
development,B3-rank0-q1-r16-K4,05bb75401d4a800d8ed5745ffeeae23dba1e9d0eb30f93bbe2e87906c24027db,0.05,0.008797575715459626,True,0.006220825446403594,0.0008287346035067422,443.43323638622957,0.029134513612923782,0.034526604455820634,2030233302,1445618684,3475851986,10975437127293.248,530872932951.4696,False,10975437127293.248,2405180953937.437,3515607043089.874,1544690346653.3123,5285250185462.125,21213233290932.566,MISSING
development,B3-rank0-q1-r32-K2,c1ded26f91069ef243491b22c21355e42f3fa20d78730046b90a530faf66e798,0.05,0.00879762885284077,True,0.0062208630202061355,0.0008284773915396837,33.96016213803372,0.02913447603912124,0.03452686166778769,11907761,8478721,20386482,93588605163.93752,4056012832.8550153,False,93588605163.93752,21229335615.1875,30680381254.87502,14127194948.437502,46581200137.3125,181026863539.50006,MISSING
development,B3-rank0-q1-r32-K4,5faa42f0cdb8133f4c12efd6e98588bf48efa9c397750ed4474f44ee6417e8ed,0.05,0.00879757573986012,True,0.006220825463657348,0.0008287344653522544,34.527999187486905,0.029134513595670028,0.03452660459397512,12309270,8764762,21074032,101534686176.00002,3681242460.885175,False,101534686176.00002,23069479405.0,33136281066.0,15143667682.5,50590848069.99999,196713576013.49994,MISSING
development,B3-rank0-q2-r1-K2,cf45a20fe03fc32e573b12d58667588459ffadf087be9cecdbfedc45042929bf,0.05,0.0018988983187461824,True,0.0013427238779691597,0.0008448373326445102,1368.9017991613202,0.034012615181358216,0.034510501726682866,14196116222,13789453373,27985569595,50205237304380.15,1508931029922.0964,False,50205237304380.15,10749956920679.375,15741882897187.504,6509268577987.032,23411678064317.188,95372197532610.48,MISSING
development,B3-rank0-q2-r1-K4,ef7c029e36978da610cb160434d92246ec8ce87b1a5ad1c6ed071b96b06b133d,0.05,0.0020869588066790355,True,0.001475702724259731,0.00023528167980035875,8684.023762648805,0.033879636335067645,0.03512005737952702,575797181960,535841790492,1111638972452,2285807637104425.0,82470646166443.14,False,2285807637104425.0,475156183287451.75,713012184674290.6,287254458225174.56,1040910942829741.5,4366517883791457.0,MISSING
development,B3-rank0-q2-r2-K2,6a8710a6d8c25f7ab6cbc86318d12688ddaba5f7b0071421e47f0fa7beff11b2,0.05,0.002089837255443721,True,0.001477738094900538,9.471965151930384e-05,4150.936226878082,0.03387760096442684,0.03526061940780807,131574532114,121455519707,253030051821,552467396583795.1,23960168749139.477,False,552467396583795.1,117793396311794.9,173736759331594.12,72176822281940.23,257450170538748.12,1055673004953689.6,MISSING
development,B3-rank0-q2-r2-K4,87e3b363e0679bbba5326b8ea415c1352bbd4c143a89cf4cbd00d4ad3b96ed13,0.05,0.002085981027235494,True,0.0014750113297846978,0.00023068020341177053,13227.758505455224,0.03388032772954268,0.035124658855915605,1335925741988,1242948956037,2578874698025,6824588939151595.0,287635249121510.4,False,6824588939151595.0,1422491165463727.5,2127974575042191.0,861908277980543.0,3124306696657287.0,1.3098668720109168e+16,MISSING
development,B3-rank0-q2-r4-K2,da42ffc9e56d75ed6a85fa3cb86e4967f7bc201cf7b2ac134b4e47a000403a47,0.05,0.002088172212040007,True,0.0014765607314188023,0.00021360856947005846,3118.1438137153423,0.033878778327908574,0.03514173048985732,74240657495,69000304056,143240961551,406437275840865.56,18208257961913.023,False,406437275840865.56,86732402219130.47,128791529554542.89,54158512306423.41,189879323375995.9,779441215999717.9,MISSING
development,B3-rank0-q2-r4-K4,17fc1f89f61619edf9479d925a0e65cca1229d5abf131cf55f0d41ca85160129,0.05,0.0020859824244540606,True,0.0014750123177674213,0.00023053451215793164,4824.234685182909,0.033880326741559955,0.035124804547169444,177691511754,165323286338,343014798092,932753708924111.4,42446648474981.44,False,932753708924111.4,199055775017763.72,294531800224183.8,123646115499725.64,436475611359629.56,1789272378972276.0,MISSING
development,B3-rank0-q2-r8-K2,cb15bc04c13e677de3f7aaae70a957ab795a1032771d26acd12649fbdab2f09c,0.05,0.002086362924868817,True,0.0014752813721909397,0.00022842254498733894,400.33113591830335,0.033880057687136436,0.03512691651434004,1223645068,1138318226,2361963294,8719261311153.939,348048021499.85095,False,8719261311153.939,1909278266434.3123,2790216763743.374,1212572906057.2498,4183184616379.875,16784849280693.377,MISSING
development,B3-rank0-q2-r8-K4,e66323b52ebc9b603a359a3e7204a59c2b64cfaf7c267a70d822f95bc762d7e0,0.05,0.0020859829688646228,True,0.0014750127027238213,0.00023052997332384528,443.43323638622957,0.033880326356603555,0.03512480908600353,1501295979,1396797814,2898093793,10981783035987.314,401466969773.7129,False,10981783035987.314,2397991482845.4375,3508414232719.594,1515521922876.9373,5251708214640.126,21137971602693.746,MISSING
development,B3-rank0-q2-r16-K2,a8d1ae8bad611016990b909226cd9268c6ac2aa5c79af8b1f3a6f48ef8be551d,0.05,0.002086037105483656,True,0.0014750509830942504,0.00023026704698869693,33.96016213803372,0.033880288076233125,0.03512507201233868,8805426,8192380,16997806,91994781979.18752,2557484555.9783354,False,91994781979.18752,20536005555.1875,29804590458.125,13382053954.9375,45139798558.74999,178159847681.81247,MISSING
development,B3-rank0-q2-r16-K4,11f3f418f74a8e5ee0d2ab5ed19c53183a6293a7b00fa6bb24bc630276001037,0.05,0.00208598299366808,True,0.001475012720262514,0.00023052983204507882,34.527999187486905,0.03388032633906486,0.0351248092272823,9102332,8468762,17571094,93528187878.56248,2571463662.575314,False,93528187878.56248,20958471465.187504,30391952556.437504,13677998485.625,45952254486.8125,180540245366.56253,MISSING
development,B3-rank0-q2-r32-K2,45c818f0164c7a78e47c2bb417235234f21bc83f5e4c9ba38c23812fce104ea4,0.05,0.0020859901713320946,True,0.0014750177956374122,0.00023049702357347268,6.366691166025887,0.033880321263689964,0.0351248420357539,309484,287942,597426,5495815121.812498,135448538.915884,False,5495815121.812498,1245969262.125,1794126286.6875,820340576.2500002,2735352280.1250005,10663755386.999998,MISSING
development,B3-rank0-q2-r32-K4,8945ba19711a13784eb8dcf48316da1cb06038c11627b50c15a0b61f9e03e041,0.05,0.0020859829945653876,True,0.0014750127208970065,0.0002305298276394918,6.380999250513481,0.03388032633843037,0.035124809231687884,310877,289238,600115,5120593759.062498,145992127.47908252,False,5120593759.062498,1171105668.90625,1684091472.3437502,779361849.0625,2570123762.6562505,9928283806.40625,MISSING
development,B3-rank0-q4-r1-K2,2caa6473e54141eda42d4324121850162754ffc43f8af467d07f84dbf97c01c3,0.05,0.0005186217394280976,True,0.00036672094882037043,7.758041592365039e-05,4150.936226878082,0.034988618110507005,0.035277758643403725,123351248763,121337533238,244688782001,721426641107760.6,17320022100772.912,False,721426641107760.6,155859107610199.5,227751730371868.3,95099824429576.16,339436866306449.75,1370983599027165.2,MISSING
development,B3-rank0-q4-r1-K4,c72bdad0577d84103eccd94f9c73cf3160cf52b053167e2248a7904889302211,0.05,0.0005147964975903535,True,0.00036401609437722304,5.908486220307374e-05,13227.758505455224,0.03499132296495015,0.0352962541971243,1252439621287,1230892957093,2483332578380,8417410982705159.0,288703539612189.0,False,8417410982705159.0,1779307792409269.5,2640325759819460.0,1078775192876886.8,3894641524330584.0,1.605831490980812e+16,MISSING
development,B3-rank0-q4-r2-K2,bc0c4f7cd840b4439a3014f9e5398028d5824ebc5afeffa1830471772bb67ecd,0.05,0.0005169952559564394,True,0.0003655708513280731,4.192439777128687e-05,3118.1438137153423,0.0349897682079993,0.03531341466155609,69600948964,68331013730,137931962694,535701880860490.8,12585300246992.918,False,535701880860490.8,114263699970476.45,168755445982274.84,69866849478345.19,250049096495051.0,1026360355153722.4,MISSING
development,B3-rank0-q4-r2-K4,311c4b79fd41796b21aee085729f34aafe4f4fbdee2fcc6bf5ac5da93caf9e63,0.05,0.0005147978427290711,True,0.000364017045533932,5.8938402889952e-05,4824.234685182909,0.034991322013793444,0.035296400656437424,166587020380,163719730532,330306750912,1267366359077411.8,39699677632832.04,False,1267366359077411.8,269261934509076.03,400238883331650.0,165968820247314.03,589783347925307.9,2425865677471422.0,MISSING
development,B3-rank0-q4-r4-K2,51d527be43673608b0ba3347a6ccdd5f1336703fb370972865ca3a5ead959ea3,0.05,0.0005151800161972971,True,0.0003642872829849042,5.681542643742876e-05,400.33113591830335,0.03499105177634247,0.03529852363288995,1147175208,1127277046,2274452254,10279173732054.188,364767383372.334,False,10279173732054.188,2223206001652.0615,3285517357535.938,1401275818362.8125,4862849995684.938,19704290642731.375,MISSING
development,B3-rank0-q4-r4-K4,d092cdb598d9df416d89170fe8d36a7192e45edb5aabd1f12681d4637ed8910d,0.05,0.0005147983888582563,True,0.0003640174317055822,5.893384002886304e-05,443.43323638622957,0.034991321627621794,0.03529640521929851,1407475356,1383249552,2790724908,12407214100354.5,343198107715.81476,False,12407214100354.5,2704125225698.6255,3971463174544.1255,1703563136027.2502,5903604122567.251,23772877338951.38,MISSING
development,B3-rank0-q4-r8-K2,878c8e427c9aafb49c188e6a2287b6876caf611d5276b6e99d1d843be3fb16a0,0.05,0.0005148527793065619,True,0.00036405589156041085,5.86695418510752e-05,33.96016213803372,0.034991283167766965,0.0352966695174763,8255147,8112918,16368065,102762804086.25002,3160258510.4069414,False,102762804086.25002,22903014951.250004,33242005508.90625,14728700989.843754,50092416924.375,197897578380.46872,MISSING
development,B3-rank0-q4-r8-K4,f376bc777f907474583ffb58d55f107c58b24eaa9827eab8a92d15c2437855f3,0.05,0.0005147984137684797,True,0.0003640174493197701,5.8933698001806256e-05,34.527999187486905,0.034991321610007606,0.03529640536132557,8533500,8386619,16920119,99817598271.90627,2139235109.3281908,False,99817598271.90627,22279566693.25,32489801002.312504,14516404594.5625,48672837318.37501,191809641506.31247,MISSING
development,B3-rank0-q4-r16-K2,786e73a44ae1d4387a2103e393853c0babd7ccf005b684dcffbad98b369d0ef4,0.05,0.0005148056259478766,True,0.00036402254910072873,5.890071827108212e-05,6.366691166025887,0.03499131651022665,0.035296438341056294,290143,285149,575292,5575352528.625001,171580663.2400898,False,5575352528.625001,1270370581.1249998,1824071153.2500002,834137444.2500001,2781446930.625,10777592239.500002,MISSING
development,B3-rank0-q4-r16-K4,eea3b79549639a1f94af3626c61f8af8f3c21c448b01c89f752dd3a47f1a842d,0.05,0.0005147984146685352,True,0.00036401744995620544,5.893369357345968e-05,6.380999250513481,0.03499132160937117,0.035296405365753916,291449,286432,577881,5404397288.343749,124725754.65172076,False,5404397288.343749,1219888732.21875,1766419687.9687502,803561589.2812499,2675480677.3124995,10455095287.124998,MISSING
development,B3-rank0-q4-r32-K2,48e4aadcc19eb9135024b910a5b8f77269ad837985dd5fc71f392228c3413ad0,0.05,0.0005147993420576983,True,0.00036401810571937143,5.892957440534197e-05,2.553811184207638,0.034991320953608004,0.035296409484922034,46684,45880,92564,1519400455.8750002,27579247.256752983,False,1519400455.8750002,346527797.12499994,499469558.75,230767837.2500001,761431464.0,2947726613.6249995,MISSING
development,B3-rank0-q4-r32-K4,35c7b343b6d07ad42fe08258526dec3c2e0612b2a051c5dd24cbfd503878aabe,0.05,0.0005147984146994267,True,0.0003640174499780491,5.893369342946375e-05,2.5545432274832476,0.03499132160934933,0.03529640536589791,46711,45907,92618,1627607951.4375,35839316.74836564,False,1627607951.4375,372095709.31249994,533505728.8124999,246193115.5625,816514499.375,3157718091.9999995,MISSING
development,B3-rank0-q8-r1-K2,e841434c51fa80a0654e08890b2f0ebab855d256f7d77b180d81389ea2a16ff6,0.05,0.00013048552792038713,True,9.226720163921232e-05,2.218586430791092e-06,3118.1438137153423,0.035263071857688164,0.035353120472896585,68526256524,68177612010,136703868534,711855491419563.0,12810464287051.445,False,711855491419563.0,154240411669377.16,225988582670268.75,94428197189860.52,335821597045554.25,1353346938507141.0,MISSING
development,B3-rank0-q8-r1-K4,92a14248d5e875c5b94ed1727cbdd7c4708b188c9726600a11083038d44be726,0.05,0.000128286153193428,True,9.07120088554092e-05,1.4817216113627296e-05,4824.234685182909,0.03526462705047197,0.03534052184321375,164014888039,163311191025,327326079064,1710381052509107.5,33479763147330.004,False,1710381052509107.5,372323185995329.2,543852280364835.94,228964592305267.97,811287915900094.8,3251278798642858.0,MISSING
development,B3-rank0-q8-r2-K2,84ca3010c9ef77270bd1c05046902ef1275e0d0537529fe49238865e7cc8691e,0.05,0.00012866874895124883,True,9.098254491021751e-05,1.269151523763945e-05,400.33113591830335,0.03526435651441716,0.035342647544089736,1129462509,1124464081,2253926590,13369447309408.746,235719932660.3898,False,13369447309408.746,2895943492120.3125,4280699640851.562,1810889144653.1252,6319517111918.437,25505292422028.133,MISSING
development,B3-rank0-q8-r2-K4,c30ac93e411cfcdcc1e83245c50605b7b566d929f05c979ab6ca8c13c56aa1c4,0.05,0.00012828669976863716,True,9.071239534244602e-05,1.481264730607279e-05,443.43323638622957,0.03526462666398493,0.0353405264120213,1385743693,1379797848,2765541541,16878791410108.248,223798955375.6697,False,16878791410108.248,3667972315097.5625,5389781193889.532,2283300234788.1255,8008835456389.6875,32233164468913.406,MISSING
development,B3-rank0-q8-r4-K2,54425881a560c7306c36a12eb3cfe0944e179ad9f295929d1829997a7ec05b70,0.05,0.00012834115399296006,True,9.075090029372901e-05,1.4548009680814822e-05,33.96016213803372,0.03526458815903365,0.03534079104964656,8127686,8092673,16220359,125681931052.84375,2551721708.201997,False,125681931052.84375,27620736945.906258,40538732230.75001,17573238317.84375,60282964223.5,240637642830.71878,MISSING
development,B3-rank0-q8-r4-K4,38363bd96a7369aa4c98340f85e43aa05fafad310deb0f8fc441050a6a7db96d,0.05,0.0001282867247044138,True,9.071241297470278e-05,1.4812505091388317e-05,34.527999187486905,0.03526462664635267,0.03534052655423599,8401741,8365691,16767432,131789395608.74998,2525968251.775322,False,131789395608.74998,29148608585.25,42490768617.0,18503385194.249996,63517652327.25001,252165409848.00003,MISSING
development,B3-rank0-q8-r8-K2,30417cbeec0ce17eaa6d0e3cb89213b52cb65cb6c654cc0a1a427471d2c0cebd,0.05,0.00012829394554310605,True,9.071751887870794e-05,1.4779482987004045e-05,6.366691166025887,0.03526462154044867,0.03534055957634037,285664,284437,570101,6421332613.5,110033962.45627935,False,6421332613.5,1437741275.0312505,2090114975.59375,933112811.7499999,3144588037.71875,12354765664.937502,MISSING
development,B3-rank0-q8-r8-K4,5162239684a3433e4d03200707a0ddbf67e1e7c5c4bb3aa516d93e789f5a2dc9,0.05,0.00012828672560580387,True,9.071241361208182e-05,1.4812500657046535e-05,6.380999250513481,0.035264626645715294,0.03534052655867033,286949,285718,572667,6582413456.437501,127534280.02244231,False,6582413456.437501,1476729234.5624998,2138696494.875,952953679.6874996,3227157503.4374995,12665640247.3125,MISSING
development,B3-rank0-q8-r16-K2,6aa509612424a195747e286c9eea21bfa4f8f1cafe5d119deccbcd0211457218,0.05,0.00012828765412021295,True,9.07130701709169e-05,1.480837619671771e-05,2.553811184207638,0.03526462598915646,0.03534053068313066,45963,45766,91729,1700030756.1874998,28024554.71020063,False,1700030756.1874998,385923968.71875006,556883892.46875,254255588.8125001,845930571.0625001,3286962521.90625,MISSING
development,B3-rank0-q8-r16-K4,bb1ef0b3d7fbcc5cae3084f25e03b16e170052bb8a895c0f96f8c8d40851bc0c,0.05,0.00012828672563642069,True,9.071241363373117e-05,1.481250051460492e-05,2.5545432274832476,0.035264626645693645,0.03534052655881277,45989,45792,91781,1619756824.3125002,33046990.87314325,False,1619756824.3125002,367192835.75,532166315.09374994,243598246.62499997,805257812.4374996,3130887966.9687495,MISSING
development,B3-rank0-q8-r32-K2,e301d2a1dd4c98d851acc0855c688c17977db1bef75dbbf5ee64da56707ade78,0.05,0.00012828684331767662,True,9.071249684694527e-05,1.4811985170726238e-05,1.6005276268654247,0.03526462656248043,0.03534052707415665,18054,17976,36030,1167277421.2499998,16770749.387408262,False,1167277421.2499998,268691473.125,385595311.87500006,179968724.06249994,589732284.375,2263629787.5,MISSING
development,B3-rank0-q8-r32-K4,9feb7b75a61651992917ebc41e6b410eb6c6942213237eb566c049cd884377a8,0.05,0.00012828672563865807,True,9.071241363531324e-05,1.4812500512273452e-05,1.6005852772940825,0.03526462664569206,0.0353405265588151,18055,17977,36032,1152790918.0000002,20039111.048377123,False,1152790918.0000002,264139332.0,380595882.0000001,177002696.0,580269462.0,2237002806.0000005,MISSING
development,B3-rank0-q8-r64-K2,519fbed1bdb2abfe84139f5afb66613c8cd395593ad7540e74d5bd9af94c09ea,0.05,0.00012828674045130284,True,9.071242410943481e-05,1.4812436103905924e-05,1.2653645404190323,0.03526462663521794,0.03534052662322347,11284,11236,22520,1389453738.75,19790234.759096015,False,1389453738.75,320425820.0,459163095.0,215077260.0,704322148.7499999,2702127648.75,MISSING
development,B2-rank3-q1-r64-K2,5f11e879f44a5388f939fc1dbc2b0432152f73e6e57313fa160812dc526c0b3b,0.05,0.010163301656305069,True,0.007186539520417784,0.0009711355448940306,1.0034077290355972,0.028168799538909592,0.034384203514433345,11121,7464,18585,230357009.53124994,3767382.9157704464,False,230357009.53124994,77741635.78124999,104489516.24999999,73973527.03124999,169591028.90624997,446157317.81249994,MISSING
development,PM1-B0-rank4-q1-r0-K0,04b661dd08b1f119f73cf2782aca8f926e71f317568833df6129251a2db7ea4b,0.05,0.036782811797386905,True,0.026009375653040817,0.004822267656684809,1.0,0.009345963406286559,0.030533071402642567,100337,9401,109738,784187748.0,0.0,False,784187748.0,349186316.0,444658376.0,375194222.0,759716174.0,1490900468.0,MISSING
development,PM1-B0-rank4-q2-r0-K0,18f426d4948abd39c9b98776e107d720f8c7a59d9c0bb80e9c7008699469abe5,0.05,0.044537281673343955,True,0.03149261388683686,0.005731763939644141,1.0,0.0038627251724905193,0.029623575119683235,587378,9987,597365,8352357430.0,0.0,False,8352357430.0,3762802135.0,4783698920.0,4060887270.0,8188679420.0,15891701095.0,MISSING
development,PM1-B0-rank4-q4-r0-K0,b97f23ca18eb5e5caabada94b8f21fcc691e38d2fcd43c29bd684f34a7c11aa0,0.05,0.046361105607036615,True,0.03278225215804126,0.005980704997079922,1.0,0.0025730869012861174,0.029374634062247454,1323720,10157,1333877,36887034558.0,0.0,False,36887034558.0,16717480441.0,21235321840.0,18082036612.0,36385496806.0,70211283649.0,MISSING
development,PM1-B0-rank4-q8-r0-K0,36ca6ff17f3eafef47b76eb3f5a56d13a8e70a8134cf8f068bce82de4ac2a220,0.05,0.04681030316270501,True,0.0330998827957468,0.006044126584517584,1.0,0.002255456263580577,0.029311212474809792,1722806,10201,1733007,95311918986.0,0.0,False,95311918986.0,43326908007.0,55012574208.0,46915965504.0,94306774926.0,181454497935.0,MISSING
development,PM1-B0-rank5-q1-r0-K0,74b125a99f630afd0f2225aec88668f0d9f6d01cbf6cc480cd2f6d093e37e7db,0.05,0.018630514795286126,True,0.013173763348743123,0.0024542199243681173,1.0,0.022181575710584253,0.03290111913495926,17813,8097,25910,229718060.0,0.0,False,229718060.0,102707240.0,130897320.0,110765250.0,223732850.0,437723540.0,MISSING
development,PM1-B0-rank5-q2-r0-K0,02ef4e1e1194ed57d6ee4835478f8ae9b6db2497c362120d83b2642066f60135,0.05,0.026438615441419528,True,0.018694924263811113,0.003264898423995688,1.0,0.016660414795516262,0.03209044063533169,31575,8511,40086,698378292.0,0.0,False,698378292.0,315196218.0,401180688.0,341131860.0,686753352.0,1331616834.0,MISSING
development,PM1-B0-rank5-q4-r0-K0,93202a8bb7d8550715487e1fabfc3fd8808523270333be402e72f85db95308e3,0.05,0.028275542793104184,True,0.01999382805073438,0.003490675976655755,1.0,0.015361511008592996,0.03186466308267162,37140,8632,45772,1580690248.0,0.0,False,1580690248.0,716835292.0,911778240.0,777208560.0,1562015272.0,3014955868.0,MISSING
development,PM1-B0-rank5-q8-r0-K0,4d9eec72de34c12e94e5290f632df6d0157d2ebdcd849434e3d2c4e0bd67e712,0.05,0.02872799770607166,True,0.02031376198787485,0.0035483961797887487,1.0,0.015041577071452525,0.03180694287953863,38737,8663,47400,3259129200.0,0.0,False,3259129200.0,1481581800.0,1883865600.0,1607808000.0,3228603600.0,6217410600.0,MISSING
transfer_fixed_five,B2-rank3-q1-r4-K2,215212e37d35f0277d90e0dfb354ff27c6334677ddc57b31f4e702fb709a928b,0.05,0.005256376547101335,True,0.0037168195009252836,0.00026014045149713727,1.0620308450250202,0.03163851955840209,0.03509519860783024,9876,8026,17902,111753794.4375,714495.1211746212,True,111753794.4375,46172055.1875,59980651.0,48556377.8125,100518611.125,212871563.125,MISSING
transfer_fixed_five,B2-rank3-q1-r8-K2,1e063a21340c2fb397fe431779fa0bb1d2fba619b736361014296303c8f0e3e9,0.05,0.005256157396431461,True,0.0037166645380005137,0.0002610609785499429,1.0307583312111528,0.03163867452132686,0.03509427808077743,9303,7561,16864,112153505.0,1124290.264101313,True,112153505.0,45344661.0,59060890.0,47188634.0,98730815.0,214120100.0,MISSING
transfer_fixed_five,B0-rank6-q1-r0-K0,d9ae4b8645a032031fc003c9e7268010e6a5c5734c6da898043c748bd900aa64,0.05,0.009976267821590988,True,0.007054286627580134,0.0006265786540605722,1.0,0.028301052431747242,0.034728760405266804,10943,7267,18210,190676910.0,0.0,False,190676910.0,85969410.0,109332840.0,92852790.0,186962070.0,363416970.0,MISSING
transfer_fixed_five,B1-rank12-q1-r0-K0,9a24146ac2b7dfd129fa7d49aa2d50772fc647424d2ab958638482cfac139529,0.05,0.005265778433252583,True,0.0037234676383787746,0.0002615994585534187,1.0,0.0316318714209486,0.03509373960077396,8760,7117,15877,318175080.0,0.0,False,318175080.0,138971381.0,183855660.0,156086787.0,309029928.0,608327255.0,MISSING
transfer_fixed_five,B3-rank0-q8-r32-K4,a090ea4c0aa58921cf4904fed6f6f74fac8d2e12f031736c8c94aa80754f295b,0.05,6.247566909536482e-05,True,4.417696927649928e-05,3.5948699160792685e-06,1.47140967604679,0.03531116209005088,0.0353517441894113,15218,15183,30401,1069452078.1875,13718013.02400193,False,1069452078.1875,243284002.5,351362407.59375,161870124.5,526388564.84375,2051188721.09375,MISSING
