input_R1_commit,original_result_sha256,analysis_script_sha256,analysis_classification,no_science_rerun,no_synthesis_rerun,no_new_candidates,R1_scientific_classification_unchanged,mandatory_STOP,angle_key,from_precision,to_precision,T_before,T_after,T_delta,T_relative_delta,one_qubit_delta,strict_error_before,strict_error_after,role_labels,resonance_threshold
24bfeb84a4ce87b56985d174dd98d1d5e1702a2b,f726ad70cb2643533f0d037b518cde1b702724adb4e6571fea25e26e4bfdd61e,b26c3bdea5a42988c0534d45bd092d0cc28e50535e08dc75b4692ed601799911,POSTHOC_ATTRIBUTION_DESIGN_INPUT,True,True,True,True,True,atan:1/12:scale:-1,1e-3,1e-4,38,48,10,5/19,20,50012528832687023685093812025427571690363610877537817658762009293722422707699722366896472971362050069/286687326998758938951352611912760867599570623646035140467198604923365359511060601008752319138765710819328,117610321526081972931666315440522017290059484241844502538089127037723007324673947931546525633838906617/9173994463960286046443283581208347763186259956673124494950355357547691504353939232280074212440502746218496,"[""ordinary_x_over_3""]",
24bfeb84a4ce87b56985d174dd98d1d5e1702a2b,f726ad70cb2643533f0d037b518cde1b702724adb4e6571fea25e26e4bfdd61e,b26c3bdea5a42988c0534d45bd092d0cc28e50535e08dc75b4692ed601799911,POSTHOC_ATTRIBUTION_DESIGN_INPUT,True,True,True,True,True,atan:1/12:scale:-1,1e-4,1e-6,48,70,22,11/24,59,117610321526081972931666315440522017290059484241844502538089127037723007324673947931546525633838906617/9173994463960286046443283581208347763186259956673124494950355357547691504353939232280074212440502746218496,49549897190865746306323326393990760477644192399667243216363156561441907608883416119634579245821411431/293567822846729153486185074598667128421960318613539983838411371441526128139326055432962374798096087878991872,"[""ordinary_x_over_3""]",
24bfeb84a4ce87b56985d174dd98d1d5e1702a2b,f726ad70cb2643533f0d037b518cde1b702724adb4e6571fea25e26e4bfdd61e,b26c3bdea5a42988c0534d45bd092d0cc28e50535e08dc75b4692ed601799911,POSTHOC_ATTRIBUTION_DESIGN_INPUT,True,True,True,True,True,atan:1/12:scale:-2,1e-3,1e-4,36,44,8,2/9,21,10664241736918980347193713999722375375899822036175786554107897991185619516133703558412014045336241371/71671831749689734737838152978190216899892655911508785116799651230841339877765150252188079784691427704832,88420886797335758746756033334630049005383682923375358576371240882751983995994185600948426833368726835/9173994463960286046443283581208347763186259956673124494950355357547691504353939232280074212440502746218496,"[""ordinary_x_over_3""]",
24bfeb84a4ce87b56985d174dd98d1d5e1702a2b,f726ad70cb2643533f0d037b518cde1b702724adb4e6571fea25e26e4bfdd61e,b26c3bdea5a42988c0534d45bd092d0cc28e50535e08dc75b4692ed601799911,POSTHOC_ATTRIBUTION_DESIGN_INPUT,True,True,True,True,True,atan:1/12:scale:-2,1e-4,1e-6,44,76,32,8/11,83,88420886797335758746756033334630049005383682923375358576371240882751983995994185600948426833368726835/9173994463960286046443283581208347763186259956673124494950355357547691504353939232280074212440502746218496,91392375426796182202313377851665735380359870511906321934059723793607667989199674889947872903776812289/587135645693458306972370149197334256843920637227079967676822742883052256278652110865924749596192175757983744,"[""ordinary_x_over_3""]",
24bfeb84a4ce87b56985d174dd98d1d5e1702a2b,f726ad70cb2643533f0d037b518cde1b702724adb4e6571fea25e26e4bfdd61e,b26c3bdea5a42988c0534d45bd092d0cc28e50535e08dc75b4692ed601799911,POSTHOC_ATTRIBUTION_DESIGN_INPUT,True,True,True,True,True,atan:1/12:scale:1,1e-3,1e-4,38,48,10,5/19,26,40999847322300284484782571465553360726649122028347752008698746586768624918884163232539164468266835527/286687326998758938951352611912760867599570623646035140467198604923365359511060601008752319138765710819328,117610321526081972931666315440522017290059484241844502538089127037723007324673947931544979348382551707/9173994463960286046443283581208347763186259956673124494950355357547691504353939232280074212440502746218496,"[""ordinary_x_over_3""]",
24bfeb84a4ce87b56985d174dd98d1d5e1702a2b,f726ad70cb2643533f0d037b518cde1b702724adb4e6571fea25e26e4bfdd61e,b26c3bdea5a42988c0534d45bd092d0cc28e50535e08dc75b4692ed601799911,POSTHOC_ATTRIBUTION_DESIGN_INPUT,True,True,True,True,True,atan:1/12:scale:1,1e-4,1e-6,48,70,22,11/24,61,117610321526081972931666315440522017290059484241844502538089127037723007324673947931544979348382551707/9173994463960286046443283581208347763186259956673124494950355357547691504353939232280074212440502746218496,24774948595432873153161663196995380238822096199833621608181578280720953804441613619300917485122277097/146783911423364576743092537299333564210980159306769991919205685720763064069663027716481187399048043939495936,"[""ordinary_x_over_3""]",
24bfeb84a4ce87b56985d174dd98d1d5e1702a2b,f726ad70cb2643533f0d037b518cde1b702724adb4e6571fea25e26e4bfdd61e,b26c3bdea5a42988c0534d45bd092d0cc28e50535e08dc75b4692ed601799911,POSTHOC_ATTRIBUTION_DESIGN_INPUT,True,True,True,True,True,atan:1/12:scale:2,1e-3,1e-4,36,44,8,2/9,21,10664241736918980347193713999722375375899822036175786554107897991185619516133703558412012642394388107/71671831749689734737838152978190216899892655911508785116799651230841339877765150252188079784691427704832,88420886797335758746756033334630049005383682923375358576371240882751983995994185600943309107761958263/9173994463960286046443283581208347763186259956673124494950355357547691504353939232280074212440502746218496,"[""ordinary_x_over_3""]",
24bfeb84a4ce87b56985d174dd98d1d5e1702a2b,f726ad70cb2643533f0d037b518cde1b702724adb4e6571fea25e26e4bfdd61e,b26c3bdea5a42988c0534d45bd092d0cc28e50535e08dc75b4692ed601799911,POSTHOC_ATTRIBUTION_DESIGN_INPUT,True,True,True,True,True,atan:1/12:scale:2,1e-4,1e-6,44,76,32,8/11,77,88420886797335758746756033334630049005383682923375358576371240882751983995994185600943309107761958263/9173994463960286046443283581208347763186259956673124494950355357547691504353939232280074212440502746218496,91392375426796182202313377851665735380359870511906321934059723793607667989109388766458053836170430293/587135645693458306972370149197334256843920637227079967676822742883052256278652110865924749596192175757983744,"[""ordinary_x_over_3""]",
24bfeb84a4ce87b56985d174dd98d1d5e1702a2b,f726ad70cb2643533f0d037b518cde1b702724adb4e6571fea25e26e4bfdd61e,b26c3bdea5a42988c0534d45bd092d0cc28e50535e08dc75b4692ed601799911,POSTHOC_ATTRIBUTION_DESIGN_INPUT,True,True,True,True,True,atan:1/24:scale:-1,1e-3,1e-4,40,46,6,3/20,13,66449223984751020502104658208398374069854148904735530577023002597393953868014687607016320317837872989/1146749307995035755805410447651043470398282494584140561868794419693461438044242404035009276555062843277312,39991788783947371992048295546149809489718812712925328292155974721593232716991339193314167889693584083/4586997231980143023221641790604173881593129978336562247475177678773845752176969616140037106220251373109248,"[""ordinary_x_over_3""]",
24bfeb84a4ce87b56985d174dd98d1d5e1702a2b,f726ad70cb2643533f0d037b518cde1b702724adb4e6571fea25e26e4bfdd61e,b26c3bdea5a42988c0534d45bd092d0cc28e50535e08dc75b4692ed601799911,POSTHOC_ATTRIBUTION_DESIGN_INPUT,True,True,True,True,True,atan:1/24:scale:-1,1e-4,1e-6,46,68,22,11/23,51,39991788783947371992048295546149809489718812712925328292155974721593232716991339193314167889693584083/4586997231980143023221641790604173881593129978336562247475177678773845752176969616140037106220251373109248,14758605777555744953535064401779619958276517128173504611746993226624550077429213484314239957599645313/146783911423364576743092537299333564210980159306769991919205685720763064069663027716481187399048043939495936,"[""ordinary_x_over_3""]",
24bfeb84a4ce87b56985d174dd98d1d5e1702a2b,f726ad70cb2643533f0d037b518cde1b702724adb4e6571fea25e26e4bfdd61e,b26c3bdea5a42988c0534d45bd092d0cc28e50535e08dc75b4692ed601799911,POSTHOC_ATTRIBUTION_DESIGN_INPUT,True,True,True,True,True,atan:1/24:scale:-2,1e-3,1e-4,38,48,10,5/19,20,12130480269250325741834668863800246031626692923391113247281431093658184766552925442818801385214249755/143343663499379469475676305956380433799785311823017570233599302461682679755530300504376159569382855409664,78745603563849028210743757731631091093494476605822146911918772327865316506514538800977397685895062729/4586997231980143023221641790604173881593129978336562247475177678773845752176969616140037106220251373109248,"[""ordinary_x_over_3""]",
24bfeb84a4ce87b56985d174dd98d1d5e1702a2b,f726ad70cb2643533f0d037b518cde1b702724adb4e6571fea25e26e4bfdd61e,b26c3bdea5a42988c0534d45bd092d0cc28e50535e08dc75b4692ed601799911,POSTHOC_ATTRIBUTION_DESIGN_INPUT,True,True,True,True,True,atan:1/24:scale:-2,1e-4,1e-6,48,70,22,11/24,58,78745603563849028210743757731631091093494476605822146911918772327865316506514538800977397685895062729/4586997231980143023221641790604173881593129978336562247475177678773845752176969616140037106220251373109248,98853119334610497262556961991934696006298593952831960592659986800273093676733474042006154012376585925/2348542582773833227889480596789337027375682548908319870707290971532209025114608443463698998384768703031934976,"[""ordinary_x_over_3""]",
24bfeb84a4ce87b56985d174dd98d1d5e1702a2b,f726ad70cb2643533f0d037b518cde1b702724adb4e6571fea25e26e4bfdd61e,b26c3bdea5a42988c0534d45bd092d0cc28e50535e08dc75b4692ed601799911,POSTHOC_ATTRIBUTION_DESIGN_INPUT,True,True,True,True,True,atan:1/24:scale:1,1e-3,1e-4,40,46,6,3/20,15,33224611992375510251052329104199187034927074452367765288511501298696976934007343803508084886672224281/573374653997517877902705223825521735199141247292070280934397209846730719022121202017504638277531421638656,79983577567894743984096591092299618979437625425850656584311949443186465433982678386627827205880876751/9173994463960286046443283581208347763186259956673124494950355357547691504353939232280074212440502746218496,"[""ordinary_x_over_3""]",
24bfeb84a4ce87b56985d174dd98d1d5e1702a2b,f726ad70cb2643533f0d037b518cde1b702724adb4e6571fea25e26e4bfdd61e,b26c3bdea5a42988c0534d45bd092d0cc28e50535e08dc75b4692ed601799911,POSTHOC_ATTRIBUTION_DESIGN_INPUT,True,True,True,True,True,atan:1/24:scale:1,1e-4,1e-6,46,68,22,11/23,62,79983577567894743984096591092299618979437625425850656584311949443186465433982678386627827205880876751/9173994463960286046443283581208347763186259956673124494950355357547691504353939232280074212440502746218496,7379302888777872476767532200889809979138258564086752305873496613312275038714331987785813916910553565/73391955711682288371546268649666782105490079653384995959602842860381532034831513858240593699524021969747968,"[""ordinary_x_over_3""]",
24bfeb84a4ce87b56985d174dd98d1d5e1702a2b,f726ad70cb2643533f0d037b518cde1b702724adb4e6571fea25e26e4bfdd61e,b26c3bdea5a42988c0534d45bd092d0cc28e50535e08dc75b4692ed601799911,POSTHOC_ATTRIBUTION_DESIGN_INPUT,True,True,True,True,True,atan:1/24:scale:2,1e-3,1e-4,38,48,10,5/19,24,75145239279251729034890782405741090161057837249147039601060707168653108025804160157590959193398435709/573374653997517877902705223825521735199141247292070280934397209846730719022121202017504638277531421638656,78745603563849028210743757731631091093494476605822146911918772327865316506514538801183259886326914031/4586997231980143023221641790604173881593129978336562247475177678773845752176969616140037106220251373109248,"[""ordinary_x_over_3""]",
24bfeb84a4ce87b56985d174dd98d1d5e1702a2b,f726ad70cb2643533f0d037b518cde1b702724adb4e6571fea25e26e4bfdd61e,b26c3bdea5a42988c0534d45bd092d0cc28e50535e08dc75b4692ed601799911,POSTHOC_ATTRIBUTION_DESIGN_INPUT,True,True,True,True,True,atan:1/24:scale:2,1e-4,1e-6,48,70,22,11/24,56,78745603563849028210743757731631091093494476605822146911918772327865316506514538801183259886326914031/4586997231980143023221641790604173881593129978336562247475177678773845752176969616140037106220251373109248,49426559667305248631278480995967348003149296976415980296329993400136546838369061846162051848932005447/1174271291386916613944740298394668513687841274454159935353645485766104512557304221731849499192384351515967488,"[""ordinary_x_over_3""]",
24bfeb84a4ce87b56985d174dd98d1d5e1702a2b,f726ad70cb2643533f0d037b518cde1b702724adb4e6571fea25e26e4bfdd61e,b26c3bdea5a42988c0534d45bd092d0cc28e50535e08dc75b4692ed601799911,POSTHOC_ATTRIBUTION_DESIGN_INPUT,True,True,True,True,True,atan:1/4:scale:-1,1e-3,1e-4,42,50,8,4/21,23,20358157235709099929397380602357660764658332352896695442431224513502741679349538602994731120924610309/143343663499379469475676305956380433799785311823017570233599302461682679755530300504376159569382855409664,79991807273264467927311258118491688114932311404453528103666445361494644105182226430422636535788741651/4586997231980143023221641790604173881593129978336562247475177678773845752176969616140037106220251373109248,"[""PTSC_K0_x"",""ordinary_x""]",
24bfeb84a4ce87b56985d174dd98d1d5e1702a2b,f726ad70cb2643533f0d037b518cde1b702724adb4e6571fea25e26e4bfdd61e,b26c3bdea5a42988c0534d45bd092d0cc28e50535e08dc75b4692ed601799911,POSTHOC_ATTRIBUTION_DESIGN_INPUT,True,True,True,True,True,atan:1/4:scale:-1,1e-4,1e-6,50,70,20,2/5,49,79991807273264467927311258118491688114932311404453528103666445361494644105182226430422636535788741651/4586997231980143023221641790604173881593129978336562247475177678773845752176969616140037106220251373109248,6326718987959137033612749001509937242938311250615233390600431671841261614020492416705311823779252971/36695977855841144185773134324833391052745039826692497979801421430190766017415756929120296849762010984873984,"[""PTSC_K0_x"",""ordinary_x""]",
24bfeb84a4ce87b56985d174dd98d1d5e1702a2b,f726ad70cb2643533f0d037b518cde1b702724adb4e6571fea25e26e4bfdd61e,b26c3bdea5a42988c0534d45bd092d0cc28e50535e08dc75b4692ed601799911,POSTHOC_ATTRIBUTION_DESIGN_INPUT,True,True,True,True,True,atan:1/4:scale:-2,1e-3,1e-4,42,58,16,8/21,30,3134419413770011944801433781860496354662283472215198337038469237870272063243226730684860993118194259/35835915874844867368919076489095108449946327955754392558399825615420669938882575126094039892345713852416,106971345250486277124387099050874644094042111843502994842489400918936924857557401741842993972335821389/9173994463960286046443283581208347763186259956673124494950355357547691504353939232280074212440502746218496,"[""PTSC_K0_x"",""ordinary_x""]",
24bfeb84a4ce87b56985d174dd98d1d5e1702a2b,f726ad70cb2643533f0d037b518cde1b702724adb4e6571fea25e26e4bfdd61e,b26c3bdea5a42988c0534d45bd092d0cc28e50535e08dc75b4692ed601799911,POSTHOC_ATTRIBUTION_DESIGN_INPUT,True,True,True,True,True,atan:1/4:scale:-2,1e-4,1e-6,58,84,26,13/29,74,106971345250486277124387099050874644094042111843502994842489400918936924857557401741842993972335821389/9173994463960286046443283581208347763186259956673124494950355357547691504353939232280074212440502746218496,126986773051195792729600250666564987938247384075239301311094888001007020581256182618744142341130131717/1174271291386916613944740298394668513687841274454159935353645485766104512557304221731849499192384351515967488,"[""PTSC_K0_x"",""ordinary_x""]",
24bfeb84a4ce87b56985d174dd98d1d5e1702a2b,f726ad70cb2643533f0d037b518cde1b702724adb4e6571fea25e26e4bfdd61e,b26c3bdea5a42988c0534d45bd092d0cc28e50535e08dc75b4692ed601799911,POSTHOC_ATTRIBUTION_DESIGN_INPUT,True,True,True,True,True,atan:1/4:scale:1,1e-3,1e-4,42,50,8,4/21,18,6039906603813163708553819365274594724340894029408508251954441075454105262840860455050083921804352649/71671831749689734737838152978190216899892655911508785116799651230841339877765150252188079784691427704832,79991807273264467927311258118491688114932311404453528103666445361494644105182226430002538173786819733/4586997231980143023221641790604173881593129978336562247475177678773845752176969616140037106220251373109248,"[""PTSC_K0_x"",""ordinary_x""]",
24bfeb84a4ce87b56985d174dd98d1d5e1702a2b,f726ad70cb2643533f0d037b518cde1b702724adb4e6571fea25e26e4bfdd61e,b26c3bdea5a42988c0534d45bd092d0cc28e50535e08dc75b4692ed601799911,POSTHOC_ATTRIBUTION_DESIGN_INPUT,True,True,True,True,True,atan:1/4:scale:1,1e-4,1e-6,50,70,20,2/5,48,79991807273264467927311258118491688114932311404453528103666445361494644105182226430002538173786819733/4586997231980143023221641790604173881593129978336562247475177678773845752176969616140037106220251373109248,49086397901567590611492967812440659267870837580931298398131408630078032267443083650331398980434117633/293567822846729153486185074598667128421960318613539983838411371441526128139326055432962374798096087878991872,"[""PTSC_K0_x"",""ordinary_x""]",
24bfeb84a4ce87b56985d174dd98d1d5e1702a2b,f726ad70cb2643533f0d037b518cde1b702724adb4e6571fea25e26e4bfdd61e,b26c3bdea5a42988c0534d45bd092d0cc28e50535e08dc75b4692ed601799911,POSTHOC_ATTRIBUTION_DESIGN_INPUT,True,True,True,True,True,atan:1/4:scale:2,1e-3,1e-4,42,58,16,8/21,46,50150710620320191116822940509767941674596535555443173392615507805924353011891627690957030717426137413/573374653997517877902705223825521735199141247292070280934397209846730719022121202017504638277531421638656,53485672625243138562193549525437322047021055921751497421244700459468462428778700858493318625029455617/4586997231980143023221641790604173881593129978336562247475177678773845752176969616140037106220251373109248,"[""PTSC_K0_x"",""ordinary_x""]",
24bfeb84a4ce87b56985d174dd98d1d5e1702a2b,f726ad70cb2643533f0d037b518cde1b702724adb4e6571fea25e26e4bfdd61e,b26c3bdea5a42988c0534d45bd092d0cc28e50535e08dc75b4692ed601799911,POSTHOC_ATTRIBUTION_DESIGN_INPUT,True,True,True,True,True,atan:1/4:scale:2,1e-4,1e-6,58,84,26,13/29,60,53485672625243138562193549525437322047021055921751497421244700459468462428778700858493318625029455617/4586997231980143023221641790604173881593129978336562247475177678773845752176969616140037106220251373109248,126986773051195792729600250666564987938247384075239301311094888001007020593355543252082077987000038469/1174271291386916613944740298394668513687841274454159935353645485766104512557304221731849499192384351515967488,"[""PTSC_K0_x"",""ordinary_x""]",
24bfeb84a4ce87b56985d174dd98d1d5e1702a2b,f726ad70cb2643533f0d037b518cde1b702724adb4e6571fea25e26e4bfdd61e,b26c3bdea5a42988c0534d45bd092d0cc28e50535e08dc75b4692ed601799911,POSTHOC_ATTRIBUTION_DESIGN_INPUT,True,True,True,True,True,atan:1/8:scale:-1,1e-3,1e-4,36,52,16,4/9,46,90396181688408149239460834693970475045872604854546273581721771766898123013869661086541235777742340599/573374653997517877902705223825521735199141247292070280934397209846730719022121202017504638277531421638656,70839010909242299199184253362628247595227346993525235130892243336737624096620550500442070901188935245/4586997231980143023221641790604173881593129978336562247475177678773845752176969616140037106220251373109248,"[""PTSC_K0_x"",""ordinary_x""]",
24bfeb84a4ce87b56985d174dd98d1d5e1702a2b,f726ad70cb2643533f0d037b518cde1b702724adb4e6571fea25e26e4bfdd61e,b26c3bdea5a42988c0534d45bd092d0cc28e50535e08dc75b4692ed601799911,POSTHOC_ATTRIBUTION_DESIGN_INPUT,True,True,True,True,True,atan:1/8:scale:-1,1e-4,1e-6,52,68,16,4/13,35,70839010909242299199184253362628247595227346993525235130892243336737624096620550500442070901188935245/4586997231980143023221641790604173881593129978336562247475177678773845752176969616140037106220251373109248,80211968372454377740788322047420142880129395466821714571017245626598576636646316737037313451560917033/1174271291386916613944740298394668513687841274454159935353645485766104512557304221731849499192384351515967488,"[""PTSC_K0_x"",""ordinary_x""]",
24bfeb84a4ce87b56985d174dd98d1d5e1702a2b,f726ad70cb2643533f0d037b518cde1b702724adb4e6571fea25e26e4bfdd61e,b26c3bdea5a42988c0534d45bd092d0cc28e50535e08dc75b4692ed601799911,POSTHOC_ATTRIBUTION_DESIGN_INPUT,True,True,True,True,True,atan:1/8:scale:-2,1e-3,1e-4,38,52,14,7/19,33,133716315797545948060689859894309232436820732181832069769609504116092148499054763364978463065643953225/1146749307995035755805410447651043470398282494584140561868794419693461438044242404035009276555062843277312,43514446631069156124501430876717542312441578508116888279105801284572514042743970910467612834660891199/4586997231980143023221641790604173881593129978336562247475177678773845752176969616140037106220251373109248,"[""PTSC_K0_x"",""ordinary_x""]",
24bfeb84a4ce87b56985d174dd98d1d5e1702a2b,f726ad70cb2643533f0d037b518cde1b702724adb4e6571fea25e26e4bfdd61e,b26c3bdea5a42988c0534d45bd092d0cc28e50535e08dc75b4692ed601799911,POSTHOC_ATTRIBUTION_DESIGN_INPUT,True,True,True,True,True,atan:1/8:scale:-2,1e-4,1e-6,52,72,20,5/13,58,43514446631069156124501430876717542312441578508116888279105801284572514042743970910467612834660891199/4586997231980143023221641790604173881593129978336562247475177678773845752176969616140037106220251373109248,71672605306669143220980144239326396245442666406969010326361498988695740585207339218378303127112655215/1174271291386916613944740298394668513687841274454159935353645485766104512557304221731849499192384351515967488,"[""PTSC_K0_x"",""ordinary_x""]",
24bfeb84a4ce87b56985d174dd98d1d5e1702a2b,f726ad70cb2643533f0d037b518cde1b702724adb4e6571fea25e26e4bfdd61e,b26c3bdea5a42988c0534d45bd092d0cc28e50535e08dc75b4692ed601799911,POSTHOC_ATTRIBUTION_DESIGN_INPUT,True,True,True,True,True,atan:1/8:scale:1,1e-3,1e-4,36,52,16,4/9,40,5649761355525509327466302168373154690367037803409142098857610735431132688366853817908826450837446687/35835915874844867368919076489095108449946327955754392558399825615420669938882575126094039892345713852416,67665384230805707959222178014086507561660688256612708406730666884278694284605510675234548888215468635/4586997231980143023221641790604173881593129978336562247475177678773845752176969616140037106220251373109248,"[""PTSC_K0_x"",""ordinary_x""]",
24bfeb84a4ce87b56985d174dd98d1d5e1702a2b,f726ad70cb2643533f0d037b518cde1b702724adb4e6571fea25e26e4bfdd61e,b26c3bdea5a42988c0534d45bd092d0cc28e50535e08dc75b4692ed601799911,POSTHOC_ATTRIBUTION_DESIGN_INPUT,True,True,True,True,True,atan:1/8:scale:1,1e-4,1e-6,52,68,16,4/13,45,67665384230805707959222178014086507561660688256612708406730666884278694284605510675234548888215468635/4586997231980143023221641790604173881593129978336562247475177678773845752176969616140037106220251373109248,5013248023278398608799270127963758930008087216676357160688577851662411039790424306053902704781044133/73391955711682288371546268649666782105490079653384995959602842860381532034831513858240593699524021969747968,"[""PTSC_K0_x"",""ordinary_x""]",
24bfeb84a4ce87b56985d174dd98d1d5e1702a2b,f726ad70cb2643533f0d037b518cde1b702724adb4e6571fea25e26e4bfdd61e,b26c3bdea5a42988c0534d45bd092d0cc28e50535e08dc75b4692ed601799911,POSTHOC_ATTRIBUTION_DESIGN_INPUT,True,True,True,True,True,atan:1/8:scale:2,1e-3,1e-4,38,52,14,7/19,32,133716315797545948060689859894309232436820732181832069769609504116092148499054763364978017486925647413/1146749307995035755805410447651043470398282494584140561868794419693461438044242404035009276555062843277312,87028893262138312249002861753435084624883157016233776558211602569145028085487941816475588316105696323/9173994463960286046443283581208347763186259956673124494950355357547691504353939232280074212440502746218496,"[""PTSC_K0_x"",""ordinary_x""]",
24bfeb84a4ce87b56985d174dd98d1d5e1702a2b,f726ad70cb2643533f0d037b518cde1b702724adb4e6571fea25e26e4bfdd61e,b26c3bdea5a42988c0534d45bd092d0cc28e50535e08dc75b4692ed601799911,POSTHOC_ATTRIBUTION_DESIGN_INPUT,True,True,True,True,True,atan:1/8:scale:2,1e-4,1e-6,52,72,20,5/13,46,87028893262138312249002861753435084624883157016233776558211602569145028085487941816475588316105696323/9173994463960286046443283581208347763186259956673124494950355357547691504353939232280074212440502746218496,71672605306669143220980144239326396245442666406969010326361498988695740585209636013766872735989273103/1174271291386916613944740298394668513687841274454159935353645485766104512557304221731849499192384351515967488,"[""PTSC_K0_x"",""ordinary_x""]",
24bfeb84a4ce87b56985d174dd98d1d5e1702a2b,f726ad70cb2643533f0d037b518cde1b702724adb4e6571fea25e26e4bfdd61e,b26c3bdea5a42988c0534d45bd092d0cc28e50535e08dc75b4692ed601799911,POSTHOC_ATTRIBUTION_DESIGN_INPUT,True,True,True,True,True,atan:3067/24576:scale:-1,1e-3,1e-4,38,48,10,5/19,32,19496956538911609844487942278389893577901792261098355542747635170208483572951281080685319124123834187/143343663499379469475676305956380433799785311823017570233599302461682679755530300504376159569382855409664,77189465636926809469154788234236949044594801250003070696206127201827795762549702458496103565523295679/9173994463960286046443283581208347763186259956673124494950355357547691504353939232280074212440502746218496,"[""CTS_collected_common_angle""]",
24bfeb84a4ce87b56985d174dd98d1d5e1702a2b,f726ad70cb2643533f0d037b518cde1b702724adb4e6571fea25e26e4bfdd61e,b26c3bdea5a42988c0534d45bd092d0cc28e50535e08dc75b4692ed601799911,POSTHOC_ATTRIBUTION_DESIGN_INPUT,True,True,True,True,True,atan:3067/24576:scale:-1,1e-4,1e-6,48,68,20,5/12,50,77189465636926809469154788234236949044594801250003070696206127201827795762549702458496103565523295679/9173994463960286046443283581208347763186259956673124494950355357547691504353939232280074212440502746218496,128564049154706750447229517528809891871380307058868866123535645174810135192018667953388957425929786619/1174271291386916613944740298394668513687841274454159935353645485766104512557304221731849499192384351515967488,"[""CTS_collected_common_angle""]",
24bfeb84a4ce87b56985d174dd98d1d5e1702a2b,f726ad70cb2643533f0d037b518cde1b702724adb4e6571fea25e26e4bfdd61e,b26c3bdea5a42988c0534d45bd092d0cc28e50535e08dc75b4692ed601799911,POSTHOC_ATTRIBUTION_DESIGN_INPUT,True,True,True,True,True,atan:3067/24576:scale:-2,1e-3,1e-4,38,48,10,5/19,34,47687817012836551563084611208701533275387873993468736935354371179054846840331753552185567021384482541/286687326998758938951352611912760867599570623646035140467198604923365359511060601008752319138765710819328,88612246297532506111918713820176780252464030287086026959336755841772171709175669630916696802833943935/9173994463960286046443283581208347763186259956673124494950355357547691504353939232280074212440502746218496,"[""CTS_collected_common_angle""]",
24bfeb84a4ce87b56985d174dd98d1d5e1702a2b,f726ad70cb2643533f0d037b518cde1b702724adb4e6571fea25e26e4bfdd61e,b26c3bdea5a42988c0534d45bd092d0cc28e50535e08dc75b4692ed601799911,POSTHOC_ATTRIBUTION_DESIGN_INPUT,True,True,True,True,True,atan:3067/24576:scale:-2,1e-4,1e-6,48,72,24,1/2,53,88612246297532506111918713820176780252464030287086026959336755841772171709175669630916696802833943935/9173994463960286046443283581208347763186259956673124494950355357547691504353939232280074212440502746218496,89678300144388558010010317416350807686662060490328481729939288541521203433261648156592507854167538951/1174271291386916613944740298394668513687841274454159935353645485766104512557304221731849499192384351515967488,"[""CTS_collected_common_angle""]",
24bfeb84a4ce87b56985d174dd98d1d5e1702a2b,f726ad70cb2643533f0d037b518cde1b702724adb4e6571fea25e26e4bfdd61e,b26c3bdea5a42988c0534d45bd092d0cc28e50535e08dc75b4692ed601799911,POSTHOC_ATTRIBUTION_DESIGN_INPUT,True,True,True,True,True,atan:3067/24576:scale:1,1e-3,1e-4,38,48,10,5/19,31,47287511691915862786265778344587517816960757806918953573220184108099765765831732910423420622110942705/286687326998758938951352611912760867599570623646035140467198604923365359511060601008752319138765710819328,4824341602307925591822174264639809315287175078125191918512882950114237235159356403655738076396235477/573374653997517877902705223825521735199141247292070280934397209846730719022121202017504638277531421638656,"[""CTS_collected_common_angle""]",
24bfeb84a4ce87b56985d174dd98d1d5e1702a2b,f726ad70cb2643533f0d037b518cde1b702724adb4e6571fea25e26e4bfdd61e,b26c3bdea5a42988c0534d45bd092d0cc28e50535e08dc75b4692ed601799911,POSTHOC_ATTRIBUTION_DESIGN_INPUT,True,True,True,True,True,atan:3067/24576:scale:1,1e-4,1e-6,48,68,20,5/12,51,4824341602307925591822174264639809315287175078125191918512882950114237235159356403655738076396235477/573374653997517877902705223825521735199141247292070280934397209846730719022121202017504638277531421638656,23074496405537988020738574745447158827688007509851177099983244979587002350486929986387572747108935369/146783911423364576743092537299333564210980159306769991919205685720763064069663027716481187399048043939495936,"[""CTS_collected_common_angle""]",
24bfeb84a4ce87b56985d174dd98d1d5e1702a2b,f726ad70cb2643533f0d037b518cde1b702724adb4e6571fea25e26e4bfdd61e,b26c3bdea5a42988c0534d45bd092d0cc28e50535e08dc75b4692ed601799911,POSTHOC_ATTRIBUTION_DESIGN_INPUT,True,True,True,True,True,atan:3067/24576:scale:2,1e-3,1e-4,38,48,10,5/19,26,38474623983738686801084446135077873136951765320416966125799604775432712399823615700574278704648900791/286687326998758938951352611912760867599570623646035140467198604923365359511060601008752319138765710819328,44306123148766253055959356910088390126232015143543013479668377920886085854587834815339289419909855049/4586997231980143023221641790604173881593129978336562247475177678773845752176969616140037106220251373109248,"[""CTS_collected_common_angle""]",
24bfeb84a4ce87b56985d174dd98d1d5e1702a2b,f726ad70cb2643533f0d037b518cde1b702724adb4e6571fea25e26e4bfdd61e,b26c3bdea5a42988c0534d45bd092d0cc28e50535e08dc75b4692ed601799911,POSTHOC_ATTRIBUTION_DESIGN_INPUT,True,True,True,True,True,atan:3067/24576:scale:2,1e-4,1e-6,48,72,24,1/2,58,44306123148766253055959356910088390126232015143543013479668377920886085854587834815339289419909855049/4586997231980143023221641790604173881593129978336562247475177678773845752176969616140037106220251373109248,45648653592872984082650118290601659356986370478302306439830804170162570958172425522533630822049396717/293567822846729153486185074598667128421960318613539983838411371441526128139326055432962374798096087878991872,"[""CTS_collected_common_angle""]",
24bfeb84a4ce87b56985d174dd98d1d5e1702a2b,f726ad70cb2643533f0d037b518cde1b702724adb4e6571fea25e26e4bfdd61e,b26c3bdea5a42988c0534d45bd092d0cc28e50535e08dc75b4692ed601799911,POSTHOC_ATTRIBUTION_DESIGN_INPUT,True,True,True,True,True,atan:383/3072:scale:-1,1e-3,1e-4,38,48,10,5/19,21,36721869173642879952870498275063586729578470872029494157730452921278634046935438341732625092459570307/286687326998758938951352611912760867599570623646035140467198604923365359511060601008752319138765710819328,36861210876052308256987874314069491922790777266704013121726310383752749965926019444850947725250904043/9173994463960286046443283581208347763186259956673124494950355357547691504353939232280074212440502746218496,"[""CTS_collected_common_angle""]",
24bfeb84a4ce87b56985d174dd98d1d5e1702a2b,f726ad70cb2643533f0d037b518cde1b702724adb4e6571fea25e26e4bfdd61e,b26c3bdea5a42988c0534d45bd092d0cc28e50535e08dc75b4692ed601799911,POSTHOC_ATTRIBUTION_DESIGN_INPUT,True,True,True,True,True,atan:383/3072:scale:-1,1e-4,1e-6,48,70,22,11/24,61,36861210876052308256987874314069491922790777266704013121726310383752749965926019444850947725250904043/9173994463960286046443283581208347763186259956673124494950355357547691504353939232280074212440502746218496,50029831399293534295003135282101318300479568276601689243864465916514564404179325872109472276489840165/293567822846729153486185074598667128421960318613539983838411371441526128139326055432962374798096087878991872,"[""CTS_collected_common_angle""]",
24bfeb84a4ce87b56985d174dd98d1d5e1702a2b,f726ad70cb2643533f0d037b518cde1b702724adb4e6571fea25e26e4bfdd61e,b26c3bdea5a42988c0534d45bd092d0cc28e50535e08dc75b4692ed601799911,POSTHOC_ATTRIBUTION_DESIGN_INPUT,True,True,True,True,True,atan:383/3072:scale:-2,1e-3,1e-4,38,52,14,7/19,43,26921207759385825051325922980301421773067482584705562763015377408703662226441357442791075734150438165/286687326998758938951352611912760867599570623646035140467198604923365359511060601008752319138765710819328,68542727948647072132461656154201262830584386375855206233053106469434048516410723679332092787652646921/4586997231980143023221641790604173881593129978336562247475177678773845752176969616140037106220251373109248,"[""CTS_collected_common_angle""]",
24bfeb84a4ce87b56985d174dd98d1d5e1702a2b,f726ad70cb2643533f0d037b518cde1b702724adb4e6571fea25e26e4bfdd61e,b26c3bdea5a42988c0534d45bd092d0cc28e50535e08dc75b4692ed601799911,POSTHOC_ATTRIBUTION_DESIGN_INPUT,True,True,True,True,True,atan:383/3072:scale:-2,1e-4,1e-6,52,66,14,7/26,29,68542727948647072132461656154201262830584386375855206233053106469434048516410723679332092787652646921/4586997231980143023221641790604173881593129978336562247475177678773845752176969616140037106220251373109248,85495532128682863545640459972217812963471025951987956434599559332095760160250428208435000157023100349/587135645693458306972370149197334256843920637227079967676822742883052256278652110865924749596192175757983744,"[""CTS_collected_common_angle""]",
24bfeb84a4ce87b56985d174dd98d1d5e1702a2b,f726ad70cb2643533f0d037b518cde1b702724adb4e6571fea25e26e4bfdd61e,b26c3bdea5a42988c0534d45bd092d0cc28e50535e08dc75b4692ed601799911,POSTHOC_ATTRIBUTION_DESIGN_INPUT,True,True,True,True,True,atan:383/3072:scale:1,1e-3,1e-4,38,48,10,5/19,34,73443738347285759905740996550127173459156941744058988315460905842557268093870876683465094403512618021/573374653997517877902705223825521735199141247292070280934397209846730719022121202017504638277531421638656,73722421752104616513975748628138983845581554533408026243452620767505499931852038889708468262658560119/18347988927920572092886567162416695526372519913346248989900710715095383008707878464560148424881005492436992,"[""CTS_collected_common_angle""]",
24bfeb84a4ce87b56985d174dd98d1d5e1702a2b,f726ad70cb2643533f0d037b518cde1b702724adb4e6571fea25e26e4bfdd61e,b26c3bdea5a42988c0534d45bd092d0cc28e50535e08dc75b4692ed601799911,POSTHOC_ATTRIBUTION_DESIGN_INPUT,True,True,True,True,True,atan:383/3072:scale:1,1e-4,1e-6,48,70,22,11/24,59,73722421752104616513975748628138983845581554533408026243452620767505499931852038889708468262658560119/18347988927920572092886567162416695526372519913346248989900710715095383008707878464560148424881005492436992,131179304680732607866067460689422503936528322351704577812366548149725607295868150393276503129715369847/1174271291386916613944740298394668513687841274454159935353645485766104512557304221731849499192384351515967488,"[""CTS_collected_common_angle""]",
24bfeb84a4ce87b56985d174dd98d1d5e1702a2b,f726ad70cb2643533f0d037b518cde1b702724adb4e6571fea25e26e4bfdd61e,b26c3bdea5a42988c0534d45bd092d0cc28e50535e08dc75b4692ed601799911,POSTHOC_ATTRIBUTION_DESIGN_INPUT,True,True,True,True,True,atan:383/3072:scale:2,1e-3,1e-4,38,52,14,7/19,34,11086557001426134051139043803310291083182121360859138734063836064740589368166042244748683053920022495/71671831749689734737838152978190216899892655911508785116799651230841339877765150252188079784691427704832,71464613321063828411861707200203528860696816917725562622691491058320354966344454637165703232395006383/4586997231980143023221641790604173881593129978336562247475177678773845752176969616140037106220251373109248,"[""CTS_collected_common_angle""]",
24bfeb84a4ce87b56985d174dd98d1d5e1702a2b,f726ad70cb2643533f0d037b518cde1b702724adb4e6571fea25e26e4bfdd61e,b26c3bdea5a42988c0534d45bd092d0cc28e50535e08dc75b4692ed601799911,POSTHOC_ATTRIBUTION_DESIGN_INPUT,True,True,True,True,True,atan:383/3072:scale:2,1e-4,1e-6,52,66,14,7/26,32,71464613321063828411861707200203528860696816917725562622691491058320354966344454637165703232395006383/4586997231980143023221641790604173881593129978336562247475177678773845752176969616140037106220251373109248,42747766064341431772820229986108906481735512975993978217299779666047880080125213874857030638222810861/293567822846729153486185074598667128421960318613539983838411371441526128139326055432962374798096087878991872,"[""CTS_collected_common_angle""]",
24bfeb84a4ce87b56985d174dd98d1d5e1702a2b,f726ad70cb2643533f0d037b518cde1b702724adb4e6571fea25e26e4bfdd61e,b26c3bdea5a42988c0534d45bd092d0cc28e50535e08dc75b4692ed601799911,POSTHOC_ATTRIBUTION_DESIGN_INPUT,True,True,True,True,True,atan:385/3096:scale:-1,1e-3,1e-4,40,46,6,3/20,15,1097600971069073943037043226898837473841742832086561989548182500297277892747074442330243478029022655/8958978968711216842229769122273777112486581988938598139599956403855167484720643781523509973086428463104,9073516482384175483012969949785389978472970511157666489253555813051298357557899581820823215899858655/573374653997517877902705223825521735199141247292070280934397209846730719022121202017504638277531421638656,"[""A_rho_even_order_0"",""A_rho_even_order_2"",""A_rho_odd_complement""]",
24bfeb84a4ce87b56985d174dd98d1d5e1702a2b,f726ad70cb2643533f0d037b518cde1b702724adb4e6571fea25e26e4bfdd61e,b26c3bdea5a42988c0534d45bd092d0cc28e50535e08dc75b4692ed601799911,POSTHOC_ATTRIBUTION_DESIGN_INPUT,True,True,True,True,True,atan:385/3096:scale:-1,1e-4,1e-6,46,70,24,12/23,70,9073516482384175483012969949785389978472970511157666489253555813051298357557899581820823215899858655/573374653997517877902705223825521735199141247292070280934397209846730719022121202017504638277531421638656,2645039865033662109492843247469188894692399792864223137074984662520243614023269230815770114098260505/18347988927920572092886567162416695526372519913346248989900710715095383008707878464560148424881005492436992,"[""A_rho_even_order_0"",""A_rho_even_order_2"",""A_rho_odd_complement""]",
24bfeb84a4ce87b56985d174dd98d1d5e1702a2b,f726ad70cb2643533f0d037b518cde1b702724adb4e6571fea25e26e4bfdd61e,b26c3bdea5a42988c0534d45bd092d0cc28e50535e08dc75b4692ed601799911,POSTHOC_ATTRIBUTION_DESIGN_INPUT,True,True,True,True,True,atan:385/3096:scale:-2,1e-3,1e-4,38,48,10,5/19,18,82865987160744071007112651099997703866740952840753564663100787665314041649984470380437829807754001209/573374653997517877902705223825521735199141247292070280934397209846730719022121202017504638277531421638656,54200514143461961538479932734279921405553930955156990129871818051598136646548360287104100890161566653/4586997231980143023221641790604173881593129978336562247475177678773845752176969616140037106220251373109248,"[""A_rho_even_order_0"",""A_rho_even_order_2"",""A_rho_odd_complement""]",
24bfeb84a4ce87b56985d174dd98d1d5e1702a2b,f726ad70cb2643533f0d037b518cde1b702724adb4e6571fea25e26e4bfdd61e,b26c3bdea5a42988c0534d45bd092d0cc28e50535e08dc75b4692ed601799911,POSTHOC_ATTRIBUTION_DESIGN_INPUT,True,True,True,True,True,atan:385/3096:scale:-2,1e-4,1e-6,48,68,20,5/12,58,54200514143461961538479932734279921405553930955156990129871818051598136646548360287104100890161566653/4586997231980143023221641790604173881593129978336562247475177678773845752176969616140037106220251373109248,539838742964623697670927083462040559610053005770603304941971482260740942448400973620104640784290391/4586997231980143023221641790604173881593129978336562247475177678773845752176969616140037106220251373109248,"[""A_rho_even_order_0"",""A_rho_even_order_2"",""A_rho_odd_complement""]",
24bfeb84a4ce87b56985d174dd98d1d5e1702a2b,f726ad70cb2643533f0d037b518cde1b702724adb4e6571fea25e26e4bfdd61e,b26c3bdea5a42988c0534d45bd092d0cc28e50535e08dc75b4692ed601799911,POSTHOC_ATTRIBUTION_DESIGN_INPUT,True,True,True,True,True,atan:385/3096:scale:1,1e-3,1e-4,40,46,6,3/20,21,96755239659540664074234631545263961805903157918731448065336200208735997197232728254588589756843009077/573374653997517877902705223825521735199141247292070280934397209846730719022121202017504638277531421638656,72588131859073403864103759598283119827783764089261331914028446504410386860463196654540901318284362979/4586997231980143023221641790604173881593129978336562247475177678773845752176969616140037106220251373109248,"[""A_rho_even_order_0"",""A_rho_even_order_2"",""A_rho_odd_complement""]",
24bfeb84a4ce87b56985d174dd98d1d5e1702a2b,f726ad70cb2643533f0d037b518cde1b702724adb4e6571fea25e26e4bfdd61e,b26c3bdea5a42988c0534d45bd092d0cc28e50535e08dc75b4692ed601799911,POSTHOC_ATTRIBUTION_DESIGN_INPUT,True,True,True,True,True,atan:385/3096:scale:1,1e-4,1e-6,46,70,24,12/23,45,72588131859073403864103759598283119827783764089261331914028446504410386860463196654540901318284362979/4586997231980143023221641790604173881593129978336562247475177678773845752176969616140037106220251373109248,10954398027823874322173719201757637353981283050110417569852491386981578213413145927837085215470008001/73391955711682288371546268649666782105490079653384995959602842860381532034831513858240593699524021969747968,"[""A_rho_even_order_0"",""A_rho_even_order_2"",""A_rho_odd_complement""]",
24bfeb84a4ce87b56985d174dd98d1d5e1702a2b,f726ad70cb2643533f0d037b518cde1b702724adb4e6571fea25e26e4bfdd61e,b26c3bdea5a42988c0534d45bd092d0cc28e50535e08dc75b4692ed601799911,POSTHOC_ATTRIBUTION_DESIGN_INPUT,True,True,True,True,True,atan:385/3096:scale:2,1e-3,1e-4,38,48,10,5/19,35,82865987160744071007112651099997703866740952840753564663100787665314041649984470380437850212226417497/573374653997517877902705223825521735199141247292070280934397209846730719022121202017504638277531421638656,6775064267932745192309991591784990175694241369394623766233977256449767080818545035895535559309997085/573374653997517877902705223825521735199141247292070280934397209846730719022121202017504638277531421638656,"[""A_rho_even_order_0"",""A_rho_even_order_2"",""A_rho_odd_complement""]",
24bfeb84a4ce87b56985d174dd98d1d5e1702a2b,f726ad70cb2643533f0d037b518cde1b702724adb4e6571fea25e26e4bfdd61e,b26c3bdea5a42988c0534d45bd092d0cc28e50535e08dc75b4692ed601799911,POSTHOC_ATTRIBUTION_DESIGN_INPUT,True,True,True,True,True,atan:385/3096:scale:2,1e-4,1e-6,48,68,20,5/12,49,6775064267932745192309991591784990175694241369394623766233977256449767080818545035895535559309997085/573374653997517877902705223825521735199141247292070280934397209846730719022121202017504638277531421638656,69099359099471833301878666683141191630086784738637223032572349729374840633394964909416105662214393981/587135645693458306972370149197334256843920637227079967676822742883052256278652110865924749596192175757983744,"[""A_rho_even_order_0"",""A_rho_even_order_2"",""A_rho_odd_complement""]",
24bfeb84a4ce87b56985d174dd98d1d5e1702a2b,f726ad70cb2643533f0d037b518cde1b702724adb4e6571fea25e26e4bfdd61e,b26c3bdea5a42988c0534d45bd092d0cc28e50535e08dc75b4692ed601799911,POSTHOC_ATTRIBUTION_DESIGN_INPUT,True,True,True,True,True,atan:763/3072:scale:-1,1e-3,1e-4,34,48,14,7/17,39,83287865206069256665347078062794715851046544441662971292867177292696736594701261508962136185381475743/1146749307995035755805410447651043470398282494584140561868794419693461438044242404035009276555062843277312,74335759664682553603796609286257875537659030314286420362751749920272396942270497794452420433996308259/4586997231980143023221641790604173881593129978336562247475177678773845752176969616140037106220251373109248,"[""CTS_collected_common_angle""]",
24bfeb84a4ce87b56985d174dd98d1d5e1702a2b,f726ad70cb2643533f0d037b518cde1b702724adb4e6571fea25e26e4bfdd61e,b26c3bdea5a42988c0534d45bd092d0cc28e50535e08dc75b4692ed601799911,POSTHOC_ATTRIBUTION_DESIGN_INPUT,True,True,True,True,True,atan:763/3072:scale:-1,1e-4,1e-6,48,70,22,11/24,53,74335759664682553603796609286257875537659030314286420362751749920272396942270497794452420433996308259/4586997231980143023221641790604173881593129978336562247475177678773845752176969616140037106220251373109248,76418918994818817037770989913004994994823767507879739478743716704856269876660301727079713630373071317/587135645693458306972370149197334256843920637227079967676822742883052256278652110865924749596192175757983744,"[""CTS_collected_common_angle""]",
24bfeb84a4ce87b56985d174dd98d1d5e1702a2b,f726ad70cb2643533f0d037b518cde1b702724adb4e6571fea25e26e4bfdd61e,b26c3bdea5a42988c0534d45bd092d0cc28e50535e08dc75b4692ed601799911,POSTHOC_ATTRIBUTION_DESIGN_INPUT,True,True,True,True,True,atan:763/3072:scale:-2,1e-3,1e-4,38,50,12,6/19,19,41614352124319718024204211347598858036162808695893631543410314997858733256756553505970412437146568979/286687326998758938951352611912760867599570623646035140467198604923365359511060601008752319138765710819328,72253815150045596973962712216509803567810862300702067626332347440706035167066297175925930279713226729/4586997231980143023221641790604173881593129978336562247475177678773845752176969616140037106220251373109248,"[""CTS_collected_common_angle""]",
24bfeb84a4ce87b56985d174dd98d1d5e1702a2b,f726ad70cb2643533f0d037b518cde1b702724adb4e6571fea25e26e4bfdd61e,b26c3bdea5a42988c0534d45bd092d0cc28e50535e08dc75b4692ed601799911,POSTHOC_ATTRIBUTION_DESIGN_INPUT,True,True,True,True,True,atan:763/3072:scale:-2,1e-4,1e-6,50,66,16,8/25,42,72253815150045596973962712216509803567810862300702067626332347440706035167066297175925930279713226729/4586997231980143023221641790604173881593129978336562247475177678773845752176969616140037106220251373109248,61409536900093459266063512544831892650103743619323725469978784021462215237138284838640727267289805117/587135645693458306972370149197334256843920637227079967676822742883052256278652110865924749596192175757983744,"[""CTS_collected_common_angle""]",
24bfeb84a4ce87b56985d174dd98d1d5e1702a2b,f726ad70cb2643533f0d037b518cde1b702724adb4e6571fea25e26e4bfdd61e,b26c3bdea5a42988c0534d45bd092d0cc28e50535e08dc75b4692ed601799911,POSTHOC_ATTRIBUTION_DESIGN_INPUT,True,True,True,True,True,atan:763/3072:scale:1,1e-3,1e-4,34,48,14,7/17,33,83287865206069256665347078062794715851046544441662971292867177292696736594701261508962123066162009369/1146749307995035755805410447651043470398282494584140561868794419693461438044242404035009276555062843277312,74335759664682553603796609286257875537659030314286420362751749920272396942270497794475588112452084231/4586997231980143023221641790604173881593129978336562247475177678773845752176969616140037106220251373109248,"[""CTS_collected_common_angle""]",
24bfeb84a4ce87b56985d174dd98d1d5e1702a2b,f726ad70cb2643533f0d037b518cde1b702724adb4e6571fea25e26e4bfdd61e,b26c3bdea5a42988c0534d45bd092d0cc28e50535e08dc75b4692ed601799911,POSTHOC_ATTRIBUTION_DESIGN_INPUT,True,True,True,True,True,atan:763/3072:scale:1,1e-4,1e-6,48,70,22,11/24,49,74335759664682553603796609286257875537659030314286420362751749920272396942270497794475588112452084231/4586997231980143023221641790604173881593129978336562247475177678773845752176969616140037106220251373109248,92986449387990408204207262386801461010497635973527546477102518988586672452164767379029250993644533303/587135645693458306972370149197334256843920637227079967676822742883052256278652110865924749596192175757983744,"[""CTS_collected_common_angle""]",
24bfeb84a4ce87b56985d174dd98d1d5e1702a2b,f726ad70cb2643533f0d037b518cde1b702724adb4e6571fea25e26e4bfdd61e,b26c3bdea5a42988c0534d45bd092d0cc28e50535e08dc75b4692ed601799911,POSTHOC_ATTRIBUTION_DESIGN_INPUT,True,True,True,True,True,atan:763/3072:scale:2,1e-3,1e-4,38,50,12,6/19,29,83228704248639436048408422695197716072325617391787263086820629995717466513513107011940824840203444911/573374653997517877902705223825521735199141247292070280934397209846730719022121202017504638277531421638656,72253815150045596973962712216509803567810862300702067626332347440706035167066297175471762817761859315/4586997231980143023221641790604173881593129978336562247475177678773845752176969616140037106220251373109248,"[""CTS_collected_common_angle""]",
24bfeb84a4ce87b56985d174dd98d1d5e1702a2b,f726ad70cb2643533f0d037b518cde1b702724adb4e6571fea25e26e4bfdd61e,b26c3bdea5a42988c0534d45bd092d0cc28e50535e08dc75b4692ed601799911,POSTHOC_ATTRIBUTION_DESIGN_INPUT,True,True,True,True,True,atan:763/3072:scale:2,1e-4,1e-6,50,66,16,8/25,32,72253815150045596973962712216509803567810862300702067626332347440706035167066297175471762817761859315/4586997231980143023221641790604173881593129978336562247475177678773845752176969616140037106220251373109248,61409536900093459266063512544831892650103743619323725469978784021462215237138275616828108790064627819/587135645693458306972370149197334256843920637227079967676822742883052256278652110865924749596192175757983744,"[""CTS_collected_common_angle""]",
24bfeb84a4ce87b56985d174dd98d1d5e1702a2b,f726ad70cb2643533f0d037b518cde1b702724adb4e6571fea25e26e4bfdd61e,b26c3bdea5a42988c0534d45bd092d0cc28e50535e08dc75b4692ed601799911,POSTHOC_ATTRIBUTION_DESIGN_INPUT,True,True,True,True,True,atan:95/384:scale:-1,1e-3,1e-4,38,48,10,5/19,31,21953596949939220212339206071720420233384437460435459575248674947385931515484137416462163604671244301/286687326998758938951352611912760867599570623646035140467198604923365359511060601008752319138765710819328,132348807569167870986742912457890303803654445307795663091571190931889311333214571889671783538009765857/9173994463960286046443283581208347763186259956673124494950355357547691504353939232280074212440502746218496,"[""CTS_collected_common_angle""]",
24bfeb84a4ce87b56985d174dd98d1d5e1702a2b,f726ad70cb2643533f0d037b518cde1b702724adb4e6571fea25e26e4bfdd61e,b26c3bdea5a42988c0534d45bd092d0cc28e50535e08dc75b4692ed601799911,POSTHOC_ATTRIBUTION_DESIGN_INPUT,True,True,True,True,True,atan:95/384:scale:-1,1e-4,1e-6,48,68,20,5/12,49,132348807569167870986742912457890303803654445307795663091571190931889311333214571889671783538009765857/9173994463960286046443283581208347763186259956673124494950355357547691504353939232280074212440502746218496,20154168550693793450107437880997784167969926598305315723705980970592961050879716371529241131193783787/146783911423364576743092537299333564210980159306769991919205685720763064069663027716481187399048043939495936,"[""CTS_collected_common_angle""]",
24bfeb84a4ce87b56985d174dd98d1d5e1702a2b,f726ad70cb2643533f0d037b518cde1b702724adb4e6571fea25e26e4bfdd61e,b26c3bdea5a42988c0534d45bd092d0cc28e50535e08dc75b4692ed601799911,POSTHOC_ATTRIBUTION_DESIGN_INPUT,True,True,True,True,True,atan:95/384:scale:-2,1e-3,1e-4,40,46,6,3/20,11,48124838162152360749450367935514548570338276961143513031646919393441203817410189802146011161692144019/286687326998758938951352611912760867599570623646035140467198604923365359511060601008752319138765710819328,93708291986712905190629922245917663564934726781550516630992794183126490513147720439213247290385936259/9173994463960286046443283581208347763186259956673124494950355357547691504353939232280074212440502746218496,"[""CTS_collected_common_angle""]",
24bfeb84a4ce87b56985d174dd98d1d5e1702a2b,f726ad70cb2643533f0d037b518cde1b702724adb4e6571fea25e26e4bfdd61e,b26c3bdea5a42988c0534d45bd092d0cc28e50535e08dc75b4692ed601799911,POSTHOC_ATTRIBUTION_DESIGN_INPUT,True,True,True,True,True,atan:95/384:scale:-2,1e-4,1e-6,46,70,24,12/23,71,93708291986712905190629922245917663564934726781550516630992794183126490513147720439213247290385936259/9173994463960286046443283581208347763186259956673124494950355357547691504353939232280074212440502746218496,85679502978559858276903103759406292855143462326131801233853126193855131318355562102487987082695403797/587135645693458306972370149197334256843920637227079967676822742883052256278652110865924749596192175757983744,"[""CTS_collected_common_angle""]",
24bfeb84a4ce87b56985d174dd98d1d5e1702a2b,f726ad70cb2643533f0d037b518cde1b702724adb4e6571fea25e26e4bfdd61e,b26c3bdea5a42988c0534d45bd092d0cc28e50535e08dc75b4692ed601799911,POSTHOC_ATTRIBUTION_DESIGN_INPUT,True,True,True,True,True,atan:95/384:scale:1,1e-3,1e-4,38,48,10,5/19,31,87814387799756880849356824286881680933537749841741838300994699789543726061936549665848656214423735709/1146749307995035755805410447651043470398282494584140561868794419693461438044242404035009276555062843277312,132348807569167870986742912457890303803654445307795663091571190931889311333214571889668344174992933349/9173994463960286046443283581208347763186259956673124494950355357547691504353939232280074212440502746218496,"[""CTS_collected_common_angle""]",
24bfeb84a4ce87b56985d174dd98d1d5e1702a2b,f726ad70cb2643533f0d037b518cde1b702724adb4e6571fea25e26e4bfdd61e,b26c3bdea5a42988c0534d45bd092d0cc28e50535e08dc75b4692ed601799911,POSTHOC_ATTRIBUTION_DESIGN_INPUT,True,True,True,True,True,atan:95/384:scale:1,1e-4,1e-6,48,68,20,5/12,41,132348807569167870986742912457890303803654445307795663091571190931889311333214571889668344174992933349/9173994463960286046443283581208347763186259956673124494950355357547691504353939232280074212440502746218496,10077084275346896725053718940498892083984963299152657861852990485296480525440057709349311568398466315/73391955711682288371546268649666782105490079653384995959602842860381532034831513858240593699524021969747968,"[""CTS_collected_common_angle""]",
24bfeb84a4ce87b56985d174dd98d1d5e1702a2b,f726ad70cb2643533f0d037b518cde1b702724adb4e6571fea25e26e4bfdd61e,b26c3bdea5a42988c0534d45bd092d0cc28e50535e08dc75b4692ed601799911,POSTHOC_ATTRIBUTION_DESIGN_INPUT,True,True,True,True,True,atan:95/384:scale:2,1e-3,1e-4,40,46,6,3/20,18,96249676324304721498900735871029097140676553922287026063293838786882407634820379604292025522760190217/573374653997517877902705223825521735199141247292070280934397209846730719022121202017504638277531421638656,93708291986712905190629922245917663564934726781550516630992794183126490513147720439230377724286100905/9173994463960286046443283581208347763186259956673124494950355357547691504353939232280074212440502746218496,"[""CTS_collected_common_angle""]",
24bfeb84a4ce87b56985d174dd98d1d5e1702a2b,f726ad70cb2643533f0d037b518cde1b702724adb4e6571fea25e26e4bfdd61e,b26c3bdea5a42988c0534d45bd092d0cc28e50535e08dc75b4692ed601799911,POSTHOC_ATTRIBUTION_DESIGN_INPUT,True,True,True,True,True,atan:95/384:scale:2,1e-4,1e-6,46,70,24,12/23,48,93708291986712905190629922245917663564934726781550516630992794183126490513147720439230377724286100905/9173994463960286046443283581208347763186259956673124494950355357547691504353939232280074212440502746218496,85679502978559858276903103759406292855143462326131801233853126193855131318355917932242836954487448447/587135645693458306972370149197334256843920637227079967676822742883052256278652110865924749596192175757983744,"[""CTS_collected_common_angle""]",
24bfeb84a4ce87b56985d174dd98d1d5e1702a2b,f726ad70cb2643533f0d037b518cde1b702724adb4e6571fea25e26e4bfdd61e,b26c3bdea5a42988c0534d45bd092d0cc28e50535e08dc75b4692ed601799911,POSTHOC_ATTRIBUTION_DESIGN_INPUT,True,True,True,True,True,atan:97/396:scale:-1,1e-3,1e-4,36,50,14,7/18,32,137610074403729555496815075600944799259045995485309125220789468616503962534620074936570477244002081711/2293498615990071511610820895302086940796564989168281123737588839386922876088484808070018553110125686554624,9571445187316308364300408583203528180535870777069802625640668460440459846599038317900069595546528637/1146749307995035755805410447651043470398282494584140561868794419693461438044242404035009276555062843277312,"[""A_rho_even_order_0"",""A_rho_even_order_2"",""A_rho_odd_complement""]",
24bfeb84a4ce87b56985d174dd98d1d5e1702a2b,f726ad70cb2643533f0d037b518cde1b702724adb4e6571fea25e26e4bfdd61e,b26c3bdea5a42988c0534d45bd092d0cc28e50535e08dc75b4692ed601799911,POSTHOC_ATTRIBUTION_DESIGN_INPUT,True,True,True,True,True,atan:97/396:scale:-1,1e-4,1e-6,50,70,20,2/5,54,9571445187316308364300408583203528180535870777069802625640668460440459846599038317900069595546528637/1146749307995035755805410447651043470398282494584140561868794419693461438044242404035009276555062843277312,79863854042680482894299971123431289022843806498099754589290570487499059985303725413238040952220296193/587135645693458306972370149197334256843920637227079967676822742883052256278652110865924749596192175757983744,"[""A_rho_even_order_0"",""A_rho_even_order_2"",""A_rho_odd_complement""]",
24bfeb84a4ce87b56985d174dd98d1d5e1702a2b,f726ad70cb2643533f0d037b518cde1b702724adb4e6571fea25e26e4bfdd61e,b26c3bdea5a42988c0534d45bd092d0cc28e50535e08dc75b4692ed601799911,POSTHOC_ATTRIBUTION_DESIGN_INPUT,True,True,True,True,True,atan:97/396:scale:-2,1e-3,1e-4,38,46,8,4/19,24,44401894753937610398472666745227452395622532135803235221445626820263637288935345448704365201757129003/286687326998758938951352611912760867599570623646035140467198604923365359511060601008752319138765710819328,72126462303835933059603429415829614957953228866021861669797957640834735665716777250508086757911359989/4586997231980143023221641790604173881593129978336562247475177678773845752176969616140037106220251373109248,"[""A_rho_even_order_0"",""A_rho_even_order_2"",""A_rho_odd_complement""]",
24bfeb84a4ce87b56985d174dd98d1d5e1702a2b,f726ad70cb2643533f0d037b518cde1b702724adb4e6571fea25e26e4bfdd61e,b26c3bdea5a42988c0534d45bd092d0cc28e50535e08dc75b4692ed601799911,POSTHOC_ATTRIBUTION_DESIGN_INPUT,True,True,True,True,True,atan:97/396:scale:-2,1e-4,1e-6,46,68,22,11/23,52,72126462303835933059603429415829614957953228866021861669797957640834735665716777250508086757911359989/4586997231980143023221641790604173881593129978336562247475177678773845752176969616140037106220251373109248,57382472093168884239741586294417500458969347143298289402186893813733238079426829219760917953057083783/587135645693458306972370149197334256843920637227079967676822742883052256278652110865924749596192175757983744,"[""A_rho_even_order_0"",""A_rho_even_order_2"",""A_rho_odd_complement""]",
24bfeb84a4ce87b56985d174dd98d1d5e1702a2b,f726ad70cb2643533f0d037b518cde1b702724adb4e6571fea25e26e4bfdd61e,b26c3bdea5a42988c0534d45bd092d0cc28e50535e08dc75b4692ed601799911,POSTHOC_ATTRIBUTION_DESIGN_INPUT,True,True,True,True,True,atan:97/396:scale:1,1e-3,1e-4,36,50,14,7/18,26,68805037201864777748407537800472399629522997742654562610394734308251981267310037468285171183242557785/1146749307995035755805410447651043470398282494584140561868794419693461438044242404035009276555062843277312,38978890067657188832666671696285540566885606233449934745933422445414770764899435541269181466362892357/2293498615990071511610820895302086940796564989168281123737588839386922876088484808070018553110125686554624,"[""A_rho_even_order_0"",""A_rho_even_order_2"",""A_rho_odd_complement""]",
24bfeb84a4ce87b56985d174dd98d1d5e1702a2b,f726ad70cb2643533f0d037b518cde1b702724adb4e6571fea25e26e4bfdd61e,b26c3bdea5a42988c0534d45bd092d0cc28e50535e08dc75b4692ed601799911,POSTHOC_ATTRIBUTION_DESIGN_INPUT,True,True,True,True,True,atan:97/396:scale:1,1e-4,1e-6,50,70,20,2/5,58,38978890067657188832666671696285540566885606233449934745933422445414770764899435541269181466362892357/2293498615990071511610820895302086940796564989168281123737588839386922876088484808070018553110125686554624,79863854042680482894299971123431289022843806498099754589290570487499059985302753833400475559007908323/587135645693458306972370149197334256843920637227079967676822742883052256278652110865924749596192175757983744,"[""A_rho_even_order_0"",""A_rho_even_order_2"",""A_rho_odd_complement""]",
24bfeb84a4ce87b56985d174dd98d1d5e1702a2b,f726ad70cb2643533f0d037b518cde1b702724adb4e6571fea25e26e4bfdd61e,b26c3bdea5a42988c0534d45bd092d0cc28e50535e08dc75b4692ed601799911,POSTHOC_ATTRIBUTION_DESIGN_INPUT,True,True,True,True,True,atan:97/396:scale:2,1e-3,1e-4,38,46,8,4/19,19,44401894753937610398472666745227452395622532135803235221445626820263637288935345448704308143500411483/286687326998758938951352611912760867599570623646035140467198604923365359511060601008752319138765710819328,36063231151917966529801714707914807478976614433010930834898978820417367832858388625251533263301529825/2293498615990071511610820895302086940796564989168281123737588839386922876088484808070018553110125686554624,"[""A_rho_even_order_0"",""A_rho_even_order_2"",""A_rho_odd_complement""]",
24bfeb84a4ce87b56985d174dd98d1d5e1702a2b,f726ad70cb2643533f0d037b518cde1b702724adb4e6571fea25e26e4bfdd61e,b26c3bdea5a42988c0534d45bd092d0cc28e50535e08dc75b4692ed601799911,POSTHOC_ATTRIBUTION_DESIGN_INPUT,True,True,True,True,True,atan:97/396:scale:2,1e-4,1e-6,46,68,22,11/23,62,36063231151917966529801714707914807478976614433010930834898978820417367832858388625251533263301529825/2293498615990071511610820895302086940796564989168281123737588839386922876088484808070018553110125686554624,114764944186337768479483172588835000917938694286596578804373787627466476158854237899320890052257191529/1174271291386916613944740298394668513687841274454159935353645485766104512557304221731849499192384351515967488,"[""A_rho_even_order_0"",""A_rho_even_order_2"",""A_rho_odd_complement""]",
24bfeb84a4ce87b56985d174dd98d1d5e1702a2b,f726ad70cb2643533f0d037b518cde1b702724adb4e6571fea25e26e4bfdd61e,b26c3bdea5a42988c0534d45bd092d0cc28e50535e08dc75b4692ed601799911,POSTHOC_ATTRIBUTION_DESIGN_INPUT,True,True,True,True,True,pi:1/8:scale:-1,1e-3,1e-4,38,50,12,6/19,26,84004241021693714410163392305903968014833696345988522283914173075729196949427438894413015688158458529/573374653997517877902705223825521735199141247292070280934397209846730719022121202017504638277531421638656,120914777472359634929247744376125191335224231364873936845023595160050195404526337054810798159113392911/18347988927920572092886567162416695526372519913346248989900710715095383008707878464560148424881005492436992,"[""distinct_basis_conjugator_saved_cost_residual""]",
24bfeb84a4ce87b56985d174dd98d1d5e1702a2b,f726ad70cb2643533f0d037b518cde1b702724adb4e6571fea25e26e4bfdd61e,b26c3bdea5a42988c0534d45bd092d0cc28e50535e08dc75b4692ed601799911,POSTHOC_ATTRIBUTION_DESIGN_INPUT,True,True,True,True,True,pi:1/8:scale:-1,1e-4,1e-6,50,68,18,9/25,51,120914777472359634929247744376125191335224231364873936845023595160050195404526337054810798159113392911/18347988927920572092886567162416695526372519913346248989900710715095383008707878464560148424881005492436992,42953347535358069728140667524539728554657962150669569995913330848381183912307217585156408483814413235/293567822846729153486185074598667128421960318613539983838411371441526128139326055432962374798096087878991872,"[""distinct_basis_conjugator_saved_cost_residual""]",
24bfeb84a4ce87b56985d174dd98d1d5e1702a2b,f726ad70cb2643533f0d037b518cde1b702724adb4e6571fea25e26e4bfdd61e,b26c3bdea5a42988c0534d45bd092d0cc28e50535e08dc75b4692ed601799911,POSTHOC_ATTRIBUTION_DESIGN_INPUT,True,True,True,True,True,pi:1/8:scale:1,1e-3,1e-4,38,50,12,6/19,32,42002120510846857205081696152951984007416848172994261141957086537864598474713719447206535982796121693/286687326998758938951352611912760867599570623646035140467198604923365359511060601008752319138765710819328,91937909075637637164571034144835545115510918010405798875444237260578274400200470290364904263154171757/9173994463960286046443283581208347763186259956673124494950355357547691504353939232280074212440502746218496,"[""distinct_basis_conjugator_saved_cost_residual""]",
24bfeb84a4ce87b56985d174dd98d1d5e1702a2b,f726ad70cb2643533f0d037b518cde1b702724adb4e6571fea25e26e4bfdd61e,b26c3bdea5a42988c0534d45bd092d0cc28e50535e08dc75b4692ed601799911,POSTHOC_ATTRIBUTION_DESIGN_INPUT,True,True,True,True,True,pi:1/8:scale:1,1e-4,1e-6,50,68,18,9/25,43,91937909075637637164571034144835545115510918010405798875444237260578274400200470290364904263154171757/9173994463960286046443283581208347763186259956673124494950355357547691504353939232280074212440502746218496,21476673767679034864070333762269864277328981075334784997956665424190591956153583420444915206740665759/146783911423364576743092537299333564210980159306769991919205685720763064069663027716481187399048043939495936,"[""distinct_basis_conjugator_saved_cost_residual""]",
