input_R1_commit,original_result_sha256,analysis_script_sha256,analysis_classification,no_science_rerun,no_synthesis_rerun,no_new_candidates,R1_scientific_classification_unchanged,mandatory_STOP,x,epsilon,scale,A_rho_key,baseline_angle_role,baseline_key,A_T,baseline_T,T_delta,T_ratio,counterfactual_or_new_synthesis
24bfeb84a4ce87b56985d174dd98d1d5e1702a2b,f726ad70cb2643533f0d037b518cde1b702724adb4e6571fea25e26e4bfdd61e,b26c3bdea5a42988c0534d45bd092d0cc28e50535e08dc75b4692ed601799911,POSTHOC_ATTRIBUTION_DESIGN_INPUT,True,True,True,True,True,1/8,1e-3,-2,atan:385/3096:scale:-2:epsilon:1e-3,ordinary_PTSC_order0_x,atan:1/8:scale:-2:epsilon:1e-3,38,38,0,1,False
24bfeb84a4ce87b56985d174dd98d1d5e1702a2b,f726ad70cb2643533f0d037b518cde1b702724adb4e6571fea25e26e4bfdd61e,b26c3bdea5a42988c0534d45bd092d0cc28e50535e08dc75b4692ed601799911,POSTHOC_ATTRIBUTION_DESIGN_INPUT,True,True,True,True,True,1/8,1e-3,-2,atan:385/3096:scale:-2:epsilon:1e-3,ordinary_order2_x_over_3,atan:1/24:scale:-2:epsilon:1e-3,38,38,0,1,False
24bfeb84a4ce87b56985d174dd98d1d5e1702a2b,f726ad70cb2643533f0d037b518cde1b702724adb4e6571fea25e26e4bfdd61e,b26c3bdea5a42988c0534d45bd092d0cc28e50535e08dc75b4692ed601799911,POSTHOC_ATTRIBUTION_DESIGN_INPUT,True,True,True,True,True,1/8,1e-3,-1,atan:385/3096:scale:-1:epsilon:1e-3,ordinary_PTSC_order0_x,atan:1/8:scale:-1:epsilon:1e-3,40,36,4,10/9,False
24bfeb84a4ce87b56985d174dd98d1d5e1702a2b,f726ad70cb2643533f0d037b518cde1b702724adb4e6571fea25e26e4bfdd61e,b26c3bdea5a42988c0534d45bd092d0cc28e50535e08dc75b4692ed601799911,POSTHOC_ATTRIBUTION_DESIGN_INPUT,True,True,True,True,True,1/8,1e-3,-1,atan:385/3096:scale:-1:epsilon:1e-3,ordinary_order2_x_over_3,atan:1/24:scale:-1:epsilon:1e-3,40,40,0,1,False
24bfeb84a4ce87b56985d174dd98d1d5e1702a2b,f726ad70cb2643533f0d037b518cde1b702724adb4e6571fea25e26e4bfdd61e,b26c3bdea5a42988c0534d45bd092d0cc28e50535e08dc75b4692ed601799911,POSTHOC_ATTRIBUTION_DESIGN_INPUT,True,True,True,True,True,1/8,1e-3,1,atan:385/3096:scale:1:epsilon:1e-3,ordinary_PTSC_order0_x,atan:1/8:scale:1:epsilon:1e-3,40,36,4,10/9,False
24bfeb84a4ce87b56985d174dd98d1d5e1702a2b,f726ad70cb2643533f0d037b518cde1b702724adb4e6571fea25e26e4bfdd61e,b26c3bdea5a42988c0534d45bd092d0cc28e50535e08dc75b4692ed601799911,POSTHOC_ATTRIBUTION_DESIGN_INPUT,True,True,True,True,True,1/8,1e-3,1,atan:385/3096:scale:1:epsilon:1e-3,ordinary_order2_x_over_3,atan:1/24:scale:1:epsilon:1e-3,40,40,0,1,False
24bfeb84a4ce87b56985d174dd98d1d5e1702a2b,f726ad70cb2643533f0d037b518cde1b702724adb4e6571fea25e26e4bfdd61e,b26c3bdea5a42988c0534d45bd092d0cc28e50535e08dc75b4692ed601799911,POSTHOC_ATTRIBUTION_DESIGN_INPUT,True,True,True,True,True,1/8,1e-3,2,atan:385/3096:scale:2:epsilon:1e-3,ordinary_PTSC_order0_x,atan:1/8:scale:2:epsilon:1e-3,38,38,0,1,False
24bfeb84a4ce87b56985d174dd98d1d5e1702a2b,f726ad70cb2643533f0d037b518cde1b702724adb4e6571fea25e26e4bfdd61e,b26c3bdea5a42988c0534d45bd092d0cc28e50535e08dc75b4692ed601799911,POSTHOC_ATTRIBUTION_DESIGN_INPUT,True,True,True,True,True,1/8,1e-3,2,atan:385/3096:scale:2:epsilon:1e-3,ordinary_order2_x_over_3,atan:1/24:scale:2:epsilon:1e-3,38,38,0,1,False
24bfeb84a4ce87b56985d174dd98d1d5e1702a2b,f726ad70cb2643533f0d037b518cde1b702724adb4e6571fea25e26e4bfdd61e,b26c3bdea5a42988c0534d45bd092d0cc28e50535e08dc75b4692ed601799911,POSTHOC_ATTRIBUTION_DESIGN_INPUT,True,True,True,True,True,1/8,1e-4,-2,atan:385/3096:scale:-2:epsilon:1e-4,ordinary_PTSC_order0_x,atan:1/8:scale:-2:epsilon:1e-4,48,52,-4,12/13,False
24bfeb84a4ce87b56985d174dd98d1d5e1702a2b,f726ad70cb2643533f0d037b518cde1b702724adb4e6571fea25e26e4bfdd61e,b26c3bdea5a42988c0534d45bd092d0cc28e50535e08dc75b4692ed601799911,POSTHOC_ATTRIBUTION_DESIGN_INPUT,True,True,True,True,True,1/8,1e-4,-2,atan:385/3096:scale:-2:epsilon:1e-4,ordinary_order2_x_over_3,atan:1/24:scale:-2:epsilon:1e-4,48,48,0,1,False
24bfeb84a4ce87b56985d174dd98d1d5e1702a2b,f726ad70cb2643533f0d037b518cde1b702724adb4e6571fea25e26e4bfdd61e,b26c3bdea5a42988c0534d45bd092d0cc28e50535e08dc75b4692ed601799911,POSTHOC_ATTRIBUTION_DESIGN_INPUT,True,True,True,True,True,1/8,1e-4,-1,atan:385/3096:scale:-1:epsilon:1e-4,ordinary_PTSC_order0_x,atan:1/8:scale:-1:epsilon:1e-4,46,52,-6,23/26,False
24bfeb84a4ce87b56985d174dd98d1d5e1702a2b,f726ad70cb2643533f0d037b518cde1b702724adb4e6571fea25e26e4bfdd61e,b26c3bdea5a42988c0534d45bd092d0cc28e50535e08dc75b4692ed601799911,POSTHOC_ATTRIBUTION_DESIGN_INPUT,True,True,True,True,True,1/8,1e-4,-1,atan:385/3096:scale:-1:epsilon:1e-4,ordinary_order2_x_over_3,atan:1/24:scale:-1:epsilon:1e-4,46,46,0,1,False
24bfeb84a4ce87b56985d174dd98d1d5e1702a2b,f726ad70cb2643533f0d037b518cde1b702724adb4e6571fea25e26e4bfdd61e,b26c3bdea5a42988c0534d45bd092d0cc28e50535e08dc75b4692ed601799911,POSTHOC_ATTRIBUTION_DESIGN_INPUT,True,True,True,True,True,1/8,1e-4,1,atan:385/3096:scale:1:epsilon:1e-4,ordinary_PTSC_order0_x,atan:1/8:scale:1:epsilon:1e-4,46,52,-6,23/26,False
24bfeb84a4ce87b56985d174dd98d1d5e1702a2b,f726ad70cb2643533f0d037b518cde1b702724adb4e6571fea25e26e4bfdd61e,b26c3bdea5a42988c0534d45bd092d0cc28e50535e08dc75b4692ed601799911,POSTHOC_ATTRIBUTION_DESIGN_INPUT,True,True,True,True,True,1/8,1e-4,1,atan:385/3096:scale:1:epsilon:1e-4,ordinary_order2_x_over_3,atan:1/24:scale:1:epsilon:1e-4,46,46,0,1,False
24bfeb84a4ce87b56985d174dd98d1d5e1702a2b,f726ad70cb2643533f0d037b518cde1b702724adb4e6571fea25e26e4bfdd61e,b26c3bdea5a42988c0534d45bd092d0cc28e50535e08dc75b4692ed601799911,POSTHOC_ATTRIBUTION_DESIGN_INPUT,True,True,True,True,True,1/8,1e-4,2,atan:385/3096:scale:2:epsilon:1e-4,ordinary_PTSC_order0_x,atan:1/8:scale:2:epsilon:1e-4,48,52,-4,12/13,False
24bfeb84a4ce87b56985d174dd98d1d5e1702a2b,f726ad70cb2643533f0d037b518cde1b702724adb4e6571fea25e26e4bfdd61e,b26c3bdea5a42988c0534d45bd092d0cc28e50535e08dc75b4692ed601799911,POSTHOC_ATTRIBUTION_DESIGN_INPUT,True,True,True,True,True,1/8,1e-4,2,atan:385/3096:scale:2:epsilon:1e-4,ordinary_order2_x_over_3,atan:1/24:scale:2:epsilon:1e-4,48,48,0,1,False
24bfeb84a4ce87b56985d174dd98d1d5e1702a2b,f726ad70cb2643533f0d037b518cde1b702724adb4e6571fea25e26e4bfdd61e,b26c3bdea5a42988c0534d45bd092d0cc28e50535e08dc75b4692ed601799911,POSTHOC_ATTRIBUTION_DESIGN_INPUT,True,True,True,True,True,1/8,1e-6,-2,atan:385/3096:scale:-2:epsilon:1e-6,ordinary_PTSC_order0_x,atan:1/8:scale:-2:epsilon:1e-6,68,72,-4,17/18,False
24bfeb84a4ce87b56985d174dd98d1d5e1702a2b,f726ad70cb2643533f0d037b518cde1b702724adb4e6571fea25e26e4bfdd61e,b26c3bdea5a42988c0534d45bd092d0cc28e50535e08dc75b4692ed601799911,POSTHOC_ATTRIBUTION_DESIGN_INPUT,True,True,True,True,True,1/8,1e-6,-2,atan:385/3096:scale:-2:epsilon:1e-6,ordinary_order2_x_over_3,atan:1/24:scale:-2:epsilon:1e-6,68,70,-2,34/35,False
24bfeb84a4ce87b56985d174dd98d1d5e1702a2b,f726ad70cb2643533f0d037b518cde1b702724adb4e6571fea25e26e4bfdd61e,b26c3bdea5a42988c0534d45bd092d0cc28e50535e08dc75b4692ed601799911,POSTHOC_ATTRIBUTION_DESIGN_INPUT,True,True,True,True,True,1/8,1e-6,-1,atan:385/3096:scale:-1:epsilon:1e-6,ordinary_PTSC_order0_x,atan:1/8:scale:-1:epsilon:1e-6,70,68,2,35/34,False
24bfeb84a4ce87b56985d174dd98d1d5e1702a2b,f726ad70cb2643533f0d037b518cde1b702724adb4e6571fea25e26e4bfdd61e,b26c3bdea5a42988c0534d45bd092d0cc28e50535e08dc75b4692ed601799911,POSTHOC_ATTRIBUTION_DESIGN_INPUT,True,True,True,True,True,1/8,1e-6,-1,atan:385/3096:scale:-1:epsilon:1e-6,ordinary_order2_x_over_3,atan:1/24:scale:-1:epsilon:1e-6,70,68,2,35/34,False
24bfeb84a4ce87b56985d174dd98d1d5e1702a2b,f726ad70cb2643533f0d037b518cde1b702724adb4e6571fea25e26e4bfdd61e,b26c3bdea5a42988c0534d45bd092d0cc28e50535e08dc75b4692ed601799911,POSTHOC_ATTRIBUTION_DESIGN_INPUT,True,True,True,True,True,1/8,1e-6,1,atan:385/3096:scale:1:epsilon:1e-6,ordinary_PTSC_order0_x,atan:1/8:scale:1:epsilon:1e-6,70,68,2,35/34,False
24bfeb84a4ce87b56985d174dd98d1d5e1702a2b,f726ad70cb2643533f0d037b518cde1b702724adb4e6571fea25e26e4bfdd61e,b26c3bdea5a42988c0534d45bd092d0cc28e50535e08dc75b4692ed601799911,POSTHOC_ATTRIBUTION_DESIGN_INPUT,True,True,True,True,True,1/8,1e-6,1,atan:385/3096:scale:1:epsilon:1e-6,ordinary_order2_x_over_3,atan:1/24:scale:1:epsilon:1e-6,70,68,2,35/34,False
24bfeb84a4ce87b56985d174dd98d1d5e1702a2b,f726ad70cb2643533f0d037b518cde1b702724adb4e6571fea25e26e4bfdd61e,b26c3bdea5a42988c0534d45bd092d0cc28e50535e08dc75b4692ed601799911,POSTHOC_ATTRIBUTION_DESIGN_INPUT,True,True,True,True,True,1/8,1e-6,2,atan:385/3096:scale:2:epsilon:1e-6,ordinary_PTSC_order0_x,atan:1/8:scale:2:epsilon:1e-6,68,72,-4,17/18,False
24bfeb84a4ce87b56985d174dd98d1d5e1702a2b,f726ad70cb2643533f0d037b518cde1b702724adb4e6571fea25e26e4bfdd61e,b26c3bdea5a42988c0534d45bd092d0cc28e50535e08dc75b4692ed601799911,POSTHOC_ATTRIBUTION_DESIGN_INPUT,True,True,True,True,True,1/8,1e-6,2,atan:385/3096:scale:2:epsilon:1e-6,ordinary_order2_x_over_3,atan:1/24:scale:2:epsilon:1e-6,68,70,-2,34/35,False
24bfeb84a4ce87b56985d174dd98d1d5e1702a2b,f726ad70cb2643533f0d037b518cde1b702724adb4e6571fea25e26e4bfdd61e,b26c3bdea5a42988c0534d45bd092d0cc28e50535e08dc75b4692ed601799911,POSTHOC_ATTRIBUTION_DESIGN_INPUT,True,True,True,True,True,1/4,1e-3,-2,atan:97/396:scale:-2:epsilon:1e-3,ordinary_PTSC_order0_x,atan:1/4:scale:-2:epsilon:1e-3,38,42,-4,19/21,False
24bfeb84a4ce87b56985d174dd98d1d5e1702a2b,f726ad70cb2643533f0d037b518cde1b702724adb4e6571fea25e26e4bfdd61e,b26c3bdea5a42988c0534d45bd092d0cc28e50535e08dc75b4692ed601799911,POSTHOC_ATTRIBUTION_DESIGN_INPUT,True,True,True,True,True,1/4,1e-3,-2,atan:97/396:scale:-2:epsilon:1e-3,ordinary_order2_x_over_3,atan:1/12:scale:-2:epsilon:1e-3,38,36,2,19/18,False
24bfeb84a4ce87b56985d174dd98d1d5e1702a2b,f726ad70cb2643533f0d037b518cde1b702724adb4e6571fea25e26e4bfdd61e,b26c3bdea5a42988c0534d45bd092d0cc28e50535e08dc75b4692ed601799911,POSTHOC_ATTRIBUTION_DESIGN_INPUT,True,True,True,True,True,1/4,1e-3,-1,atan:97/396:scale:-1:epsilon:1e-3,ordinary_PTSC_order0_x,atan:1/4:scale:-1:epsilon:1e-3,36,42,-6,6/7,False
24bfeb84a4ce87b56985d174dd98d1d5e1702a2b,f726ad70cb2643533f0d037b518cde1b702724adb4e6571fea25e26e4bfdd61e,b26c3bdea5a42988c0534d45bd092d0cc28e50535e08dc75b4692ed601799911,POSTHOC_ATTRIBUTION_DESIGN_INPUT,True,True,True,True,True,1/4,1e-3,-1,atan:97/396:scale:-1:epsilon:1e-3,ordinary_order2_x_over_3,atan:1/12:scale:-1:epsilon:1e-3,36,38,-2,18/19,False
24bfeb84a4ce87b56985d174dd98d1d5e1702a2b,f726ad70cb2643533f0d037b518cde1b702724adb4e6571fea25e26e4bfdd61e,b26c3bdea5a42988c0534d45bd092d0cc28e50535e08dc75b4692ed601799911,POSTHOC_ATTRIBUTION_DESIGN_INPUT,True,True,True,True,True,1/4,1e-3,1,atan:97/396:scale:1:epsilon:1e-3,ordinary_PTSC_order0_x,atan:1/4:scale:1:epsilon:1e-3,36,42,-6,6/7,False
24bfeb84a4ce87b56985d174dd98d1d5e1702a2b,f726ad70cb2643533f0d037b518cde1b702724adb4e6571fea25e26e4bfdd61e,b26c3bdea5a42988c0534d45bd092d0cc28e50535e08dc75b4692ed601799911,POSTHOC_ATTRIBUTION_DESIGN_INPUT,True,True,True,True,True,1/4,1e-3,1,atan:97/396:scale:1:epsilon:1e-3,ordinary_order2_x_over_3,atan:1/12:scale:1:epsilon:1e-3,36,38,-2,18/19,False
24bfeb84a4ce87b56985d174dd98d1d5e1702a2b,f726ad70cb2643533f0d037b518cde1b702724adb4e6571fea25e26e4bfdd61e,b26c3bdea5a42988c0534d45bd092d0cc28e50535e08dc75b4692ed601799911,POSTHOC_ATTRIBUTION_DESIGN_INPUT,True,True,True,True,True,1/4,1e-3,2,atan:97/396:scale:2:epsilon:1e-3,ordinary_PTSC_order0_x,atan:1/4:scale:2:epsilon:1e-3,38,42,-4,19/21,False
24bfeb84a4ce87b56985d174dd98d1d5e1702a2b,f726ad70cb2643533f0d037b518cde1b702724adb4e6571fea25e26e4bfdd61e,b26c3bdea5a42988c0534d45bd092d0cc28e50535e08dc75b4692ed601799911,POSTHOC_ATTRIBUTION_DESIGN_INPUT,True,True,True,True,True,1/4,1e-3,2,atan:97/396:scale:2:epsilon:1e-3,ordinary_order2_x_over_3,atan:1/12:scale:2:epsilon:1e-3,38,36,2,19/18,False
24bfeb84a4ce87b56985d174dd98d1d5e1702a2b,f726ad70cb2643533f0d037b518cde1b702724adb4e6571fea25e26e4bfdd61e,b26c3bdea5a42988c0534d45bd092d0cc28e50535e08dc75b4692ed601799911,POSTHOC_ATTRIBUTION_DESIGN_INPUT,True,True,True,True,True,1/4,1e-4,-2,atan:97/396:scale:-2:epsilon:1e-4,ordinary_PTSC_order0_x,atan:1/4:scale:-2:epsilon:1e-4,46,58,-12,23/29,False
24bfeb84a4ce87b56985d174dd98d1d5e1702a2b,f726ad70cb2643533f0d037b518cde1b702724adb4e6571fea25e26e4bfdd61e,b26c3bdea5a42988c0534d45bd092d0cc28e50535e08dc75b4692ed601799911,POSTHOC_ATTRIBUTION_DESIGN_INPUT,True,True,True,True,True,1/4,1e-4,-2,atan:97/396:scale:-2:epsilon:1e-4,ordinary_order2_x_over_3,atan:1/12:scale:-2:epsilon:1e-4,46,44,2,23/22,False
24bfeb84a4ce87b56985d174dd98d1d5e1702a2b,f726ad70cb2643533f0d037b518cde1b702724adb4e6571fea25e26e4bfdd61e,b26c3bdea5a42988c0534d45bd092d0cc28e50535e08dc75b4692ed601799911,POSTHOC_ATTRIBUTION_DESIGN_INPUT,True,True,True,True,True,1/4,1e-4,-1,atan:97/396:scale:-1:epsilon:1e-4,ordinary_PTSC_order0_x,atan:1/4:scale:-1:epsilon:1e-4,50,50,0,1,False
24bfeb84a4ce87b56985d174dd98d1d5e1702a2b,f726ad70cb2643533f0d037b518cde1b702724adb4e6571fea25e26e4bfdd61e,b26c3bdea5a42988c0534d45bd092d0cc28e50535e08dc75b4692ed601799911,POSTHOC_ATTRIBUTION_DESIGN_INPUT,True,True,True,True,True,1/4,1e-4,-1,atan:97/396:scale:-1:epsilon:1e-4,ordinary_order2_x_over_3,atan:1/12:scale:-1:epsilon:1e-4,50,48,2,25/24,False
24bfeb84a4ce87b56985d174dd98d1d5e1702a2b,f726ad70cb2643533f0d037b518cde1b702724adb4e6571fea25e26e4bfdd61e,b26c3bdea5a42988c0534d45bd092d0cc28e50535e08dc75b4692ed601799911,POSTHOC_ATTRIBUTION_DESIGN_INPUT,True,True,True,True,True,1/4,1e-4,1,atan:97/396:scale:1:epsilon:1e-4,ordinary_PTSC_order0_x,atan:1/4:scale:1:epsilon:1e-4,50,50,0,1,False
24bfeb84a4ce87b56985d174dd98d1d5e1702a2b,f726ad70cb2643533f0d037b518cde1b702724adb4e6571fea25e26e4bfdd61e,b26c3bdea5a42988c0534d45bd092d0cc28e50535e08dc75b4692ed601799911,POSTHOC_ATTRIBUTION_DESIGN_INPUT,True,True,True,True,True,1/4,1e-4,1,atan:97/396:scale:1:epsilon:1e-4,ordinary_order2_x_over_3,atan:1/12:scale:1:epsilon:1e-4,50,48,2,25/24,False
24bfeb84a4ce87b56985d174dd98d1d5e1702a2b,f726ad70cb2643533f0d037b518cde1b702724adb4e6571fea25e26e4bfdd61e,b26c3bdea5a42988c0534d45bd092d0cc28e50535e08dc75b4692ed601799911,POSTHOC_ATTRIBUTION_DESIGN_INPUT,True,True,True,True,True,1/4,1e-4,2,atan:97/396:scale:2:epsilon:1e-4,ordinary_PTSC_order0_x,atan:1/4:scale:2:epsilon:1e-4,46,58,-12,23/29,False
24bfeb84a4ce87b56985d174dd98d1d5e1702a2b,f726ad70cb2643533f0d037b518cde1b702724adb4e6571fea25e26e4bfdd61e,b26c3bdea5a42988c0534d45bd092d0cc28e50535e08dc75b4692ed601799911,POSTHOC_ATTRIBUTION_DESIGN_INPUT,True,True,True,True,True,1/4,1e-4,2,atan:97/396:scale:2:epsilon:1e-4,ordinary_order2_x_over_3,atan:1/12:scale:2:epsilon:1e-4,46,44,2,23/22,False
24bfeb84a4ce87b56985d174dd98d1d5e1702a2b,f726ad70cb2643533f0d037b518cde1b702724adb4e6571fea25e26e4bfdd61e,b26c3bdea5a42988c0534d45bd092d0cc28e50535e08dc75b4692ed601799911,POSTHOC_ATTRIBUTION_DESIGN_INPUT,True,True,True,True,True,1/4,1e-6,-2,atan:97/396:scale:-2:epsilon:1e-6,ordinary_PTSC_order0_x,atan:1/4:scale:-2:epsilon:1e-6,68,84,-16,17/21,False
24bfeb84a4ce87b56985d174dd98d1d5e1702a2b,f726ad70cb2643533f0d037b518cde1b702724adb4e6571fea25e26e4bfdd61e,b26c3bdea5a42988c0534d45bd092d0cc28e50535e08dc75b4692ed601799911,POSTHOC_ATTRIBUTION_DESIGN_INPUT,True,True,True,True,True,1/4,1e-6,-2,atan:97/396:scale:-2:epsilon:1e-6,ordinary_order2_x_over_3,atan:1/12:scale:-2:epsilon:1e-6,68,76,-8,17/19,False
24bfeb84a4ce87b56985d174dd98d1d5e1702a2b,f726ad70cb2643533f0d037b518cde1b702724adb4e6571fea25e26e4bfdd61e,b26c3bdea5a42988c0534d45bd092d0cc28e50535e08dc75b4692ed601799911,POSTHOC_ATTRIBUTION_DESIGN_INPUT,True,True,True,True,True,1/4,1e-6,-1,atan:97/396:scale:-1:epsilon:1e-6,ordinary_PTSC_order0_x,atan:1/4:scale:-1:epsilon:1e-6,70,70,0,1,False
24bfeb84a4ce87b56985d174dd98d1d5e1702a2b,f726ad70cb2643533f0d037b518cde1b702724adb4e6571fea25e26e4bfdd61e,b26c3bdea5a42988c0534d45bd092d0cc28e50535e08dc75b4692ed601799911,POSTHOC_ATTRIBUTION_DESIGN_INPUT,True,True,True,True,True,1/4,1e-6,-1,atan:97/396:scale:-1:epsilon:1e-6,ordinary_order2_x_over_3,atan:1/12:scale:-1:epsilon:1e-6,70,70,0,1,False
24bfeb84a4ce87b56985d174dd98d1d5e1702a2b,f726ad70cb2643533f0d037b518cde1b702724adb4e6571fea25e26e4bfdd61e,b26c3bdea5a42988c0534d45bd092d0cc28e50535e08dc75b4692ed601799911,POSTHOC_ATTRIBUTION_DESIGN_INPUT,True,True,True,True,True,1/4,1e-6,1,atan:97/396:scale:1:epsilon:1e-6,ordinary_PTSC_order0_x,atan:1/4:scale:1:epsilon:1e-6,70,70,0,1,False
24bfeb84a4ce87b56985d174dd98d1d5e1702a2b,f726ad70cb2643533f0d037b518cde1b702724adb4e6571fea25e26e4bfdd61e,b26c3bdea5a42988c0534d45bd092d0cc28e50535e08dc75b4692ed601799911,POSTHOC_ATTRIBUTION_DESIGN_INPUT,True,True,True,True,True,1/4,1e-6,1,atan:97/396:scale:1:epsilon:1e-6,ordinary_order2_x_over_3,atan:1/12:scale:1:epsilon:1e-6,70,70,0,1,False
24bfeb84a4ce87b56985d174dd98d1d5e1702a2b,f726ad70cb2643533f0d037b518cde1b702724adb4e6571fea25e26e4bfdd61e,b26c3bdea5a42988c0534d45bd092d0cc28e50535e08dc75b4692ed601799911,POSTHOC_ATTRIBUTION_DESIGN_INPUT,True,True,True,True,True,1/4,1e-6,2,atan:97/396:scale:2:epsilon:1e-6,ordinary_PTSC_order0_x,atan:1/4:scale:2:epsilon:1e-6,68,84,-16,17/21,False
24bfeb84a4ce87b56985d174dd98d1d5e1702a2b,f726ad70cb2643533f0d037b518cde1b702724adb4e6571fea25e26e4bfdd61e,b26c3bdea5a42988c0534d45bd092d0cc28e50535e08dc75b4692ed601799911,POSTHOC_ATTRIBUTION_DESIGN_INPUT,True,True,True,True,True,1/4,1e-6,2,atan:97/396:scale:2:epsilon:1e-6,ordinary_order2_x_over_3,atan:1/12:scale:2:epsilon:1e-6,68,76,-8,17/19,False
