G_RZ_ratio,N_ratio,domain,effective_one_shot_RZ_ratio,endpoint_id,partial_id
0.5161229463105419,0.8561852021484782,M1_all,0.6028169431279621,B0-rank6-q1-r0-K0,B2-rank3-q1-r4-K2
0.35105175176197384,1.1132586216230849,M1_all,0.315337105811186,B1-rank12-q1-r0-K0,B2-rank3-q1-r4-K2
0.11344199074983514,0.5706871669626998,M1_all,0.1987813942857589,B3-rank0-q8-r32-K4,B2-rank3-q1-r4-K2
0.3961473964174697,1.0274994670645918,M1_q8,0.3855451113266287,B0-rank9-q8-r0-K0,B2-rank3-q8-r2-K2
0.30562276218965817,1.0274994670645918,M1_q8,0.2974432318323001,B1-rank12-q8-r0-K0,B2-rank3-q8-r2-K2
0.5933959651259153,0.401309946714032,M1_q8,1.4786475391021423,B3-rank0-q8-r32-K4,B2-rank3-q8-r2-K2
0.5161229463105419,0.8561852021484782,M1_common5,0.6028169431279621,B0-rank6-q1-r0-K0,B2-rank3-q1-r4-K2
0.35105175176197384,1.1132586216230849,M1_common5,0.315337105811186,B1-rank12-q1-r0-K0,B2-rank3-q1-r4-K2
0.11344199074983514,0.5706871669626998,M1_common5,0.1987813942857589,B3-rank0-q8-r32-K4,B2-rank3-q1-r4-K2
0.5860898125394417,0.9830862163646348,M2_common5,0.5961733597555152,B0-rank6-q1-r0-K0,B2-rank3-q1-r4-K2
0.3512336492144514,1.1275429867103357,M2_common5,0.31150355538922153,B1-rank12-q1-r0-K0,B2-rank3-q1-r4-K2
0.10449630863956014,0.5888622084799842,M2_common5,0.1774546016618963,B3-rank0-q8-r32-K4,B2-rank3-q1-r4-K2
