K,candidate_id,method,q,r,rank,rz_count,status
0,B0-rank3-q1-r0-K0,B0,1,0,3,MISSING,INELIGIBLE
0,B0-rank4-q1-r0-K0,B0,1,0,4,MISSING,NOT_REGISTERED
0,B0-rank5-q1-r0-K0,B0,1,0,5,MISSING,NOT_REGISTERED
0,B0-rank6-q1-r0-K0,B0,1,0,6,253379350.0,ELIGIBLE
0,B0-rank9-q1-r0-K0,B0,1,0,9,288313839.0,ELIGIBLE
0,B0-rank3-q2-r0-K0,B0,2,0,3,MISSING,INELIGIBLE
0,B0-rank4-q2-r0-K0,B0,2,0,4,MISSING,NOT_REGISTERED
0,B0-rank5-q2-r0-K0,B0,2,0,5,MISSING,NOT_REGISTERED
0,B0-rank6-q2-r0-K0,B0,2,0,6,732203010.0,ELIGIBLE
0,B0-rank9-q2-r0-K0,B0,2,0,9,459447420.0,ELIGIBLE
0,B0-rank3-q4-r0-K0,B0,4,0,3,MISSING,INELIGIBLE
0,B0-rank4-q4-r0-K0,B0,4,0,4,MISSING,NOT_REGISTERED
0,B0-rank5-q4-r0-K0,B0,4,0,5,MISSING,NOT_REGISTERED
0,B0-rank6-q4-r0-K0,B0,4,0,6,1628184040.0,ELIGIBLE
0,B0-rank9-q4-r0-K0,B0,4,0,9,874738332.0,ELIGIBLE
0,B0-rank3-q8-r0-K0,B0,8,0,3,MISSING,INELIGIBLE
0,B0-rank4-q8-r0-K0,B0,8,0,4,MISSING,NOT_REGISTERED
0,B0-rank5-q8-r0-K0,B0,8,0,5,MISSING,NOT_REGISTERED
0,B0-rank6-q8-r0-K0,B0,8,0,6,3341909430.0,ELIGIBLE
0,B0-rank9-q8-r0-K0,B0,8,0,9,1726785246.0,ELIGIBLE
2,B2-rank3-q1-r1-K2,B2,1,1,3,165312252.68749997,ELIGIBLE
2,B2-rank6-q1-r1-K2,B2,1,1,6,208017501.09374988,ELIGIBLE
2,B2-rank9-q1-r1-K2,B2,1,1,9,298709548.68749994,ELIGIBLE
4,B2-rank3-q1-r1-K4,B2,1,1,3,166432588.875,ELIGIBLE
4,B2-rank6-q1-r1-K4,B2,1,1,6,207983423.06249997,ELIGIBLE
4,B2-rank9-q1-r1-K4,B2,1,1,9,299113601.8125,ELIGIBLE
2,B2-rank3-q1-r2-K2,B2,1,2,3,140576782.49999997,ELIGIBLE
2,B2-rank6-q1-r2-K2,B2,1,2,6,208864008.0,ELIGIBLE
2,B2-rank9-q1-r2-K2,B2,1,2,9,299599042.78125006,ELIGIBLE
4,B2-rank3-q1-r2-K4,B2,1,2,3,141100236.24999997,ELIGIBLE
4,B2-rank6-q1-r2-K4,B2,1,2,6,208864008.0,ELIGIBLE
4,B2-rank9-q1-r2-K4,B2,1,2,9,299592693.375,ELIGIBLE
2,B2-rank3-q1-r4-K2,B2,1,4,3,130774896.65625,ELIGIBLE
2,B2-rank6-q1-r4-K2,B2,1,4,6,210293583.1875,ELIGIBLE
2,B2-rank9-q1-r4-K2,B2,1,4,9,300777723.46875006,ELIGIBLE
4,B2-rank3-q1-r4-K4,B2,1,4,3,131743888.59375003,ELIGIBLE
4,B2-rank6-q1-r4-K4,B2,1,4,6,210495642.5625,ELIGIBLE
4,B2-rank9-q1-r4-K4,B2,1,4,9,300751748.625,ELIGIBLE
2,B2-rank3-q1-r8-K2,B2,1,8,3,132704255.18749997,ELIGIBLE
2,B2-rank6-q1-r8-K2,B2,1,8,6,212152013.9375,ELIGIBLE
2,B2-rank9-q1-r8-K2,B2,1,8,9,302160739.59374994,ELIGIBLE
4,B2-rank3-q1-r8-K4,B2,1,8,3,134752427.28124997,ELIGIBLE
4,B2-rank6-q1-r8-K4,B2,1,8,6,212150282.09375,ELIGIBLE
4,B2-rank9-q1-r8-K4,B2,1,8,9,302173438.40625006,ELIGIBLE
2,B2-rank3-q1-r16-K2,B2,1,16,3,148313755.74999997,ELIGIBLE
2,B2-rank6-q1-r16-K2,B2,1,16,6,216165116.5,ELIGIBLE
2,B2-rank9-q1-r16-K2,B2,1,16,9,304926771.84375,ELIGIBLE
4,B2-rank3-q1-r16-K4,B2,1,16,3,143907252.25,ELIGIBLE
4,B2-rank6-q1-r16-K4,B2,1,16,6,217287290.50000003,ELIGIBLE
4,B2-rank9-q1-r16-K4,B2,1,16,9,304929080.71875,ELIGIBLE
2,B2-rank3-q1-r32-K2,B2,1,32,3,171789609.24999997,ELIGIBLE
2,B2-rank6-q1-r32-K2,B2,1,32,6,222984747.99999997,ELIGIBLE
2,B2-rank9-q1-r32-K2,B2,1,32,9,310456527.46875,ELIGIBLE
4,B2-rank3-q1-r32-K4,B2,1,32,3,172920515.75,ELIGIBLE
4,B2-rank6-q1-r32-K4,B2,1,32,6,226538876.25,ELIGIBLE
4,B2-rank9-q1-r32-K4,B2,1,32,9,310442096.99999994,ELIGIBLE
2,B2-rank3-q1-r64-K2,B2,1,64,3,230357009.53124994,ELIGIBLE
2,B2-rank6-q1-r64-K2,B2,1,64,6,MISSING,NOT_REGISTERED
2,B2-rank9-q1-r64-K2,B2,1,64,9,MISSING,NOT_REGISTERED
2,B2-rank3-q2-r1-K2,B2,2,1,3,216816145.3125,ELIGIBLE
2,B2-rank6-q2-r1-K2,B2,2,1,6,330350613.53125,ELIGIBLE
2,B2-rank9-q2-r1-K2,B2,2,1,9,476722872.65625006,ELIGIBLE
4,B2-rank3-q2-r1-K4,B2,2,1,3,216857754.53125,ELIGIBLE
4,B2-rank6-q2-r1-K4,B2,2,1,6,330251177.09375,ELIGIBLE
4,B2-rank9-q2-r1-K4,B2,2,1,9,476775364.68750006,ELIGIBLE
2,B2-rank3-q2-r2-K2,B2,2,2,3,199988381.15625003,ELIGIBLE
2,B2-rank6-q2-r2-K2,B2,2,2,6,331679053.25,ELIGIBLE
2,B2-rank9-q2-r2-K2,B2,2,2,9,477816379.21875006,ELIGIBLE
4,B2-rank3-q2-r2-K4,B2,2,2,3,199929743.71875003,ELIGIBLE
4,B2-rank6-q2-r2-K4,B2,2,2,6,331541533.5,ELIGIBLE
4,B2-rank9-q2-r2-K4,B2,2,2,9,477779216.71875,ELIGIBLE
2,B2-rank3-q2-r4-K2,B2,2,4,3,195329299.78125003,ELIGIBLE
2,B2-rank6-q2-r4-K2,B2,2,4,6,333136839.625,ELIGIBLE
2,B2-rank9-q2-r4-K2,B2,2,4,9,479425515.46875006,ELIGIBLE
4,B2-rank3-q2-r4-K4,B2,2,4,3,194231770.59374994,ELIGIBLE
4,B2-rank6-q2-r4-K4,B2,2,4,6,333952611.375,ELIGIBLE
4,B2-rank9-q2-r4-K4,B2,2,4,9,479432483.43749994,ELIGIBLE
2,B2-rank3-q2-r8-K2,B2,2,8,3,203917459.50000006,ELIGIBLE
2,B2-rank6-q2-r8-K2,B2,2,8,6,336662055.4687499,ELIGIBLE
2,B2-rank9-q2-r8-K2,B2,2,8,9,481765823.90624994,ELIGIBLE
4,B2-rank3-q2-r8-K4,B2,2,8,3,204890158.68750003,ELIGIBLE
4,B2-rank6-q2-r8-K4,B2,2,8,6,336971897.8124999,ELIGIBLE
4,B2-rank9-q2-r8-K4,B2,2,8,9,481716583.59375,ELIGIBLE
2,B2-rank3-q2-r16-K2,B2,2,16,3,225575684.99999997,ELIGIBLE
2,B2-rank6-q2-r16-K2,B2,2,16,6,343489735.78124994,ELIGIBLE
2,B2-rank9-q2-r16-K2,B2,2,16,9,486178870.78124994,ELIGIBLE
4,B2-rank3-q2-r16-K4,B2,2,16,3,224891123.625,ELIGIBLE
4,B2-rank6-q2-r16-K4,B2,2,16,6,343435385.62500006,ELIGIBLE
4,B2-rank9-q2-r16-K4,B2,2,16,9,486184909.68750006,ELIGIBLE
2,B2-rank3-q2-r32-K2,B2,2,32,3,280392158.62499994,ELIGIBLE
2,B2-rank6-q2-r32-K2,B2,2,32,6,355688790.9375,ELIGIBLE
2,B2-rank9-q2-r32-K2,B2,2,32,9,495015648.75,ELIGIBLE
4,B2-rank3-q2-r32-K4,B2,2,32,3,272918575.875,ELIGIBLE
4,B2-rank6-q2-r32-K4,B2,2,32,6,357395014.21875006,ELIGIBLE
4,B2-rank9-q2-r32-K4,B2,2,32,9,495040268.90625,ELIGIBLE
2,B2-rank3-q4-r1-K2,B2,4,1,3,369424598.53125,ELIGIBLE
2,B2-rank6-q4-r1-K2,B2,4,1,6,627220170.5,ELIGIBLE
2,B2-rank9-q4-r1-K2,B2,4,1,9,907406265.9999999,ELIGIBLE
4,B2-rank3-q4-r1-K4,B2,4,1,3,369394442.875,ELIGIBLE
4,B2-rank6-q4-r1-K4,B2,4,1,6,627436641.9999998,ELIGIBLE
4,B2-rank9-q4-r1-K4,B2,4,1,9,907435598.8750001,ELIGIBLE
2,B2-rank3-q4-r2-K2,B2,4,2,3,357226557.1875,ELIGIBLE
2,B2-rank6-q4-r2-K2,B2,4,2,6,630234019.5937498,ELIGIBLE
2,B2-rank9-q4-r2-K2,B2,4,2,9,909889338.3125,ELIGIBLE
4,B2-rank3-q4-r2-K4,B2,4,2,3,356907326.75,ELIGIBLE
4,B2-rank6-q4-r2-K4,B2,4,2,6,630148681.59375,ELIGIBLE
4,B2-rank9-q4-r2-K4,B2,4,2,9,909849338.9375001,ELIGIBLE
2,B2-rank3-q4-r4-K2,B2,4,4,3,359549155.37500006,ELIGIBLE
2,B2-rank6-q4-r4-K2,B2,4,4,6,634022982.125,ELIGIBLE
2,B2-rank9-q4-r4-K2,B2,4,4,9,912969290.1875,ELIGIBLE
4,B2-rank3-q4-r4-K4,B2,4,4,3,356650559.81250006,ELIGIBLE
4,B2-rank6-q4-r4-K4,B2,4,4,6,634256756.2499998,ELIGIBLE
4,B2-rank9-q4-r4-K4,B2,4,4,9,912871513.9375,ELIGIBLE
2,B2-rank3-q4-r8-K2,B2,4,8,3,379414704.00000006,ELIGIBLE
2,B2-rank6-q4-r8-K2,B2,4,8,6,640063776.6249999,ELIGIBLE
2,B2-rank9-q4-r8-K2,B2,4,8,9,917397665.4374999,ELIGIBLE
4,B2-rank3-q4-r8-K4,B2,4,8,3,375376422.00000006,ELIGIBLE
4,B2-rank6-q4-r8-K4,B2,4,8,6,641716639.6874999,ELIGIBLE
4,B2-rank9-q4-r8-K4,B2,4,8,9,917327444.3124998,ELIGIBLE
2,B2-rank3-q4-r16-K2,B2,4,16,3,425586185.71874994,ELIGIBLE
2,B2-rank6-q4-r16-K2,B2,4,16,6,652688912.6875001,ELIGIBLE
2,B2-rank9-q4-r16-K2,B2,4,16,9,925902865.8749999,ELIGIBLE
4,B2-rank3-q4-r16-K4,B2,4,16,3,426200112.84375006,ELIGIBLE
4,B2-rank6-q4-r16-K4,B2,4,16,6,649600072.0625001,ELIGIBLE
4,B2-rank9-q4-r16-K4,B2,4,16,9,925919310.0624999,ELIGIBLE
2,B2-rank3-q4-r32-K2,B2,4,32,3,513881429.3749999,ELIGIBLE
2,B2-rank6-q4-r32-K2,B2,4,32,6,673934358.5000001,ELIGIBLE
2,B2-rank9-q4-r32-K2,B2,4,32,9,942903489.1250002,ELIGIBLE
4,B2-rank3-q4-r32-K4,B2,4,32,3,513442626.875,ELIGIBLE
4,B2-rank6-q4-r32-K4,B2,4,32,6,676354320.6874999,ELIGIBLE
4,B2-rank9-q4-r32-K4,B2,4,32,9,942906155.7500002,ELIGIBLE
2,B2-rank3-q8-r1-K2,B2,8,1,3,688410606.5625001,ELIGIBLE
2,B2-rank6-q8-r1-K2,B2,8,1,6,1236758108.6250002,ELIGIBLE
2,B2-rank9-q8-r1-K2,B2,8,1,9,1791517967.5312502,ELIGIBLE
4,B2-rank3-q8-r1-K4,B2,8,1,3,688650656.125,ELIGIBLE
4,B2-rank6-q8-r1-K4,B2,8,1,6,1237048364.25,ELIGIBLE
4,B2-rank9-q8-r1-K4,B2,8,1,9,1792065495.1875,ELIGIBLE
2,B2-rank3-q8-r2-K2,B2,8,2,3,684061479.375,ELIGIBLE
2,B2-rank6-q8-r2-K2,B2,8,2,6,1242337613.3437498,ELIGIBLE
2,B2-rank9-q8-r2-K2,B2,8,2,9,1796568855.1875,ELIGIBLE
4,B2-rank3-q8-r2-K4,B2,8,2,3,685724831.2500001,ELIGIBLE
4,B2-rank6-q8-r2-K4,B2,8,2,6,1242331456.4062505,ELIGIBLE
4,B2-rank9-q8-r2-K4,B2,8,2,9,1797077242.3125,ELIGIBLE
2,B2-rank3-q8-r4-K2,B2,8,4,3,699862743.28125,ELIGIBLE
2,B2-rank6-q8-r4-K2,B2,8,4,6,1249753644.5625,ELIGIBLE
2,B2-rank9-q8-r4-K2,B2,8,4,9,1802250389.1562495,ELIGIBLE
4,B2-rank3-q8-r4-K4,B2,8,4,3,705334708.1249999,ELIGIBLE
4,B2-rank6-q8-r4-K4,B2,8,4,6,1250598024.5625,ELIGIBLE
4,B2-rank9-q8-r4-K4,B2,8,4,9,1802311518.75,ELIGIBLE
2,B2-rank3-q8-r8-K2,B2,8,8,3,738708451.2499998,ELIGIBLE
2,B2-rank6-q8-r8-K2,B2,8,8,6,1263058346.7187502,ELIGIBLE
2,B2-rank9-q8-r8-K2,B2,8,8,9,1811194660.21875,ELIGIBLE
4,B2-rank3-q8-r8-K4,B2,8,8,3,746696546.7500001,ELIGIBLE
4,B2-rank6-q8-r8-K4,B2,8,8,6,1261246008.1875002,ELIGIBLE
4,B2-rank9-q8-r8-K4,B2,8,8,9,1811241716.8125005,ELIGIBLE
2,B2-rank3-q8-r16-K2,B2,8,16,3,832778185.0000002,ELIGIBLE
2,B2-rank6-q8-r16-K2,B2,8,16,6,1287629364.9375002,ELIGIBLE
2,B2-rank9-q8-r16-K2,B2,8,16,9,1827996942.65625,ELIGIBLE
4,B2-rank3-q8-r16-K4,B2,8,16,3,831348535.0,ELIGIBLE
4,B2-rank6-q8-r16-K4,B2,8,16,6,1285727311.0312502,ELIGIBLE
4,B2-rank9-q8-r16-K4,B2,8,16,9,1828031245.5937505,ELIGIBLE
2,B2-rank3-q8-r32-K2,B2,8,32,3,1023552773.3437502,ELIGIBLE
2,B2-rank6-q8-r32-K2,B2,8,32,6,1330063417.96875,ELIGIBLE
2,B2-rank9-q8-r32-K2,B2,8,32,9,1861690783.1250005,ELIGIBLE
4,B2-rank3-q8-r32-K4,B2,8,32,3,1028056764.84375,ELIGIBLE
4,B2-rank6-q8-r32-K4,B2,8,32,6,1332517837.1249998,ELIGIBLE
4,B2-rank9-q8-r32-K4,B2,8,32,9,1861702217.4375,ELIGIBLE
