x,arm,selection_axis,shots,T,CX,1Q
1/4,ordinary,T,889003,212872954.6381322,4996350.810235573,542062763.40205
1/4,ordinary,CX,893446,290778596.4068385,4790027.6143874945,732997292.4018625
1/4,ordinary,1Q,889361,212875851.8254392,4994904.884138548,542069170.7438283
1/4,PTSC_K0,T,3426484,203581579.40464082,5138454.452273689,536971896.2931343
1/4,PTSC_K0,CX,3454636,278819208.2188219,4610549.464316228,720399276.0239516
1/4,PTSC_K0,1Q,1143638,203799632.7522523,4833251.536359185,520920414.5126319
1/4,A,T,1023142,177552400.60815778,5717982.336289133,468184938.10534596
1/4,A,CX,892344,290041044.9479989,4773873.640378924,746533042.7916878
1/4,A,1Q,1022850,177548958.2944412,5718904.215235019,468173605.2250338
1/4,J1,T,4038689,174720368.16559446,6662825.87477944,483946285.80273545
1/4,J1,CX,3538289,286323494.88379014,4723948.726840021,755558222.9779929
1/4,J1,1Q,1114220,174820322.72031286,5661819.949745914,461712911.04104996
1/4,return,T,1038766,189832928.6039045,5829105.600714004,495034674.0594484
1/4,return,CX,829419,269990006.3936598,4448986.386321062,678460295.4851329
1/4,return,1Q,1038816,189825055.93943566,5828436.389340595,495013282.1985614
1/4,CTS_literal_M3,T,4006722,160268880.0,8651937.594156917,460405059.4691787
1/4,CTS_literal_M3,CX,3289304,227804037.55777314,3500682.6536066835,604629480.9457766
1/4,CTS_literal_M3,1Q,970447,164669575.7698797,3712301.3623504355,431125042.0978927
1/8,ordinary,T,1108811,191903766.38358754,6134803.901770573,501573109.368515
1/8,ordinary,CX,815135,257829886.51325828,4327840.971481976,670556726.5816456
1/8,ordinary,1Q,1108927,191901864.43844384,6134300.531950735,501568597.69489306
1/8,PTSC_K0,T,4383638,189163062.12846652,6278844.527145692,517874257.3919325
1/8,PTSC_K0,CX,3229041,254876669.368962,4281301.638774876,679878042.2067426
1/8,PTSC_K0,1Q,1175192,189226194.31408623,6057594.629825981,495124690.3864766
1/8,A,T,811930,179989517.97058517,4482654.292747106,465297424.71805596
1/8,A,CX,815091,264241597.18377447,4324925.233379294,668700501.2446656
1/8,A,1Q,811748,179987284.56247318,4483213.001330532,465290176.3248921
1/8,J1,T,3234499,179160991.7289853,4915547.848210582,481058984.6802383
1/8,J1,CX,3250532,263235846.5845273,4310150.0853882935,683224700.5348798
1/8,J1,1Q,831327,179183039.3634237,4465884.669042698,463389609.26674056
1/8,return,T,787887,187808511.12199467,4375775.4937068885,481297026.2159071
1/8,return,CX,799688,259334399.09594145,4245968.980984086,665872401.2940853
1/8,return,1Q,788014,187813698.6422203,4375369.477236831,481310480.56392604
1/8,CTS_literal_M3,T,3970775,150889450.0,8572554.066373149,416561422.26455766
1/8,CTS_literal_M3,CX,3078599,208769693.79773825,3276998.049120072,539481323.696234
1/8,CTS_literal_M3,1Q,1038128,151106410.6298794,4365462.0798664205,388150679.9004789
