track,context,candidate,q,delta,model_bound,accounted_bias,shots_per_axis,workspace,xy_rz,xy_cx,work_rz,work_cx,xy_depth,work_depth
N1,planted_local_gauge,native_exact,1,0.6,0.0,0.020929017285540377,161999,0,628,416,101735372,67391584,778,126035222
N1,planted_local_gauge,native_exact,2,0.3,0.0,0.005025652524517219,16201,0,1250,832,20251250,13479232,1546,25046746
N1,planted_local_gauge,native_exact,4,0.15,0.0,0.0012439737817758778,11987,0,2494,1664,29895578,19946368,3082,36943934
N1,planted_local_gauge,native_exact,8,0.075,0.0,0.00031022321983420633,11200,0,4982,3328,55798400,37273600,6154,68924800
N1,planted_local_gauge,N1_min_basis_rz,1,0.6,0.007007000000000472,0.02511909087763216,874799,0,566,400,495136234,349919600,710,621107290
N1,planted_local_gauge,N1_min_basis_rz,2,0.3,0.007007000000000472,0.009226637082866038,24131,0,1126,800,27171506,19304800,1410,34024710
N1,planted_local_gauge,N1_min_basis_rz,4,0.15,0.007007000000000472,0.005447388442105133,16805,0,2246,1600,37744030,26888000,2810,47222050
N1,planted_local_gauge,N1_min_basis_rz,8,0.075,0.007007000000000472,0.004514228023895625,15512,0,4486,3200,69586832,49638400,5610,87022320
N1,planted_local_gauge,N1_min_basis_cx,1,0.6,0.007007000000000472,0.02511909087763216,874799,0,566,400,495136234,349919600,710,621107290
N1,planted_local_gauge,N1_min_basis_cx,2,0.3,0.007007000000000472,0.009226637082866038,24131,0,1126,800,27171506,19304800,1410,34024710
N1,planted_local_gauge,N1_min_basis_cx,4,0.15,0.007007000000000472,0.005447388442105133,16805,0,2246,1600,37744030,26888000,2810,47222050
N1,planted_local_gauge,N1_min_basis_cx,8,0.075,0.007007000000000472,0.004514228023895625,15512,0,4486,3200,69586832,49638400,5610,87022320
N1,planted_local_gauge,shifted_cutoff_min_basis_rz,1,0.6,0.002802800000000313,0.022609243495261135,272126,0,602,408,163819852,111027408,762,207360012
N1,planted_local_gauge,shifted_cutoff_min_basis_rz,2,0.3,0.002802800000000313,0.006706994620947188,18824,0,1198,816,22551152,15360384,1514,28499536
N1,planted_local_gauge,shifted_cutoff_min_basis_rz,4,0.15,0.002802800000000313,0.0029255708568726073,13629,0,2390,1632,32573310,22242528,3018,41132322
N1,planted_local_gauge,shifted_cutoff_min_basis_rz,8,0.075,0.002802800000000313,0.001991882584798442,12678,0,4774,3264,60524772,41380992,6026,76397628
N1,planted_local_gauge,shifted_cutoff_min_basis_cx,1,0.6,0.002802800000000313,0.022609243495261135,272126,0,602,408,163819852,111027408,762,207360012
N1,planted_local_gauge,shifted_cutoff_min_basis_cx,2,0.3,0.002802800000000313,0.006706994620947188,18824,0,1198,816,22551152,15360384,1514,28499536
N1,planted_local_gauge,shifted_cutoff_min_basis_cx,4,0.15,0.002802800000000313,0.0029255708568726073,13629,0,2390,1632,32573310,22242528,3018,41132322
N1,planted_local_gauge,shifted_cutoff_min_basis_cx,8,0.075,0.002802800000000313,0.001991882584798442,12678,0,4774,3264,60524772,41380992,6026,76397628
N1,planted_local_gauge,zero_cutoff_min_basis_rz,1,0.6,0.0,0.020929017285540377,161999,0,628,416,101735372,67391584,778,126035222
N1,planted_local_gauge,zero_cutoff_min_basis_rz,2,0.3,0.0,0.005025652524517219,16201,0,1250,832,20251250,13479232,1546,25046746
N1,planted_local_gauge,zero_cutoff_min_basis_rz,4,0.15,0.0,0.0012439737817758778,11987,0,2494,1664,29895578,19946368,3082,36943934
N1,planted_local_gauge,zero_cutoff_min_basis_rz,8,0.075,0.0,0.00031022321983420633,11200,0,4982,3328,55798400,37273600,6154,68924800
N1,planted_local_gauge,N1_same_approx_ungauged,1,0.6,0.007007000000000472,0.025119090877631037,874799,0,628,416,549373772,363916384,778,680593622
N1,planted_local_gauge,N1_same_approx_ungauged,2,0.3,0.007007000000000472,0.009226637082865061,24131,0,1250,832,30163750,20076992,1546,37306526
N1,planted_local_gauge,N1_same_approx_ungauged,4,0.15,0.007007000000000472,0.005447388442104061,16805,0,2494,1664,41911670,27963520,3082,51793010
N1,planted_local_gauge,N1_same_approx_ungauged,8,0.075,0.007007000000000472,0.004514228023894879,15512,0,4982,3328,77280784,51623936,6154,95460848
N1,planted_local_gauge,whole_Pauli_original,1,0.6,0.0,0.03136175899760105,,0,890,1132,,,1866,
N1,planted_local_gauge,whole_Pauli_original,2,0.3,0.0,0.0076697431894657735,20624,0,1750,2264,36092000,46692736,3722,76762528
N1,planted_local_gauge,whole_Pauli_original,4,0.15,0.0,0.0019069734352006075,12597,0,3470,4528,43711590,57039216,7434,93646098
N1,planted_local_gauge,whole_Pauli_original,8,0.075,0.0,0.0004760926975010561,11334,0,6910,9056,78317940,102640704,14858,168400572
N1,planted_local_gauge,whole_Pauli_N1_approx,1,0.6,0.007007000000000472,0.0355619655712748,,0,876,1132,,,1866,
N1,planted_local_gauge,whole_Pauli_N1_approx,2,0.3,0.007007000000000472,0.011872958974533672,32541,0,1722,2264,56035602,73672824,3722,121117602
N1,planted_local_gauge,whole_Pauli_N1_approx,4,0.15,0.007007000000000472,0.006110928241370719,17826,0,3414,4528,60857964,80716128,7434,132518484
N1,planted_local_gauge,whole_Pauli_N1_approx,8,0.075,0.007007000000000472,0.004680231452488876,15731,0,6798,9056,106939338,142459936,14858,233731198
N1,dense_group_frame,native_exact,1,0.6,0.0,0.021471797169589354,188841,0,658,424,124257378,80068584,806,152205846
N1,dense_group_frame,native_exact,2,0.3,0.0,0.005093300912958767,16296,0,1310,848,21347760,13819008,1602,26106192
N1,dense_group_frame,native_exact,4,0.15,0.0,0.001257021677269692,11998,0,2614,1696,31362772,20348608,3194,38321612
N1,dense_group_frame,native_exact,8,0.075,0.0,0.00031324937215944696,11202,0,5222,3392,58496844,37997184,6378,71446356
N1,dense_group_frame,N1_min_basis_rz,1,0.6,0.004204200000000004,0.023987697504043688,474746,0,626,416,297190996,197494336,794,376948324
N1,dense_group_frame,N1_min_basis_rz,2,0.3,0.004204200000000004,0.007614374149821832,20513,0,1246,832,25559198,17066816,1578,32369514
N1,dense_group_frame,N1_min_basis_rz,4,0.15,0.004204200000000004,0.0037791918672919027,14595,0,2486,1664,36283170,24286080,3146,45915870
N1,dense_group_frame,N1_min_basis_rz,8,0.075,0.004204200000000004,0.002835682645730598,13533,0,4966,3328,67204878,45037824,6282,85014306
N1,dense_group_frame,N1_min_basis_cx,1,0.6,0.004204200000000004,0.023987697504043688,474746,0,626,416,297190996,197494336,794,376948324
N1,dense_group_frame,N1_min_basis_cx,2,0.3,0.004204200000000004,0.007614374149821832,20513,0,1246,832,25559198,17066816,1578,32369514
N1,dense_group_frame,N1_min_basis_cx,4,0.15,0.004204200000000004,0.0037791918672919027,14595,0,2486,1664,36283170,24286080,3146,45915870
N1,dense_group_frame,N1_min_basis_cx,8,0.075,0.004204200000000004,0.002835682645730598,13533,0,4966,3328,67204878,45037824,6282,85014306
N1,dense_group_frame,shifted_cutoff_min_basis_rz,1,0.6,0.004204200000000004,0.023987697504043688,474746,0,626,416,297190996,197494336,794,376948324
N1,dense_group_frame,shifted_cutoff_min_basis_rz,2,0.3,0.004204200000000004,0.007614374149821832,20513,0,1246,832,25559198,17066816,1578,32369514
N1,dense_group_frame,shifted_cutoff_min_basis_rz,4,0.15,0.004204200000000004,0.0037791918672919027,14595,0,2486,1664,36283170,24286080,3146,45915870
N1,dense_group_frame,shifted_cutoff_min_basis_rz,8,0.075,0.004204200000000004,0.002835682645730598,13533,0,4966,3328,67204878,45037824,6282,85014306
N1,dense_group_frame,shifted_cutoff_min_basis_cx,1,0.6,0.004204200000000004,0.023987697504043688,474746,0,626,416,297190996,197494336,794,376948324
N1,dense_group_frame,shifted_cutoff_min_basis_cx,2,0.3,0.004204200000000004,0.007614374149821832,20513,0,1246,832,25559198,17066816,1578,32369514
N1,dense_group_frame,shifted_cutoff_min_basis_cx,4,0.15,0.004204200000000004,0.0037791918672919027,14595,0,2486,1664,36283170,24286080,3146,45915870
N1,dense_group_frame,shifted_cutoff_min_basis_cx,8,0.075,0.004204200000000004,0.002835682645730598,13533,0,4966,3328,67204878,45037824,6282,85014306
N1,dense_group_frame,zero_cutoff_min_basis_rz,1,0.6,0.0,0.021471797169589354,188841,0,658,424,124257378,80068584,806,152205846
N1,dense_group_frame,zero_cutoff_min_basis_rz,2,0.3,0.0,0.005093300912958767,16296,0,1310,848,21347760,13819008,1602,26106192
N1,dense_group_frame,zero_cutoff_min_basis_rz,4,0.15,0.0,0.001257021677269692,11998,0,2614,1696,31362772,20348608,3194,38321612
N1,dense_group_frame,zero_cutoff_min_basis_rz,8,0.075,0.0,0.00031324937215944696,11202,0,5222,3392,58496844,37997184,6378,71446356
N1,dense_group_frame,N1_same_approx_ungauged,1,0.6,0.004204200000000004,0.023987697504043372,474746,0,658,424,312382868,201292304,806,382645276
N1,dense_group_frame,N1_same_approx_ungauged,2,0.3,0.004204200000000004,0.007614374149821766,20513,0,1310,848,26872030,17395024,1602,32861826
N1,dense_group_frame,N1_same_approx_ungauged,4,0.15,0.004204200000000004,0.0037791918672917387,14595,0,2614,1696,38151330,24753120,3194,46616430
N1,dense_group_frame,N1_same_approx_ungauged,8,0.075,0.004204200000000004,0.0028356826457304665,13533,0,5222,3392,70669326,45903936,6378,86313474
N1,dense_group_frame,whole_Pauli_original,1,0.6,0.0,0.03706309510683772,,0,890,1132,,,1866,
N1,dense_group_frame,whole_Pauli_original,2,0.3,0.0,0.009061970613115818,23719,0,1750,2264,41508250,53699816,3722,88282118
N1,dense_group_frame,whole_Pauli_original,4,0.15,0.0,0.002252904473863547,12934,0,3470,4528,44880980,58565152,7434,96151356
N1,dense_group_frame,whole_Pauli_original,8,0.075,0.0,0.000562441895540312,11405,0,6910,9056,78808550,103283680,14858,169455490
N1,dense_group_frame,whole_Pauli_N1_approx,1,0.6,0.004204200000000004,0.03957460991237072,,0,876,1132,,,1866,
N1,dense_group_frame,whole_Pauli_N1_approx,2,0.3,0.004204200000000004,0.011581624539535535,31415,0,1722,2264,54096630,71123560,3722,116926630
N1,dense_group_frame,whole_Pauli_N1_approx,4,0.15,0.004204200000000004,0.004774702174254396,15857,0,3414,4528,54135798,71800496,7434,117880938
N1,dense_group_frame,whole_Pauli_N1_approx,8,0.075,0.004204200000000004,0.0030847809795818307,13802,0,6798,9056,93825996,124990912,14858,205070116
N1,separated_spectrum,native_exact,1,0.6,0.0,0.04357817700732027,,0,658,424,,,806,
N1,separated_spectrum,native_exact,2,0.3,0.0,0.01000944384812552,26243,0,1310,848,34378330,22254064,1602,42041286
N1,separated_spectrum,native_exact,4,0.15,0.0,0.0024514970278005435,13133,0,2614,1696,34329662,22273568,3194,41946802
N1,separated_spectrum,native_exact,8,0.075,0.0,0.0006097602588847958,11444,0,5222,3392,59760568,38818048,6378,72989832
N1,separated_spectrum,N1_min_basis_rz,1,0.6,0.0,0.04357817700732027,,0,658,424,,,806,
N1,separated_spectrum,N1_min_basis_rz,2,0.3,0.0,0.01000944384812552,26243,0,1310,848,34378330,22254064,1602,42041286
N1,separated_spectrum,N1_min_basis_rz,4,0.15,0.0,0.0024514970278005435,13133,0,2614,1696,34329662,22273568,3194,41946802
N1,separated_spectrum,N1_min_basis_rz,8,0.075,0.0,0.0006097602588847958,11444,0,5222,3392,59760568,38818048,6378,72989832
N1,separated_spectrum,N1_min_basis_cx,1,0.6,0.0,0.04357817700732027,,0,658,424,,,806,
N1,separated_spectrum,N1_min_basis_cx,2,0.3,0.0,0.01000944384812552,26243,0,1310,848,34378330,22254064,1602,42041286
N1,separated_spectrum,N1_min_basis_cx,4,0.15,0.0,0.0024514970278005435,13133,0,2614,1696,34329662,22273568,3194,41946802
N1,separated_spectrum,N1_min_basis_cx,8,0.075,0.0,0.0006097602588847958,11444,0,5222,3392,59760568,38818048,6378,72989832
N1,separated_spectrum,shifted_cutoff_min_basis_rz,1,0.6,0.0,0.04357817700732027,,0,658,424,,,806,
N1,separated_spectrum,shifted_cutoff_min_basis_rz,2,0.3,0.0,0.01000944384812552,26243,0,1310,848,34378330,22254064,1602,42041286
N1,separated_spectrum,shifted_cutoff_min_basis_rz,4,0.15,0.0,0.0024514970278005435,13133,0,2614,1696,34329662,22273568,3194,41946802
N1,separated_spectrum,shifted_cutoff_min_basis_rz,8,0.075,0.0,0.0006097602588847958,11444,0,5222,3392,59760568,38818048,6378,72989832
N1,separated_spectrum,shifted_cutoff_min_basis_cx,1,0.6,0.0,0.04357817700732027,,0,658,424,,,806,
N1,separated_spectrum,shifted_cutoff_min_basis_cx,2,0.3,0.0,0.01000944384812552,26243,0,1310,848,34378330,22254064,1602,42041286
N1,separated_spectrum,shifted_cutoff_min_basis_cx,4,0.15,0.0,0.0024514970278005435,13133,0,2614,1696,34329662,22273568,3194,41946802
N1,separated_spectrum,shifted_cutoff_min_basis_cx,8,0.075,0.0,0.0006097602588847958,11444,0,5222,3392,59760568,38818048,6378,72989832
N1,separated_spectrum,zero_cutoff_min_basis_rz,1,0.6,0.0,0.04357817700732027,,0,658,424,,,806,
N1,separated_spectrum,zero_cutoff_min_basis_rz,2,0.3,0.0,0.01000944384812552,26243,0,1310,848,34378330,22254064,1602,42041286
N1,separated_spectrum,zero_cutoff_min_basis_rz,4,0.15,0.0,0.0024514970278005435,13133,0,2614,1696,34329662,22273568,3194,41946802
N1,separated_spectrum,zero_cutoff_min_basis_rz,8,0.075,0.0,0.0006097602588847958,11444,0,5222,3392,59760568,38818048,6378,72989832
N1,separated_spectrum,N1_same_approx_ungauged,1,0.6,0.0,0.04357817700732003,,0,658,424,,,806,
N1,separated_spectrum,N1_same_approx_ungauged,2,0.3,0.0,0.010009443848125174,26243,0,1310,848,34378330,22254064,1602,42041286
N1,separated_spectrum,N1_same_approx_ungauged,4,0.15,0.0,0.00245149702780024,13133,0,2614,1696,34329662,22273568,3194,41946802
N1,separated_spectrum,N1_same_approx_ungauged,8,0.075,0.0,0.0006097602588846663,11444,0,5222,3392,59760568,38818048,6378,72989832
N1,separated_spectrum,whole_Pauli_original,1,0.6,0.0,0.10430031824380072,,0,890,1132,,,1866,
N1,separated_spectrum,whole_Pauli_original,2,0.3,0.0,0.025426311269262373,1072983,0,1750,2264,1877720250,2429233512,3722,3993642726
N1,separated_spectrum,whole_Pauli_original,4,0.15,0.0,0.006312866792858432,18155,0,3470,4528,62997850,82205840,7434,134964270
N1,separated_spectrum,whole_Pauli_original,8,0.075,0.0,0.0015754435421994953,12286,0,6910,9056,84896260,111262016,14858,182545388
N1,separated_spectrum,whole_Pauli_N1_approx,1,0.6,0.0,0.10430031824380116,,0,876,1132,,,1866,
N1,separated_spectrum,whole_Pauli_N1_approx,2,0.3,0.0,0.025426311269262945,1072983,0,1722,2264,1847676726,2429233512,3722,3993642726
N1,separated_spectrum,whole_Pauli_N1_approx,4,0.15,0.0,0.006312866792858498,18155,0,3414,4528,61981170,82205840,7434,134964270
N1,separated_spectrum,whole_Pauli_N1_approx,8,0.075,0.0,0.0015754435421995246,12286,0,6798,9056,83520228,111262016,14858,182545388
N2,signed_overlap,direct_original,1,0.7,0.0,0.0,10956,0,47,64,514932,701184,101,1106556
N2,signed_overlap,charge_generated,1,0.7,1.3877787807814457e-16,9.71445146547012e-17,10956,6,791,664,8666196,7274784,758,8304648
N2,signed_overlap,direct_same_approx,1,0.7,1.3877787807814457e-16,9.71445146547012e-17,10956,0,47,64,514932,701184,101,1106556
N2,perturbed_signed,direct_original,1,0.7,0.0,0.0,10956,0,47,64,514932,701184,101,1106556
N2,uniform_hamming,direct_original,1,0.7,0.0,0.0,10956,0,47,64,514932,701184,101,1106556
N2,uniform_hamming,charge_generated,1,0.7,8.881784197001252e-16,6.217248937900876e-16,10956,5,543,444,5949108,4864464,672,7362432
N2,uniform_hamming,direct_same_approx,1,0.7,8.881784197001252e-16,6.217248937900876e-16,10956,0,47,64,514932,701184,101,1106556
N2,uniform_hamming,known_unsigned_HWP,1,0.7,0.0,0.0,10956,3,463,380,5072628,4163280,672,7362432
N2,dense_real_rank2,direct_original,1,0.7,0.0,0.0,10956,0,47,64,514932,701184,101,1106556
N2,sparse_no_collective,direct_original,1,0.7,0.0,0.0,10956,0,31,32,339636,350592,55,602580
