B,b,bound_kind,candidate_fingerprint,log_B,log_bound_slack,model_id,orders,paper_upper_bound,paper_upper_bound_overflowed,probabilities,tau,weights
1.0,1.0,ANALYTIC_UPPER_BOUND_SEPARATE,0360617a53633f2510d1d4e0616b64460c8017ace85a4cf7df6a321d1ce37992,0.0,6.088445570561413e-17,AXM1_FINITE_NORMALIZATION,"[0,2,4]",1.0,False,"[1.0,3.0442227852807077e-17,1.5445487277370389e-34]",7.80284920433646e-09,"[1.0,3.0442227852807077e-17,1.5445487277370389e-34]"
1.000077998729413,1.0000194991120228,ANALYTIC_UPPER_BOUND_SEPARATE,03ca38676ff43beb4da9086de144188865ce7d46a022f6e8515eac3076a96948,7.799568767040104e-05,2.2707013610099767e-10,AXM1_FINITE_NORMALIZATION,"[0,2]",1.0000194993390974,False,"[0.9999902506050491,9.749394950896255e-06]",0.004415784073948404,"[1.0000097495269673,9.749585055440557e-06]"
1.0000012186976057,1.0000000047605346,ANALYTIC_UPPER_BOUND_SEPARATE,04fd01953da32388ffe89213935b02c8e125b7c4ab80f6528f3cc8f10c7bb2a8,1.2186968631890614e-06,-2.009981986135914e-16,AXM1_FINITE_NORMALIZATION,"[0,2]",1.0000000047605344,False,"[0.9999999976197327,2.3802671997152146e-09]",6.899662615544381e-05,"[1.0000000023802673,2.380267211046559e-09]"
1.0000024373965657,1.0000000190421376,ANALYTIC_UPPER_BOUND_SEPARATE,0548a5163294a93cee044683d08a1f82b524398dbf8cb65e87d6286fbce93a76,2.4373935952863415e-06,2.2016174663623605e-16,AXM1_FINITE_NORMALIZATION,"[0,2,4]",1.0000000190421379,False,"[0.9999999904789314,9.521068670438967e-09,1.5108458366020658e-17]",0.00013799325231088761,"[1.0000000095210688,9.521068851740467e-09,1.5108458653718002e-17]"
443.43323638622957,1.4636147079537418,ANALYTIC_UPPER_BOUND_SEPARATE,05bb75401d4a800d8ed5745ffeeae23dba1e9d0eb30f93bbe2e87906c24027db,6.0945472523933635,0.08994055820896563,AXM1_FINITE_NORMALIZATION,"[0,2,4]",1.601354384493891,False,"[0.8286237790640243,0.16500564912643384,0.00637057180954191]",0.6861849324224125,"[1.2127859503983178,0.24150469495690308,0.009324062598521024]"
1.0000097496203668,1.0000003046741976,ANALYTIC_UPPER_BOUND_SEPARATE,0ce9cef4ee4a3a27bd5e6c4cfe088a470321f9ebaff976b9c561884e98f405a5,9.749572839536193e-06,5.169787460071194e-14,AXM1_FINITE_NORMALIZATION,"[0,2,4]",1.0000003046742494,False,"[0.9999998476629386,1.5233705763202982e-07,3.867764259038995e-15]",0.0005519730092435505,"[1.0000001523370898,1.5233710404520062e-07,3.867765437446967e-15]"
1.0000000000000036,1.0000000000000004,ANALYTIC_UPPER_BOUND_SEPARATE,0dd5e9256d7a6fd9db7bc2486c672e3ca5f32e0b0e6d4d421d0644d05d18321f,3.5527136788005e-15,-2.00551387027606e-16,AXM1_FINITE_NORMALIZATION,"[0,2,4]",1.0000000000000002,False,"[0.9999999999999998,1.2176891141122784e-16,2.4712779643792444e-33]",1.560569840867292e-08,"[1.0000000000000002,1.217689114112279e-16,2.4712779643792454e-33]"
1.0000097496203668,1.0000003046741976,ANALYTIC_UPPER_BOUND_SEPARATE,0fd820307c65baac590d8af8dae0ea1d47507380ab8c0a53c0cbb24caedf3020,9.749572839536193e-06,5.169787460071194e-14,AXM1_FINITE_NORMALIZATION,"[0,2,4]",1.0000003046742494,False,"[0.9999998476629386,1.5233705763202982e-07,3.867764259038995e-15]",0.0005519730092435505,"[1.0000001523370898,1.5233710404520062e-07,3.867765437446967e-15]"
1.0000389989448781,1.0000048747849366,ANALYTIC_UPPER_BOUND_SEPARATE,10ba41c319067ed3b5c78b86e2b0f1cdea3ff6207fa8940511de2a6aa100f4bc,3.8998184439026275e-05,1.4192055805731078e-11,AXM1_FINITE_NORMALIZATION,"[0,2]",1.0000048747991288,False,"[0.9999975626175982,2.4373824018505703e-06]",0.002207892036974202,"[1.000002437390653,2.4373942835655875e-06]"
1.0034077365959655,1.0000531567786928,ANALYTIC_UPPER_BOUND_SEPARATE,1163c4136d3d573a3aa05c5471b91190fa3ed3ae43b3340113c1d426a0947559,0.0034019434189619486,1.5697432077807299e-09,AXM1_FINITE_NORMALIZATION,"[0,2,4]",1.0000531583485195,False,"[0.9999734227487025,2.6577133567871115e-05,1.1772969242318084e-10]",0.0072908803079249785,"[1.0000265781146342,2.657854632267847e-05,1.1773595055438655e-10]"
34.527999187486905,1.117037766504701,ANALYTIC_UPPER_BOUND_SEPARATE,11f3f418f74a8e5ee0d2ab5ed19c53183a6293a7b00fa6bb24bc630276001037,3.541770565543718,0.007032110197646518,AXM1_FINITE_NORMALIZATION,"[0,2,4]",1.1249205831070794,False,"[0.9464489324957469,0.05303300081812303,0.0005180666861299947]",0.34309246621120626,"[1.0572192016658077,0.059239864784918134,0.0005787000539751413]"
1.0001559980924404,1.0000779960045318,ANALYTIC_UPPER_BOUND_SEPARATE,1248f643ae50f43b327a7f80b7cce6f3c6f7402fa28a3db0767cda48fca6be34,0.00015598592600326588,3.6329493125028967e-09,AXM1_FINITE_NORMALIZATION,"[0,2]",1.0000779996377644,False,"[0.999961004574527,3.89954254729741e-05]",0.008831568147896807,"[1.0000389975375714,3.899846696035601e-05]"
1.0275373871668176,1.0034014033460874,ANALYTIC_UPPER_BOUND_SEPARATE,127236c66fd1401664dfc9aa26f9ae80b813a1c7a5b23c089cb3e68c3a7dbffc,0.027165053263327518,6.412224611306895e-06,AXM1_FINITE_NORMALIZATION,"[0,2,4]",1.0034078374018893,False,"[0.9983039432860485,0.0016955760700630717,4.806438883673786e-07]",0.05832704246339983,"[1.001699577659154,0.00170134340818133,4.822787520975478e-07]"
1.0000000000000036,1.0000000000000009,ANALYTIC_UPPER_BOUND_SEPARATE,12eb2560e8c9c80d29f0d21a80113e79c5ce3638403617b5084a605a5b20e71a,3.5527136788004994e-15,8.597287158970123e-17,AXM1_FINITE_NORMALIZATION,"[0,2]",1.0000000000000009,False,"[0.9999999999999996,4.870756456449129e-16]",3.121139681734584e-08,"[1.0000000000000004,4.870756456449133e-16]"
1.000077998729413,1.0000194991120228,ANALYTIC_UPPER_BOUND_SEPARATE,1356043563d33720e953579d1d84d52976b8ff4f57adb3c38683dbc098907c74,7.799568767040104e-05,2.2707013610099767e-10,AXM1_FINITE_NORMALIZATION,"[0,2]",1.0000194993390974,False,"[0.9999902506050491,9.749394950896255e-06]",0.004415784073948404,"[1.0000097495269673,9.749585055440557e-06]"
1.0275373871668176,1.0034014033460874,ANALYTIC_UPPER_BOUND_SEPARATE,14624b9f1ef123d39e3b1d126d4a3288015d1f8b7fe9ded3105c8e4f8713b62c,0.027165053263327518,6.412224611306895e-06,AXM1_FINITE_NORMALIZATION,"[0,2,4]",1.0034078374018893,False,"[0.9983039432860485,0.0016955760700630717,4.806438883673786e-07]",0.05832704246339983,"[1.001699577659154,0.00170134340818133,4.822787520975478e-07]"
1.0000097496203668,1.0000003046741976,ANALYTIC_UPPER_BOUND_SEPARATE,1735ee7fd8f28aede0340a5a3897d22eab93a1e35108d5ad1de28515f05f8837,9.749572839536193e-06,5.169787460071194e-14,AXM1_FINITE_NORMALIZATION,"[0,2,4]",1.0000003046742494,False,"[0.9999998476629386,1.5233705763202982e-07,3.867764259038995e-15]",0.0005519730092435505,"[1.0000001523370898,1.5233710404520062e-07,3.867765437446967e-15]"
4824.234685182909,2.886878813961612,ANALYTIC_UPPER_BOUND_SEPARATE,17fc1f89f61619edf9479d925a0e65cca1229d5abf131cf55f0d41ca85160129,8.481407386722617,0.8232231225938762,AXM1_FINITE_NORMALIZATION,"[0,2,4]",6.575818427180604,False,"[0.5881983770282176,0.35871110261018097,0.05309052036160128]",1.372369864844825,"[1.6980574330493663,1.0355554824581414,0.15326589845410432]"
1.2156666588294327,1.2156666588294327,ANALYTIC_UPPER_BOUND_SEPARATE,18da49e42be095eb747f8aa9922a59a1fe5e073378d77f79994e0bba1a2daafe,0.1952926167115725,0.022438191770171284,AXM1_FINITE_NORMALIZATION,"[0,2,4]",1.2432523495818955,False,"[0.9077393057307365,0.09062878119891027,0.0016319130703532966]",0.4666163397071986,"[1.1035084088858333,0.11017438763386295,0.001983862309736473]"
1.0000389989448781,1.0000048747849366,ANALYTIC_UPPER_BOUND_SEPARATE,1d58488d677e17777853175aa1c66c47f88cc47cd8d218fe21fde300ecd9d0cc,3.8998184439026275e-05,1.4192055805731078e-11,AXM1_FINITE_NORMALIZATION,"[0,2]",1.0000048747991288,False,"[0.9999975626175982,2.4373824018505703e-06]",0.002207892036974202,"[1.000002437390653,2.4373942835655875e-06]"
1.0068264790690369,1.0002126252315617,ANALYTIC_UPPER_BOUND_SEPARATE,1d6ce39582516148549c9db5d1f9e7e842e82d94c45ba03caf0b0bcb3832bba4,0.006803284160668892,2.51126370500376e-08,AXM1_FINITE_NORMALIZATION,"[0,2,4]",1.0002126503495388,False,"[0.9998937055899219,0.00010629252669726091,1.8833807627200927e-09]",0.014581760615849957,"[1.00010630822061,0.0001063151271703632,1.8837812169908848e-09]"
1.0001559985994362,1.00007799625801,ANALYTIC_UPPER_BOUND_SEPARATE,1ded7d34bc1818a5b6d5e3553bfe7f5f056f86539650bfe58cdc0ed0ad379ca9,0.00015598643291998309,3.3794909538994652e-09,AXM1_FINITE_NORMALIZATION,"[0,2,4]",1.0000779996377644,False,"[0.9999610043210785,3.8995425463090386e-05,2.5345850075725806e-10]",0.008831568147896807,"[1.0000389975375714,3.899846696035601e-05,2.534782695718779e-10]"
1.0001559980924404,1.0000779960045318,ANALYTIC_UPPER_BOUND_SEPARATE,1f181876c150c7bae32c4eace35ae31ab6dad4ba5d329a0171975eaca0cf4ce5,0.00015598592600326588,3.6329493125028967e-09,AXM1_FINITE_NORMALIZATION,"[0,2]",1.0000779996377644,False,"[0.999961004574527,3.89954254729741e-05]",0.008831568147896807,"[1.0000389975375714,3.899846696035601e-05]"
1.1112412167073342,1.05415426608601,ANALYTIC_UPPER_BOUND_SEPARATE,1f47cf083aa52bf62847b99e9d1b45cd2ec87e9989523f46bfe28bbce8178375,0.10547760383933842,0.0016939002007667348,AXM1_FINITE_NORMALIZATION,"[0,2]",1.055941411404558,False,"[0.9741038563553863,0.02589614364461381]",0.2333081698535993,"[1.0268557357878643,0.027298530298145763]"
13227.758505455224,10.72436445094232,ANALYTIC_UPPER_BOUND_SEPARATE,1f755b938934c6efc8d31d21444c585ca0fbf1c1ee9b426adf55f08ea9061d22,9.490072817619282,5.161077979331993,AXM1_FINITE_NORMALIZATION,"[0,2,4]",1869.817635063715,False,"[0.27239208222730765,0.4760616371076555,0.2515462806650368]",2.74473972968965,"[2.9212319633566954,5.105458497454744,2.6976739901308804]"
1.0000012186976057,1.0000000047605346,ANALYTIC_UPPER_BOUND_SEPARATE,2072b954a9b8750bd6b8b860ac8d845a97acef1ca15b30d23b220eba55476d3a,1.2186968631890614e-06,-2.009981986135914e-16,AXM1_FINITE_NORMALIZATION,"[0,2,4]",1.0000000047605344,False,"[0.9999999976197327,2.3802671997152146e-09,9.442786610923873e-19]",6.899662615544381e-05,"[1.0000000023802673,2.380267211046559e-09,9.442786655876586e-19]"
1.0000389989527991,1.0000048747859267,ANALYTIC_UPPER_BOUND_SEPARATE,20b11fae9be7109e97b53be41cc58aad912a4f9ecd1ae30435905c63fc6e5d93,3.899819235976281e-05,1.3201963738764097e-11,AXM1_FINITE_NORMALIZATION,"[0,2,4]",1.0000048747991288,False,"[0.9999975626166081,2.437382401848157e-06,9.901432157519635e-13]",0.002207892036974202,"[1.000002437390653,2.4373942835655875e-06,9.90148042488177e-13]"
1.013694674661216,1.0008504708219397,ANALYTIC_UPPER_BOUND_SEPARATE,26b1ddb01fa478bdaf439432feff9a314c0e5da23eeba8db14e3cd9a4bf833ea,0.013601750024770853,4.015940836333328e-07,AXM1_FINITE_NORMALIZATION,"[0,2,4]",1.0008508727576482,False,"[0.9995750556834362,0.00042491420129205033,3.0115271828528036e-08]",0.029163521231699914,"[1.0004251651026337,0.000425275578422077,3.0140883988512984e-08]"
1.0068264790690369,1.0002126252315617,ANALYTIC_UPPER_BOUND_SEPARATE,2a25ec7dde94e71f05514143db7e8d8376837e58686e99f4acf800e0a3f34b76,0.006803284160668892,2.51126370500376e-08,AXM1_FINITE_NORMALIZATION,"[0,2,4]",1.0002126503495388,False,"[0.9998937055899219,0.00010629252669726091,1.8833807627200927e-09]",0.014581760615849957,"[1.00010630822061,0.0001063151271703632,1.8837812169908848e-09]"
1.027533436136943,1.0034009210673354,ANALYTIC_UPPER_BOUND_SEPARATE,2a527a84ef1481d55ffd576634b4a4841282871ce6d6872ca72767971c7255f2,0.02716120811129692,6.892868615131741e-06,AXM1_FINITE_NORMALIZATION,"[0,2]",1.0034078374018893,False,"[0.9983044231149681,0.0016955768850317387]",0.05832704246339983,"[1.001699577659154,0.00170134340818133]"
1.0008508710686523,1.0000033223074059,ANALYTIC_UPPER_BOUND_SEPARATE,2b5dab0ff9f2e50e8ca8641bc0074353f2e28f69d056c23d63fceb753782a158,0.0008505092830719478,6.592030718268865e-12,AXM1_FINITE_NORMALIZATION,"[0,2]",1.000003322313998,False,"[0.9999983388509727,1.6611490272712243e-06]",0.0018227200769812446,"[1.0000016611528597,1.6611545461189399e-06]"
1.0136941862182753,1.0008504406810557,ANALYTIC_UPPER_BOUND_SEPARATE,2bae3de500df0676aa16f29c6ba63b0c02e98824df975ed0d3942faa53640140,0.013601268180413984,4.3170935593766016e-07,AXM1_FINITE_NORMALIZATION,"[0,2]",1.0008508727576482,False,"[0.9995750857859116,0.0004249142140884574]",0.029163521231699914,"[1.0004251651026337,0.000425275578422077]"
4150.936226878082,8.026690460811439,ANALYTIC_UPPER_BOUND_SEPARATE,2caa6473e54141eda42d4324121850162754ffc43f8af467d07f84dbf97c01c3,8.331089184619696,5.4508238875818895,AXM1_FINITE_NORMALIZATION,"[0,2]",1869.817635063715,False,"[0.3639397803638961,0.6360602196361038]",2.74473972968965,"[2.9212319633566954,5.105458497454744]"
3118.1438137153423,2.733612915507508,ANALYTIC_UPPER_BOUND_SEPARATE,2dfb7c8f663ea3b1458b4988c4e483f829644b4ca79032b3e602a1be6d3de8f3,8.044993172260067,0.877774899401695,AXM1_FINITE_NORMALIZATION,"[0,2]",6.575818427180604,False,"[0.6211769864769292,0.3788230135230707]",1.372369864844825,"[1.6980574330493663,1.0355554824581414]"
1.0000024373965657,1.0000000190421376,ANALYTIC_UPPER_BOUND_SEPARATE,2dfe69ffa6dcdb300b6803666fec70973e749380595b152f39ff0c8a19413789,2.4373935952863415e-06,2.2016174663623605e-16,AXM1_FINITE_NORMALIZATION,"[0,2,4]",1.0000000190421379,False,"[0.9999999904789314,9.521068670438967e-09,1.5108458366020658e-17]",0.00013799325231088761,"[1.0000000095210688,9.521068851740467e-09,1.5108458653718002e-17]"
1.055511708253512,1.0135980439462209,ANALYTIC_UPPER_BOUND_SEPARATE,2e505e1c84c0033fde8c92ead4b49dc0269cebda2a0d00c7865b02c45b2ca80f,0.05402568085818033,0.00010175531556390338,AXM1_FINITE_NORMALIZATION,"[0,2,4]",1.0137011881826858,False,"[0.993274505752787,0.006717879754654806,7.614492558269907e-06]",0.11665408492679966,"[1.0067810961326742,0.006809229778784029,7.718034762705433e-06]"
6.366691166025887,1.0293454588034687,ANALYTIC_UPPER_BOUND_SEPARATE,30417cbeec0ce17eaa6d0e3cb89213b52cb65cb6c654cc0a1a427471d2c0cebd,1.851079894443964,0.0005049867420349914,AXM1_FINITE_NORMALIZATION,"[0,2]",1.029865395882755,False,"[0.9856820747368785,0.014317925263121423]",0.17154623310560313,"[1.0146073674543872,0.014738091349081496]"
4824.234685182909,2.886878813961612,ANALYTIC_UPPER_BOUND_SEPARATE,311c4b79fd41796b21aee085729f34aafe4f4fbdee2fcc6bf5ac5da93caf9e63,8.481407386722617,0.8232231225938762,AXM1_FINITE_NORMALIZATION,"[0,2,4]",6.575818427180604,False,"[0.5881983770282176,0.35871110261018097,0.05309052036160128]",1.372369864844825,"[1.6980574330493663,1.0355554824581414,0.15326589845410432]"
1.0000048747989048,1.0000000761685501,ANALYTIC_UPPER_BOUND_SEPARATE,320658683d49757b27e02857d72c812104b84a10d2e28161114e0e3882eba643,4.87478702291143e-06,3.5003540592332905e-15,AXM1_FINITE_NORMALIZATION,"[0,2]",1.0000000761685537,False,"[0.9999999619157274,3.8084272627005716e-08]",0.00027598650462177523,"[1.0000000380842746,3.8084275527829544e-08]"
1.0000000000000036,1.0000000000000009,ANALYTIC_UPPER_BOUND_SEPARATE,3276bc2d6835f558e94f5062a78717aa12bb7c658550fe367a0cbf1ecf8f1ae2,3.5527136788004994e-15,8.597287158970123e-17,AXM1_FINITE_NORMALIZATION,"[0,2]",1.0000000000000009,False,"[0.9999999999999996,4.870756456449129e-16]",3.121139681734584e-08,"[1.0000000000000004,4.870756456449133e-16]"
1.0,1.0,ANALYTIC_UPPER_BOUND_SEPARATE,34e6daf1cb314e655e990b32fb3212f6757d0b360aca598559f347e88dfeb98e,0.0,6.088445570561413e-17,AXM1_FINITE_NORMALIZATION,"[0,2,4]",1.0,False,"[1.0,3.0442227852807077e-17,1.5445487277370389e-34]",7.80284920433646e-09,"[1.0,3.0442227852807077e-17,1.5445487277370389e-34]"
239.67318760804278,239.6731876080427,ANALYTIC_UPPER_BOUND_SEPARATE,3530339c1ee3aa2f5c67e8aceacb0a09d380592fdf988c088780ea903726437f,5.4792762770612775,115.05826266272774,AXM1_FINITE_NORMALIZATION,"[0,2]",2.2324822970821897e+52,False,"[0.04599766299239381,0.9540023370076062]",10.9789589187586,"[11.024406511907523,228.64878109613517]"
2.5545432274832476,1.00735404532996,ANALYTIC_UPPER_BOUND_SEPARATE,35c7b343b6d07ad42fe08258526dec3c2e0612b2a051c5dd24cbfd503878aabe,0.9378734317372386,2.9891337733305504e-05,AXM1_FINITE_NORMALIZATION,"[0,2,4]",1.007384156939982,False,"[0.9963446093821708,0.0036531515086107745,2.2391092184317645e-06]",0.08577311655280156,"[1.0036717728038287,0.00368001695040231,2.255575729122843e-06]"
34.527999187486905,1.117037766504701,ANALYTIC_UPPER_BOUND_SEPARATE,38363bd96a7369aa4c98340f85e43aa05fafad310deb0f8fc441050a6a7db96d,3.541770565543718,0.007032110197646518,AXM1_FINITE_NORMALIZATION,"[0,2,4]",1.1249205831070794,False,"[0.9464489324957469,0.05303300081812303,0.0005180666861299947]",0.34309246621120626,"[1.0572192016658077,0.059239864784918134,0.0005787000539751413]"
1.0,1.0,ANALYTIC_UPPER_BOUND_SEPARATE,3f58c9f59b129ad5041d557b112d25b17b5a751520c86027abdec294a05794c2,0.0,1.5221113926403532e-17,AXM1_FINITE_NORMALIZATION,"[0,2,4]",1.0,False,"[1.0,7.61055696320174e-18,9.653429548356421e-36]",3.90142460216823e-09,"[1.0,7.61055696320174e-18,9.653429548356421e-36]"
1.0000194993249019,1.0000012186966671,ANALYTIC_UPPER_BOUND_SEPARATE,42361a3deedfb54efcacccec0946bdd0e888c4f8009b27d4df078a313288bf27,1.9499134792443836e-05,8.872057827782214e-13,AXM1_FINITE_NORMALIZATION,"[0,2]",1.0000012186975544,False,"[0.9999993906522956,6.093477045129079e-07]",0.001103946018487101,"[1.00000060934822,6.093484471229245e-07]"
1.0034077365959655,1.0000531567786928,ANALYTIC_UPPER_BOUND_SEPARATE,43111e149ded1dba5eda31791bf072fad9b43602b75e5ada11188936fc50ff79,0.0034019434189619486,1.5697432077807299e-09,AXM1_FINITE_NORMALIZATION,"[0,2,4]",1.0000531583485195,False,"[0.9999734227487025,2.6577133567871115e-05,1.1772969242318084e-10]",0.0072908803079249785,"[1.0000265781146342,2.657854632267847e-05,1.1773595055438655e-10]"
1.0554795598765143,1.0135903259114583,ANALYTIC_UPPER_BOUND_SEPARATE,432f72f136fb44eb45f8a1464decd8866f1035c4d24c18879bfbdb4eb9a32a0b,0.05399522277198598,0.00010936983711249196,AXM1_FINITE_NORMALIZATION,"[0,2]",1.0137011881826858,False,"[0.9932820690917102,0.006717930908289714]",0.11665408492679966,"[1.0067810961326742,0.006809229778784029]"
1.0,1.0,ANALYTIC_UPPER_BOUND_SEPARATE,433c98a6ae7710c1fcde57d98496c1be7b69c9799cf284964e485277bdb84d00,0.0,2.378299051000552e-19,AXM1_FINITE_NORMALIZATION,"[0,2,4]",1.0,False,"[1.0,1.1891495255002755e-19,2.3567943233292183e-39]",4.876780752710287e-10,"[1.0,1.1891495255002755e-19,2.3567943233292183e-39]"
1.0017024569200106,1.000013289224105,ANALYTIC_UPPER_BOUND_SEPARATE,4344e3cc40ba8373dd6d92dcee63b0fbe09cc79c4f74f6698c3ab2506f5b5fe6,0.0017010093829084628,9.81121496911974e-11,AXM1_FINITE_NORMALIZATION,"[0,2,4]",1.0000132893222184,False,"[0.9999933554590786,6.644533563023014e-06,7.358393254995073e-12]",0.0036454401539624893,"[1.0000066445948828,6.644621863718606e-06,7.358491042332091e-12]"
1.000009749620246,1.0000003046741939,ANALYTIC_UPPER_BOUND_SEPARATE,454877b51803a98987c05a65abdd8515863fc5943e5ca695275e3231ad3e7983,9.749572718743965e-06,5.547263171976717e-14,AXM1_FINITE_NORMALIZATION,"[0,2]",1.0000003046742494,False,"[0.9999998476629424,1.5233705763203038e-07]",0.0005519730092435505,"[1.0000001523370898,1.5233710404520062e-07]"
1.0068264790690369,1.0002126252315617,ANALYTIC_UPPER_BOUND_SEPARATE,458f6f6cc62a3291793c82518d7b8d99b6b4a7e470c248501d25b7f4122a900e,0.006803284160668892,2.51126370500376e-08,AXM1_FINITE_NORMALIZATION,"[0,2,4]",1.0002126503495388,False,"[0.9998937055899219,0.00010629252669726091,1.8833807627200927e-09]",0.014581760615849957,"[1.00010630822061,0.0001063151271703632,1.8837812169908848e-09]"
6.366691166025887,1.0293454588034687,ANALYTIC_UPPER_BOUND_SEPARATE,45c818f0164c7a78e47c2bb417235234f21bc83f5e4c9ba38c23812fce104ea4,1.851079894443964,0.0005049867420349914,AXM1_FINITE_NORMALIZATION,"[0,2]",1.029865395882755,False,"[0.9856820747368785,0.014317925263121423]",0.17154623310560313,"[1.0146073674543872,0.014738091349081496]"
1.0000024373965657,1.0000000190421376,ANALYTIC_UPPER_BOUND_SEPARATE,46485c79c46c15175af5a5a1e8d49826f60359668bd8282cfea164c4d3d74710,2.4373935952863415e-06,2.2016174663623605e-16,AXM1_FINITE_NORMALIZATION,"[0,2]",1.0000000190421379,False,"[0.9999999904789314,9.521068670438967e-09]",0.00013799325231088761,"[1.0000000095210688,9.521068851740467e-09]"
2.553811184207638,1.007351789754231,ANALYTIC_UPPER_BOUND_SEPARATE,48e4aadcc19eb9135024b910a5b8f77269ad837985dd5fc71f392228c3413ad0,0.937586825436413,3.213044945850514e-05,AXM1_FINITE_NORMALIZATION,"[0,2]",1.007384156939982,False,"[0.9963468403115657,0.003653159688434309]",0.08577311655280156,"[1.0036717728038287,0.00368001695040231]"
1.000311976922504,1.000311976922504,ANALYTIC_UPPER_BOUND_SEPARATE,4982a594755ce015cf7dc05fa9ece58639a09e636a190bce5f0775e2b0e3dc21,0.00031192826782302824,5.8115980753530114e-08,AXM1_FINITE_NORMALIZATION,"[0,2]",1.0003120350566173,False,"[0.9998440527562986,0.00015594724370128778]",0.017663136295793615,"[1.0001559810268614,0.00015599589564245067]"
1.1115017963309746,1.0542778553735133,ANALYTIC_UPPER_BOUND_SEPARATE,49dbaa81d25e9ed02a3b9415bb75b67cffebae4e47a02261720820c91dd4e92c,0.10571207055303909,0.0015766668439163994,AXM1_FINITE_NORMALIZATION,"[0,2,4]",1.055941411404558,False,"[0.9739896655839994,0.02589310793071182,0.00011722648528868942]",0.2333081698535993,"[1.0268557357878643,0.027298530298145763,0.00012358928750313419]"
1.0,1.0,ANALYTIC_UPPER_BOUND_SEPARATE,4b34b204f05636c1581487aa5e329f94bbc3806415a04ee8345a3b2d26e74db9,0.0,1.5221113926403532e-17,AXM1_FINITE_NORMALIZATION,"[0,2,4]",1.0,False,"[1.0,7.61055696320174e-18,9.653429548356421e-36]",3.90142460216823e-09,"[1.0,7.61055696320174e-18,9.653429548356421e-36]"
1.0,1.0,ANALYTIC_UPPER_BOUND_SEPARATE,4c0e41a091c151a93aebfd45c5ff805c351f4e187c638864c4fbd4ec7853a915,0.0,1.5221113926403532e-17,AXM1_FINITE_NORMALIZATION,"[0,2]",1.0,False,"[1.0,7.61055696320174e-18]",3.90142460216823e-09,"[1.0,7.61055696320174e-18]"
1.0,1.0,ANALYTIC_UPPER_BOUND_SEPARATE,4f548d39532e640d0dc5bb2385e0f30191e18a957429b3be087fb6e6f584a941,0.0,3.805278481600883e-18,AXM1_FINITE_NORMALIZATION,"[0,2]",1.0,False,"[1.0,1.9026392408004415e-18]",1.950712301084115e-09,"[1.0,1.9026392408004415e-18]"
6.380999250513481,1.029381563937495,ANALYTIC_UPPER_BOUND_SEPARATE,5162239684a3433e4d03200707a0ddbf67e1e7c5c4bb3aa516d93e789f5a2dc9,1.853324707430237,0.00046991153912447417,AXM1_FINITE_NORMALIZATION,"[0,2,4]",1.029865395882755,False,"[0.9856475023444222,0.014317423067794915,3.507458778274455e-05]",0.17154623310560313,"[1.0146073674543872,0.014738091349081496,3.610513402626454e-05]"
1.2653645404190323,1.0004597936705895,ANALYTIC_UPPER_BOUND_SEPARATE,519fbed1bdb2abfe84139f5afb66613c8cd395593ad7540e74d5bd9af94c09ea,0.23536025490955573,1.262223285540911e-07,AXM1_FINITE_NORMALIZATION,"[0,2]",1.0004599199509623,False,"[0.9997701926808954,0.00022980731910462896]",0.02144327913820039,"[1.000229880687534,0.0002299129830554084]"
400.33113591830335,1.454290645355221,ANALYTIC_UPPER_BOUND_SEPARATE,51d527be43673608b0ba3347a6ccdd5f1336703fb370972865ca3a5ead959ea3,5.992292044433371,0.09633150870646517,AXM1_FINITE_NORMALIZATION,"[0,2]",1.601354384493891,False,"[0.8339364309821894,0.1660635690178106]",0.6861849324224125,"[1.2127859503983178,0.24150469495690308]"
1.0000097496203668,1.0000003046741976,ANALYTIC_UPPER_BOUND_SEPARATE,521508d82e8b1711110e0efa3bb5d8888d5a4f06e52a8ce7c4a0f93b2c6889d8,9.749572839536193e-06,5.169787460071194e-14,AXM1_FINITE_NORMALIZATION,"[0,2,4]",1.0000003046742494,False,"[0.9999998476629386,1.5233705763202982e-07,3.867764259038995e-15]",0.0005519730092435505,"[1.0000001523370898,1.5233710404520062e-07,3.867765437446967e-15]"
33.96016213803372,1.116459066450726,ANALYTIC_UPPER_BOUND_SEPARATE,54425881a560c7306c36a12eb3cfe0944e179ad9f295929d1829997a7ec05b70,3.5251881358143677,0.007550311126688719,AXM1_FINITE_NORMALIZATION,"[0,2]",1.1249205831070794,False,"[0.9469395103098187,0.053060489690181255]",0.34309246621120626,"[1.0572192016658077,0.059239864784918134]"
1.0034077290355972,1.000053156660957,ANALYTIC_UPPER_BOUND_SEPARATE,58389a3d07fa30f8584c1c9deb491b34af2e9475c08e53bf2d93f3e553d1b2ed,0.003401935884269918,1.6874727707565703e-09,AXM1_FINITE_NORMALIZATION,"[0,2]",1.0000531583485195,False,"[0.999973422866429,2.6577133571000028e-05]",0.0072908803079249785,"[1.0000265781146342,2.657854632267847e-05]"
1.0017024559765242,1.0000132892167464,ANALYTIC_UPPER_BOUND_SEPARATE,58dea35b859b0db7caa7df00896671005c61138e847205ea8c22a6f199306a59,0.0017010084410255292,1.0547061011015324e-10,AXM1_FINITE_NORMALIZATION,"[0,2]",1.0000132893222184,False,"[0.9999933554664371,6.6445335630719076e-06]",0.0036454401539624893,"[1.0000066445948828,6.644621863718606e-06]"
1.0000000000000036,1.0000000000000004,ANALYTIC_UPPER_BOUND_SEPARATE,5c2bd2a43249bab045b8148a97116e7bec121b49e5156aeec97abb0d594aa34f,3.5527136788005e-15,-2.00551387027606e-16,AXM1_FINITE_NORMALIZATION,"[0,2]",1.0000000000000002,False,"[0.9999999999999998,1.2176891141122784e-16]",1.560569840867292e-08,"[1.0000000000000002,1.217689114112279e-16]"
1.0000194993249019,1.0000012186966671,ANALYTIC_UPPER_BOUND_SEPARATE,5c4171e81f2227f7d72310ef5885733a1466fac57dce14e213cdc21c8a8acc54,1.9499134792443836e-05,8.872057827782214e-13,AXM1_FINITE_NORMALIZATION,"[0,2]",1.0000012186975544,False,"[0.9999993906522956,6.093477045129079e-07]",0.001103946018487101,"[1.00000060934822,6.093484471229245e-07]"
1.0,1.0,ANALYTIC_UPPER_BOUND_SEPARATE,5dcbd33f279fa88617301114d22fa0d8fd626cc85645a902a634e8ae5afcbe36,0.0,3.805278481600883e-18,AXM1_FINITE_NORMALIZATION,"[0,2,4]",1.0,False,"[1.0,1.9026392408004415e-18,6.033393467722804e-37]",1.950712301084115e-09,"[1.0,1.9026392408004415e-18,6.033393467722804e-37]"
1.0034077290355972,1.000053156660957,ANALYTIC_UPPER_BOUND_SEPARATE,5f11e879f44a5388f939fc1dbc2b0432152f73e6e57313fa160812dc526c0b3b,0.003401935884269918,1.6874727707565703e-09,AXM1_FINITE_NORMALIZATION,"[0,2]",1.0000531583485195,False,"[0.999973422866429,2.6577133571000028e-05]",0.0072908803079249785,"[1.0000265781146342,2.657854632267847e-05]"
34.527999187486905,1.117037766504701,ANALYTIC_UPPER_BOUND_SEPARATE,5faa42f0cdb8133f4c12efd6e98588bf48efa9c397750ed4474f44ee6417e8ed,3.541770565543718,0.007032110197646518,AXM1_FINITE_NORMALIZATION,"[0,2,4]",1.1249205831070794,False,"[0.9464489324957469,0.05303300081812303,0.0005180666861299947]",0.34309246621120626,"[1.0572192016658077,0.059239864784918134,0.0005787000539751413]"
1.0,1.0,ANALYTIC_UPPER_BOUND_SEPARATE,6100bc0d97e038cf36a1745b212130fff012367b9ef409a587dc5d8a4ce94593,0.0,9.513196204002208e-19,AXM1_FINITE_NORMALIZATION,"[0,2,4]",1.0,False,"[1.0,4.756598102001086e-19,3.7708709173267243e-38]",9.753561505420575e-10,"[1.0,4.756598102001086e-19,3.7708709173267243e-38]"
1.055511708253512,1.0135980439462209,ANALYTIC_UPPER_BOUND_SEPARATE,66558e0cb333e7d41a33d7e61bc9a6e433df0e6cda3946a9c8a9d4cba9163860,0.05402568085818033,0.00010175531556390338,AXM1_FINITE_NORMALIZATION,"[0,2,4]",1.0137011881826858,False,"[0.993274505752787,0.006717879754654806,7.614492558269907e-06]",0.11665408492679966,"[1.0067810961326742,0.006809229778784029,7.718034762705433e-06]"
1.0554795598765143,1.0135903259114583,ANALYTIC_UPPER_BOUND_SEPARATE,674d3082b53a74bc118e4cf1f9471aa25d76dcf97802cf6624ac631ac723b552,0.05399522277198598,0.00010936983711249196,AXM1_FINITE_NORMALIZATION,"[0,2]",1.0137011881826858,False,"[0.9932820690917102,0.006717930908289714]",0.11665408492679966,"[1.0067810961326742,0.006809229778784029]"
1.0068264183894304,1.0002126233477804,ANALYTIC_UPPER_BOUND_SEPARATE,6817aeb8429ff98787c96a9b618d57108ca5d525f5c9d21a3a0bf646e0b95226,0.006803223892480072,2.6996017950654903e-08,AXM1_FINITE_NORMALIZATION,"[0,2]",1.0002126503495388,False,"[0.9998937074731026,0.00010629252689745024]",0.014581760615849957,"[1.00010630822061,0.0001063151271703632]"
1.0,1.0,ANALYTIC_UPPER_BOUND_SEPARATE,6981e2d0884098159c77cee4c7868e6b81fd65141cf90e1e7ee9198a868ba714,0.0,6.088445570561413e-17,AXM1_FINITE_NORMALIZATION,"[0,2]",1.0,False,"[1.0,3.0442227852807077e-17]",7.80284920433646e-09,"[1.0,3.0442227852807077e-17]"
4150.936226878082,8.026690460811439,ANALYTIC_UPPER_BOUND_SEPARATE,6a8710a6d8c25f7ab6cbc86318d12688ddaba5f7b0071421e47f0fa7beff11b2,8.331089184619696,5.4508238875818895,AXM1_FINITE_NORMALIZATION,"[0,2]",1869.817635063715,False,"[0.3639397803638961,0.6360602196361038]",2.74473972968965,"[2.9212319633566954,5.105458497454744]"
2.553811184207638,1.007351789754231,ANALYTIC_UPPER_BOUND_SEPARATE,6aa509612424a195747e286c9eea21bfa4f8f1cafe5d119deccbcd0211457218,0.937586825436413,3.213044945850514e-05,AXM1_FINITE_NORMALIZATION,"[0,2]",1.007384156939982,False,"[0.9963468403115657,0.003653159688434309]",0.08577311655280156,"[1.0036717728038287,0.00368001695040231]"
1.0000194993249019,1.0000012186966671,ANALYTIC_UPPER_BOUND_SEPARATE,6aceea2aa4c3afa8f6beeb6bfc151cc5ab465130549f38044715e9c4e053f7c8,1.9499134792443836e-05,8.872057827782214e-13,AXM1_FINITE_NORMALIZATION,"[0,2]",1.0000012186975544,False,"[0.9999993906522956,6.093477045129079e-07]",0.001103946018487101,"[1.00000060934822,6.093484471229245e-07]"
1.000004874798919,1.0000000761685504,ANALYTIC_UPPER_BOUND_SEPARATE,6bda16d8c99d6d60249b9741acc5f6baf82ae5a9484562398293c88e6fe86176,4.874787037122283e-06,3.278309480778039e-15,AXM1_FINITE_NORMALIZATION,"[0,2,4]",1.0000000761685537,False,"[0.9999999619157272,3.808427262700571e-08,2.417353203230486e-16]",0.00027598650462177523,"[1.0000000380842746,3.8084275527829544e-08,2.4173533873567755e-16]"
1.0000000000000036,1.0000000000000009,ANALYTIC_UPPER_BOUND_SEPARATE,6f616ccf400452573d1fe754f747cd1e9d940214c2abe1d14e1c521d94f1ff37,3.5527136788004994e-15,8.597287158970123e-17,AXM1_FINITE_NORMALIZATION,"[0,2,4]",1.0000000000000009,False,"[0.9999999999999996,4.870756456449129e-16,3.954044743006819e-32]",3.121139681734584e-08,"[1.0000000000000004,4.870756456449133e-16,3.9540447430068223e-32]"
1.0068264790690369,1.0002126252315617,ANALYTIC_UPPER_BOUND_SEPARATE,706dcf93f5323b57899110e5205eef5a821184af75ad4813f59ca8b6ded56c0b,0.006803284160668892,2.51126370500376e-08,AXM1_FINITE_NORMALIZATION,"[0,2,4]",1.0002126503495388,False,"[0.9998937055899219,0.00010629252669726091,1.8833807627200927e-09]",0.014581760615849957,"[1.00010630822061,0.0001063151271703632,1.8837812169908848e-09]"
8684.023762648805,93.18810955614887,ANALYTIC_UPPER_BOUND_SEPARATE,750af879952bd78b9e5d39c5a9645d8e85a43cc36c8bb93162d6269f9feb618b,9.069240267365789,25.59976460126436,AXM1_FINITE_NORMALIZATION,"[0,2,4]",12223540222378.625,False,"[0.059876946150625984,0.3371551764459591,0.602967877403415]",5.4894794593793,"[5.5798194177721605,31.41885352006874,56.18943661830797]"
1.0,1.0,ANALYTIC_UPPER_BOUND_SEPARATE,76120a039be5c0ef133f62c4c00ae3bcacb45f35c6962803e8ead5593b48ddfe,0.0,1.5221113926403532e-17,AXM1_FINITE_NORMALIZATION,"[0,2]",1.0,False,"[1.0,7.61055696320174e-18]",3.90142460216823e-09,"[1.0,7.61055696320174e-18]"
1.000019499325893,1.000001218696729,ANALYTIC_UPPER_BOUND_SEPARATE,76ea1c35be9c40a23d7b5e317385499ec237ac3bf101fd328a13a7a62120c4c7,1.9499135783649743e-05,8.252554136018282e-13,AXM1_FINITE_NORMALIZATION,"[0,2,4]",1.0000012186975544,False,"[0.9999993906522336,6.093477045128702e-07,6.18841727123844e-14]",0.001103946018487101,"[1.00000060934822,6.093484471229245e-07,6.188424813042327e-14]"
6.366691166025887,1.0293454588034687,ANALYTIC_UPPER_BOUND_SEPARATE,786e73a44ae1d4387a2103e393853c0babd7ccf005b684dcffbad98b369d0ef4,1.851079894443964,0.0005049867420349914,AXM1_FINITE_NORMALIZATION,"[0,2]",1.029865395882755,False,"[0.9856820747368785,0.014317925263121423]",0.17154623310560313,"[1.0146073674543872,0.014738091349081496]"
400.33113591830335,1.454290645355221,ANALYTIC_UPPER_BOUND_SEPARATE,7a2b2e2783901f3ece32404e620ca80f834c73d70274c4f5ca697fca3d1d2f6e,5.992292044433371,0.09633150870646517,AXM1_FINITE_NORMALIZATION,"[0,2]",1.601354384493891,False,"[0.8339364309821894,0.1660635690178106]",0.6861849324224125,"[1.2127859503983178,0.24150469495690308]"
1.0,1.0,ANALYTIC_UPPER_BOUND_SEPARATE,7ab2b562151371e73e5083036b36b8cfa984caaf92464eecc3d6249c14a35e7b,0.0,3.805278481600883e-18,AXM1_FINITE_NORMALIZATION,"[0,2]",1.0,False,"[1.0,1.9026392408004415e-18]",1.950712301084115e-09,"[1.0,1.9026392408004415e-18]"
1.0068264183894304,1.0002126233477804,ANALYTIC_UPPER_BOUND_SEPARATE,7c883f567f0b3193442048dab93dad3a1ff5dd6ff26f134109c3aa3e0b14132f,0.006803223892480072,2.6996017950654903e-08,AXM1_FINITE_NORMALIZATION,"[0,2]",1.0002126503495388,False,"[0.9998937074731026,0.00010629252689745024]",0.014581760615849957,"[1.00010630822061,0.0001063151271703632]"
1.0000048747989048,1.0000000761685501,ANALYTIC_UPPER_BOUND_SEPARATE,7d1a5e9859531c532ba4dc06e9e100fdb47fa35540ad1b0fad14966a094463d0,4.87478702291143e-06,3.5003540592332905e-15,AXM1_FINITE_NORMALIZATION,"[0,2]",1.0000000761685537,False,"[0.9999999619157274,3.8084272627005716e-08]",0.00027598650462177523,"[1.0000000380842746,3.8084275527829544e-08]"
1.0,1.0,ANALYTIC_UPPER_BOUND_SEPARATE,7d51e7e28f78cc5cac73051384d7627067962afc0e04733d1f9560fb76259e42,0.0,1.5221113926403532e-17,AXM1_FINITE_NORMALIZATION,"[0,2]",1.0,False,"[1.0,7.61055696320174e-18]",3.90142460216823e-09,"[1.0,7.61055696320174e-18]"
1.0008508711864748,1.0000033223078657,ANALYTIC_UPPER_BOUND_SEPARATE,7d88f7949f5aa180b73832ccdf24cb7eeb836abeb5f418ec84c5a6131fa5121a,0.000850509400794277,6.132177869516562e-12,AXM1_FINITE_NORMALIZATION,"[0,2,4]",1.000003322313998,False,"[0.9999983388505128,1.6611490272704605e-06,4.599040705259698e-13]",0.0018227200769812446,"[1.0000016611528597,1.6611545461189399e-06,4.599055984688808e-13]"
1.0000000000000036,1.0000000000000009,ANALYTIC_UPPER_BOUND_SEPARATE,7e9dba91042dcc748c473162c58cb42da4ae30d1b10a5fe9740185eebcdd77bc,3.5527136788004994e-15,8.597287158970123e-17,AXM1_FINITE_NORMALIZATION,"[0,2,4]",1.0000000000000009,False,"[0.9999999999999996,4.870756456449129e-16,3.954044743006819e-32]",3.121139681734584e-08,"[1.0000000000000004,4.870756456449133e-16,3.9540447430068223e-32]"
1.0034077290355972,1.000053156660957,ANALYTIC_UPPER_BOUND_SEPARATE,8243ce07aed765f0bfda156e2b336a03b289d98758c63ca5ae69fb6e7aa3a938,0.003401935884269918,1.6874727707565703e-09,AXM1_FINITE_NORMALIZATION,"[0,2]",1.0000531583485195,False,"[0.999973422866429,2.6577133571000028e-05]",0.0072908803079249785,"[1.0000265781146342,2.657854632267847e-05]"
1.0000000000000155,1.0000000000000155,ANALYTIC_UPPER_BOUND_SEPARATE,838ab2f8f1b8fa899137c853284a9f60f280467a6827ffc0f5f9d3da7f0dfb5d,1.5543122344752072e-14,4.3298315885145364e-17,AXM1_FINITE_NORMALIZATION,"[0,2]",1.0000000000000155,False,"[0.9999999999999922,7.793210330318501e-15]",1.2484558726938336e-07,"[1.0000000000000078,7.793210330318623e-15]"
1.0,1.0,ANALYTIC_UPPER_BOUND_SEPARATE,83e5618afefa1907e8e4ec63e9181968f589b741dccb6ee1caea608bac04819c,0.0,2.378299051000552e-19,AXM1_FINITE_NORMALIZATION,"[0,2]",1.0,False,"[1.0,1.1891495255002755e-19]",4.876780752710287e-10,"[1.0,1.1891495255002755e-19]"
400.33113591830335,1.454290645355221,ANALYTIC_UPPER_BOUND_SEPARATE,84ca3010c9ef77270bd1c05046902ef1275e0d0537529fe49238865e7cc8691e,5.992292044433371,0.09633150870646517,AXM1_FINITE_NORMALIZATION,"[0,2]",1.601354384493891,False,"[0.8339364309821894,0.1660635690178106]",0.6861849324224125,"[1.2127859503983178,0.24150469495690308]"
33.96016213803372,1.116459066450726,ANALYTIC_UPPER_BOUND_SEPARATE,878c8e427c9aafb49c188e6a2287b6876caf611d5276b6e99d1d843be3fb16a0,3.5251881358143677,0.007550311126688719,AXM1_FINITE_NORMALIZATION,"[0,2]",1.1249205831070794,False,"[0.9469395103098187,0.053060489690181255]",0.34309246621120626,"[1.0572192016658077,0.059239864784918134]"
1.000019499325893,1.000001218696729,ANALYTIC_UPPER_BOUND_SEPARATE,87975c107b1a6c1bb8ade028214092f3e785194bde41c4b8686fd37236928e3a,1.9499135783649743e-05,8.252554136018282e-13,AXM1_FINITE_NORMALIZATION,"[0,2,4]",1.0000012186975544,False,"[0.9999993906522336,6.093477045128702e-07,6.18841727123844e-14]",0.001103946018487101,"[1.00000060934822,6.093484471229245e-07,6.188424813042327e-14]"
1.000000000000008,1.000000000000004,ANALYTIC_UPPER_BOUND_SEPARATE,87c8a6538609b7bf78b083bad67b5f6e4572ed001e5395f8deeb2a68a082c818,7.993605777301111e-15,-1.001977234912514e-16,AXM1_FINITE_NORMALIZATION,"[0,2,4]",1.000000000000004,False,"[0.999999999999998,1.9483025825796395e-15,6.326471588810847e-31]",6.242279363469168e-08,"[1.000000000000002,1.9483025825796474e-15,6.326471588810873e-31]"
13227.758505455224,10.72436445094232,ANALYTIC_UPPER_BOUND_SEPARATE,87e3b363e0679bbba5326b8ea415c1352bbd4c143a89cf4cbd00d4ad3b96ed13,9.490072817619282,5.161077979331993,AXM1_FINITE_NORMALIZATION,"[0,2,4]",1869.817635063715,False,"[0.27239208222730765,0.4760616371076555,0.2515462806650368]",2.74473972968965,"[2.9212319633566954,5.105458497454744,2.6976739901308804]"
1.0000000000000036,1.0000000000000004,ANALYTIC_UPPER_BOUND_SEPARATE,88fa19f21f5fd6540f76bf36e08b2194e3b23777c908061aacac3a294f975d45,3.5527136788005e-15,-2.00551387027606e-16,AXM1_FINITE_NORMALIZATION,"[0,2,4]",1.0000000000000002,False,"[0.9999999999999998,1.2176891141122784e-16,2.4712779643792444e-33]",1.560569840867292e-08,"[1.0000000000000002,1.217689114112279e-16,2.4712779643792454e-33]"
6.380999250513481,1.029381563937495,ANALYTIC_UPPER_BOUND_SEPARATE,8945ba19711a13784eb8dcf48316da1cb06038c11627b50c15a0b61f9e03e041,1.853324707430237,0.00046991153912447417,AXM1_FINITE_NORMALIZATION,"[0,2,4]",1.029865395882755,False,"[0.9856475023444222,0.014317423067794915,3.507458778274455e-05]",0.17154623310560313,"[1.0146073674543872,0.014738091349081496,3.610513402626454e-05]"
1.0275373871668176,1.0034014033460874,ANALYTIC_UPPER_BOUND_SEPARATE,89f6f91b5f2d748deda158aa3bae176f6943faa916a3ba36abfef49054343628,0.027165053263327518,6.412224611306895e-06,AXM1_FINITE_NORMALIZATION,"[0,2,4]",1.0034078374018893,False,"[0.9983039432860485,0.0016955760700630717,4.806438883673786e-07]",0.05832704246339983,"[1.001699577659154,0.00170134340818133,4.822787520975478e-07]"
1.000000000000008,1.000000000000004,ANALYTIC_UPPER_BOUND_SEPARATE,8b17853946975ed52cf4c981cb3cc29a981436ecf3ba1f2a393e848552338580,7.993605777301111e-15,-1.001977234912514e-16,AXM1_FINITE_NORMALIZATION,"[0,2]",1.000000000000004,False,"[0.999999999999998,1.9483025825796395e-15]",6.242279363469168e-08,"[1.000000000000002,1.9483025825796474e-15]"
1.027533436136943,1.0034009210673354,ANALYTIC_UPPER_BOUND_SEPARATE,8cb55a75f4e5cbe1668180d41f607ced4d2d5348b0c46f7e6adfc6e1f8b69a64,0.02716120811129692,6.892868615131741e-06,AXM1_FINITE_NORMALIZATION,"[0,2]",1.0034078374018893,False,"[0.9983044231149681,0.0016955768850317387]",0.05832704246339983,"[1.001699577659154,0.00170134340818133]"
1.0000000000000036,1.0000000000000004,ANALYTIC_UPPER_BOUND_SEPARATE,8cc05214474642fd5e1181e922a270c1158f4bdec02e69395433ba5312ecba30,3.5527136788005e-15,-2.00551387027606e-16,AXM1_FINITE_NORMALIZATION,"[0,2,4]",1.0000000000000002,False,"[0.9999999999999998,1.2176891141122784e-16,2.4712779643792444e-33]",1.560569840867292e-08,"[1.0000000000000002,1.217689114112279e-16,2.4712779643792454e-33]"
1.0,1.0,ANALYTIC_UPPER_BOUND_SEPARATE,8d5804c62f37fff23f5d770aaf526f2257aaaec290bb60005c61700a35349789,0.0,6.088445570561413e-17,AXM1_FINITE_NORMALIZATION,"[0,2,4]",1.0,False,"[1.0,3.0442227852807077e-17,1.5445487277370389e-34]",7.80284920433646e-09,"[1.0,3.0442227852807077e-17,1.5445487277370389e-34]"
1700.3391443424082,1700.339144342408,ANALYTIC_UPPER_BOUND_SEPARATE,8db7bb63b5ad9e3aa871e020c58520330f50c348dc3f60d271a335e47d8e2570,7.438583006819497,113.09895593296952,AXM1_FINITE_NORMALIZATION,"[0,2,4]",2.2324822970821897e+52,False,"[0.0064836515400997375,0.1344724561902403,0.8590438922696599]",10.9789589187586,"[11.024406511907523,228.64878109613517,1460.6659567343652]"
1.0275373871668176,1.0034014033460874,ANALYTIC_UPPER_BOUND_SEPARATE,8e56ba2ae30e8521b664233eb5ee96cb22d1b5acdece8360e315a446a367530c,0.027165053263327518,6.412224611306895e-06,AXM1_FINITE_NORMALIZATION,"[0,2,4]",1.0034078374018893,False,"[0.9983039432860485,0.0016955760700630717,4.806438883673786e-07]",0.05832704246339983,"[1.001699577659154,0.00170134340818133,4.822787520975478e-07]"
1.0,1.0,ANALYTIC_UPPER_BOUND_SEPARATE,8f671e3db6ee05e1becf6b2ce0315908fa37d553fe3d98e9497f7e0f65d368f6,0.0,3.805278481600883e-18,AXM1_FINITE_NORMALIZATION,"[0,2,4]",1.0,False,"[1.0,1.9026392408004415e-18,6.033393467722804e-37]",1.950712301084115e-09,"[1.0,1.9026392408004415e-18,6.033393467722804e-37]"
1.0136941862182753,1.0008504406810557,ANALYTIC_UPPER_BOUND_SEPARATE,90ed4abcfcb472ebb81f150bd1c1d6570e02f8a443d1ccaa394caaff9144dc40,0.013601268180413984,4.3170935593766016e-07,AXM1_FINITE_NORMALIZATION,"[0,2]",1.0008508727576482,False,"[0.9995750857859116,0.0004249142140884574]",0.029163521231699914,"[1.0004251651026337,0.000425275578422077]"
4150.936226878082,8.026690460811439,ANALYTIC_UPPER_BOUND_SEPARATE,918dfe844674bba518736eb21e65014f0413e1a561fa15b4617caa6fb75a5a11,8.331089184619696,5.4508238875818895,AXM1_FINITE_NORMALIZATION,"[0,2]",1869.817635063715,False,"[0.3639397803638961,0.6360602196361038]",2.74473972968965,"[2.9212319633566954,5.105458497454744]"
1.0000000000000036,1.0000000000000004,ANALYTIC_UPPER_BOUND_SEPARATE,91eada46941a69e34c2c216123e73683d25a6af4d03d6759f21787869f34906a,3.5527136788005e-15,-2.00551387027606e-16,AXM1_FINITE_NORMALIZATION,"[0,2]",1.0000000000000002,False,"[0.9999999999999998,1.2176891141122784e-16]",1.560569840867292e-08,"[1.0000000000000002,1.217689114112279e-16]"
1.0,1.0,ANALYTIC_UPPER_BOUND_SEPARATE,92735bdef2a99ce6e10b1b31fb84540c69267e99e786e03882f6e62e2860a785,0.0,3.805278481600883e-18,AXM1_FINITE_NORMALIZATION,"[0,2,4]",1.0,False,"[1.0,1.9026392408004415e-18,6.033393467722804e-37]",1.950712301084115e-09,"[1.0,1.9026392408004415e-18,6.033393467722804e-37]"
4824.234685182909,2.886878813961612,ANALYTIC_UPPER_BOUND_SEPARATE,92a14248d5e875c5b94ed1727cbdd7c4708b188c9726600a11083038d44be726,8.481407386722617,0.8232231225938762,AXM1_FINITE_NORMALIZATION,"[0,2,4]",6.575818427180604,False,"[0.5881983770282176,0.35871110261018097,0.05309052036160128]",1.372369864844825,"[1.6980574330493663,1.0355554824581414,0.15326589845410432]"
1.0,1.0,ANALYTIC_UPPER_BOUND_SEPARATE,9a6fcf15d704dbb8e5254b4a087963f23e5d63154ed11e66a8f7b811f7647ee8,0.0,6.088445570561413e-17,AXM1_FINITE_NORMALIZATION,"[0,2]",1.0,False,"[1.0,3.0442227852807077e-17]",7.80284920433646e-09,"[1.0,3.0442227852807077e-17]"
4824.234685182909,2.886878813961612,ANALYTIC_UPPER_BOUND_SEPARATE,9b7172074e0cf2315b476e8ffade7716829fb6bab7562a99a04027db13f38aba,8.481407386722617,0.8232231225938762,AXM1_FINITE_NORMALIZATION,"[0,2,4]",6.575818427180604,False,"[0.5881983770282176,0.35871110261018097,0.05309052036160128]",1.372369864844825,"[1.6980574330493663,1.0355554824581414,0.15326589845410432]"
1.0000389989527991,1.0000048747859267,ANALYTIC_UPPER_BOUND_SEPARATE,9dd3c6bce30ced31980a597b9120a6605cbe0472ecd67ddef5fb8b650ba3547d,3.899819235976281e-05,1.3201963738764097e-11,AXM1_FINITE_NORMALIZATION,"[0,2,4]",1.0000048747991288,False,"[0.9999975626166081,2.437382401848157e-06,9.901432157519635e-13]",0.002207892036974202,"[1.000002437390653,2.4373942835655875e-06,9.90148042488177e-13]"
1.6005852772940825,1.0018390693326127,ANALYTIC_UPPER_BOUND_SEPARATE,9feb7b75a61651992917ebc41e6b410eb6c6942213237eb566c049cd884377a8,0.4703693606666469,1.8765656910309583e-06,AXM1_FINITE_NORMALIZATION,"[0,2,4]",1.0018409493512022,False,"[0.9990818252250473,0.0009180340757785857,1.406991740659439e-07]",0.04288655827640078,"[1.0009192059705894,0.0009197224040936436,1.409579296020925e-07]"
1.0000024373965657,1.0000000190421376,ANALYTIC_UPPER_BOUND_SEPARATE,a03014aa67c345b474fa067e0caf5c4269989859da6a86507164b363086dcfca,2.4373935952863415e-06,2.2016174663623605e-16,AXM1_FINITE_NORMALIZATION,"[0,2]",1.0000000190421379,False,"[0.9999999904789314,9.521068670438967e-09]",0.00013799325231088761,"[1.0000000095210688,9.521068851740467e-09]"
1.000009749620246,1.0000003046741939,ANALYTIC_UPPER_BOUND_SEPARATE,a2c37c26fc5f4a21a4bb9674583bc56f73132c1d5dfb262463ec19e181df38bb,9.749572718743965e-06,5.547263171976717e-14,AXM1_FINITE_NORMALIZATION,"[0,2]",1.0000003046742494,False,"[0.9999998476629424,1.5233705763203038e-07]",0.0005519730092435505,"[1.0000001523370898,1.5233710404520062e-07]"
1.0000389989448781,1.0000048747849366,ANALYTIC_UPPER_BOUND_SEPARATE,a43d281e2598db131cabc67c2aee50467a7fcd6edcca4518a58cdac4d131a627,3.8998184439026275e-05,1.4192055805731078e-11,AXM1_FINITE_NORMALIZATION,"[0,2]",1.0000048747991288,False,"[0.9999975626175982,2.4373824018505703e-06]",0.002207892036974202,"[1.000002437390653,2.4373942835655875e-06]"
1.0000779987927857,1.000019499127865,ANALYTIC_UPPER_BOUND_SEPARATE,a53e7172c52b2f55000edf4e85973aea57195bdff363a785c2b6c8a0fb53e766,7.799575103803114e-05,2.1122822857616293e-10,AXM1_FINITE_NORMALIZATION,"[0,2,4]",1.0000194993390974,False,"[0.9999902505892073,9.749394950741807e-06,1.5842064407060345e-11]",0.004415784073948404,"[1.0000097495269673,9.749585055440557e-06,1.5842373313499866e-11]"
1.027533436136943,1.0034009210673354,ANALYTIC_UPPER_BOUND_SEPARATE,a8a8f1e7a7a7117e8e7a0db4681611ef33caed0070494ee7642d733a4d8a6fc4,0.02716120811129692,6.892868615131741e-06,AXM1_FINITE_NORMALIZATION,"[0,2]",1.0034078374018893,False,"[0.9983044231149681,0.0016955768850317387]",0.05832704246339983,"[1.001699577659154,0.00170134340818133]"
33.96016213803372,1.116459066450726,ANALYTIC_UPPER_BOUND_SEPARATE,a8d1ae8bad611016990b909226cd9268c6ac2aa5c79af8b1f3a6f48ef8be551d,3.5251881358143677,0.007550311126688719,AXM1_FINITE_NORMALIZATION,"[0,2]",1.1249205831070794,False,"[0.9469395103098187,0.053060489690181255]",0.34309246621120626,"[1.0572192016658077,0.059239864784918134]"
1.000019499325893,1.000001218696729,ANALYTIC_UPPER_BOUND_SEPARATE,a9fa20b579829f161d1dd0a7d608b836b116cb48747264c454654fcd80125091,1.9499135783649743e-05,8.252554136018282e-13,AXM1_FINITE_NORMALIZATION,"[0,2,4]",1.0000012186975544,False,"[0.9999993906522336,6.093477045128702e-07,6.18841727123844e-14]",0.001103946018487101,"[1.00000060934822,6.093484471229245e-07,6.188424813042327e-14]"
1.000004874798919,1.0000000761685504,ANALYTIC_UPPER_BOUND_SEPARATE,abaae2cba4ce9374ddf005b2f382a1060e424b4e1f82984496886ec436aa85f9,4.874787037122283e-06,3.278309480778039e-15,AXM1_FINITE_NORMALIZATION,"[0,2,4]",1.0000000761685537,False,"[0.9999999619157272,3.808427262700571e-08,2.417353203230486e-16]",0.00027598650462177523,"[1.0000000380842746,3.8084275527829544e-08,2.4173533873567755e-16]"
1.0017024569200106,1.000013289224105,ANALYTIC_UPPER_BOUND_SEPARATE,ada9f8a66321054c0bf9691b433eab48ae4f533ef011ea646f2b10d8aa839416,0.0017010093829084628,9.81121496911974e-11,AXM1_FINITE_NORMALIZATION,"[0,2,4]",1.0000132893222184,False,"[0.9999933554590786,6.644533563023014e-06,7.358393254995073e-12]",0.0036454401539624893,"[1.0000066445948828,6.644621863718606e-06,7.358491042332091e-12]"
1.000019499325893,1.000001218696729,ANALYTIC_UPPER_BOUND_SEPARATE,adee9d7a84a1e663c11c0b21eee2a877b2356b908c74e750b9845ab5ebb2a9d2,1.9499135783649743e-05,8.252554136018282e-13,AXM1_FINITE_NORMALIZATION,"[0,2,4]",1.0000012186975544,False,"[0.9999993906522336,6.093477045128702e-07,6.18841727123844e-14]",0.001103946018487101,"[1.00000060934822,6.093484471229245e-07,6.188424813042327e-14]"
1.0,1.0,ANALYTIC_UPPER_BOUND_SEPARATE,af18a108ec1bed6872e20655686841d3145e1e8c7a5f4a3f5d1b32a263bf310d,0.0,9.513196204002208e-19,AXM1_FINITE_NORMALIZATION,"[0,2,4]",1.0,False,"[1.0,4.756598102001086e-19,3.7708709173267243e-38]",9.753561505420575e-10,"[1.0,4.756598102001086e-19,3.7708709173267243e-38]"
1.000077998729413,1.0000194991120228,ANALYTIC_UPPER_BOUND_SEPARATE,b074f06c9de6b62333660538b40186ed6be7d5da51716ac97e0db51d2aa02fe3,7.799568767040104e-05,2.2707013610099767e-10,AXM1_FINITE_NORMALIZATION,"[0,2]",1.0000194993390974,False,"[0.9999902506050491,9.749394950896255e-06]",0.004415784073948404,"[1.0000097495269673,9.749585055440557e-06]"
1.0000389989527991,1.0000048747859267,ANALYTIC_UPPER_BOUND_SEPARATE,b086253a9c225d6d85c2e3664eb3a7782ff87fe41f088d8f313701181c81affd,3.899819235976281e-05,1.3201963738764097e-11,AXM1_FINITE_NORMALIZATION,"[0,2,4]",1.0000048747991288,False,"[0.9999975626166081,2.437382401848157e-06,9.901432157519635e-13]",0.002207892036974202,"[1.000002437390653,2.4373942835655875e-06,9.90148042488177e-13]"
1.0,1.0,ANALYTIC_UPPER_BOUND_SEPARATE,b0daff612f84d7a465894886fdd43c9a193cc7b89bf32f087fd00eedc8dc5fcf,0.0,9.513196204002208e-19,AXM1_FINITE_NORMALIZATION,"[0,2]",1.0,False,"[1.0,4.756598102001086e-19]",9.753561505420575e-10,"[1.0,4.756598102001086e-19]"
1.0017024559765242,1.0000132892167464,ANALYTIC_UPPER_BOUND_SEPARATE,b21b40eaacf68ce89dc26ff215b980c60dad8d27487d551bbc4085e379373fa2,0.0017010084410255292,1.0547061011015324e-10,AXM1_FINITE_NORMALIZATION,"[0,2]",1.0000132893222184,False,"[0.9999933554664371,6.6445335630719076e-06]",0.0036454401539624893,"[1.0000066445948828,6.644621863718606e-06]"
1.0,1.0,ANALYTIC_UPPER_BOUND_SEPARATE,b2bcf4a11a0c4a580bc5d23ee09257b041105e712d4489fbcc2a7c9dcbb2df12,0.0,6.088445570561413e-17,AXM1_FINITE_NORMALIZATION,"[0,2]",1.0,False,"[1.0,3.0442227852807077e-17]",7.80284920433646e-09,"[1.0,3.0442227852807077e-17]"
2.5545432274832476,1.00735404532996,ANALYTIC_UPPER_BOUND_SEPARATE,bb1ef0b3d7fbcc5cae3084f25e03b16e170052bb8a895c0f96f8c8d40851bc0c,0.9378734317372386,2.9891337733305504e-05,AXM1_FINITE_NORMALIZATION,"[0,2,4]",1.007384156939982,False,"[0.9963446093821708,0.0036531515086107745,2.2391092184317645e-06]",0.08577311655280156,"[1.0036717728038287,0.00368001695040231,2.255575729122843e-06]"
1.0000000000000036,1.0000000000000004,ANALYTIC_UPPER_BOUND_SEPARATE,bb3274d41dba00cd35559bf3f60afe130e96d55d4105956c36c239fd7164f16d,3.5527136788005e-15,-2.00551387027606e-16,AXM1_FINITE_NORMALIZATION,"[0,2]",1.0000000000000002,False,"[0.9999999999999998,1.2176891141122784e-16]",1.560569840867292e-08,"[1.0000000000000002,1.217689114112279e-16]"
3118.1438137153423,2.733612915507508,ANALYTIC_UPPER_BOUND_SEPARATE,bc0c4f7cd840b4439a3014f9e5398028d5824ebc5afeffa1830471772bb67ecd,8.044993172260067,0.877774899401695,AXM1_FINITE_NORMALIZATION,"[0,2]",6.575818427180604,False,"[0.6211769864769292,0.3788230135230707]",1.372369864844825,"[1.6980574330493663,1.0355554824581414]"
1.0,1.0,ANALYTIC_UPPER_BOUND_SEPARATE,bf0f920bd28e547b297c0eeaa17d894676a04238308dcdb278de3433cc52f8ef,0.0,1.5221113926403532e-17,AXM1_FINITE_NORMALIZATION,"[0,2,4]",1.0,False,"[1.0,7.61055696320174e-18,9.653429548356421e-36]",3.90142460216823e-09,"[1.0,7.61055696320174e-18,9.653429548356421e-36]"
1.0,1.0,ANALYTIC_UPPER_BOUND_SEPARATE,c0a571a3d3d03d7fe5b14d9e1878f40572e72073aeba8c3db752e484b5df1b6c,0.0,3.805278481600883e-18,AXM1_FINITE_NORMALIZATION,"[0,2]",1.0,False,"[1.0,1.9026392408004415e-18]",1.950712301084115e-09,"[1.0,1.9026392408004415e-18]"
33.96016213803372,1.116459066450726,ANALYTIC_UPPER_BOUND_SEPARATE,c1ded26f91069ef243491b22c21355e42f3fa20d78730046b90a530faf66e798,3.5251881358143677,0.007550311126688719,AXM1_FINITE_NORMALIZATION,"[0,2]",1.1249205831070794,False,"[0.9469395103098187,0.053060489690181255]",0.34309246621120626,"[1.0572192016658077,0.059239864784918134]"
443.43323638622957,1.4636147079537418,ANALYTIC_UPPER_BOUND_SEPARATE,c30ac93e411cfcdcc1e83245c50605b7b566d929f05c979ab6ca8c13c56aa1c4,6.0945472523933635,0.08994055820896563,AXM1_FINITE_NORMALIZATION,"[0,2,4]",1.601354384493891,False,"[0.8286237790640243,0.16500564912643384,0.00637057180954191]",0.6861849324224125,"[1.2127859503983178,0.24150469495690308,0.009324062598521024]"
1.0000000000000036,1.0000000000000009,ANALYTIC_UPPER_BOUND_SEPARATE,c6b6e1622d990b66bd9ffa36353ad422a7eaa149186484001b5ff0d258b88bcc,3.5527136788004994e-15,8.597287158970123e-17,AXM1_FINITE_NORMALIZATION,"[0,2]",1.0000000000000009,False,"[0.9999999999999996,4.870756456449129e-16]",3.121139681734584e-08,"[1.0000000000000004,4.870756456449133e-16]"
13227.758505455224,10.72436445094232,ANALYTIC_UPPER_BOUND_SEPARATE,c72bdad0577d84103eccd94f9c73cf3160cf52b053167e2248a7904889302211,9.490072817619282,5.161077979331993,AXM1_FINITE_NORMALIZATION,"[0,2,4]",1869.817635063715,False,"[0.27239208222730765,0.4760616371076555,0.2515462806650368]",2.74473972968965,"[2.9212319633566954,5.105458497454744,2.6976739901308804]"
1.013694674661216,1.0008504708219397,ANALYTIC_UPPER_BOUND_SEPARATE,c904cccb489d0c29a24e8301e097a0dee129239048c2afa55328d8e5be388542,0.013601750024770853,4.015940836333328e-07,AXM1_FINITE_NORMALIZATION,"[0,2,4]",1.0008508727576482,False,"[0.9995750556834362,0.00042491420129205033,3.0115271828528036e-08]",0.029163521231699914,"[1.0004251651026337,0.000425275578422077,3.0140883988512984e-08]"
1.013694674661216,1.0008504708219397,ANALYTIC_UPPER_BOUND_SEPARATE,c9b417e6f6571261f810811dc1da992b81b468cc3c83a04cd8227b9aa7769de5,0.013601750024770853,4.015940836333328e-07,AXM1_FINITE_NORMALIZATION,"[0,2,4]",1.0008508727576482,False,"[0.9995750556834362,0.00042491420129205033,3.0115271828528036e-08]",0.029163521231699914,"[1.0004251651026337,0.000425275578422077,3.0140883988512984e-08]"
1.1115017963309746,1.0542778553735133,ANALYTIC_UPPER_BOUND_SEPARATE,ca6f63315793fde5bb949bac34cb178743e77289ede3e5933c97319870834050,0.10571207055303909,0.0015766668439163994,AXM1_FINITE_NORMALIZATION,"[0,2,4]",1.055941411404558,False,"[0.9739896655839994,0.02589310793071182,0.00011722648528868942]",0.2333081698535993,"[1.0268557357878643,0.027298530298145763,0.00012358928750313419]"
1.0000389989527991,1.0000048747859267,ANALYTIC_UPPER_BOUND_SEPARATE,caad486e79c9bac0e56b96b582f24e7ea86784b1d9dad3f46d5e21a3e0feb7be,3.899819235976281e-05,1.3201963738764097e-11,AXM1_FINITE_NORMALIZATION,"[0,2,4]",1.0000048747991288,False,"[0.9999975626166081,2.437382401848157e-06,9.901432157519635e-13]",0.002207892036974202,"[1.000002437390653,2.4373942835655875e-06,9.90148042488177e-13]"
400.33113591830335,1.454290645355221,ANALYTIC_UPPER_BOUND_SEPARATE,cb15bc04c13e677de3f7aaae70a957ab795a1032771d26acd12649fbdab2f09c,5.992292044433371,0.09633150870646517,AXM1_FINITE_NORMALIZATION,"[0,2]",1.601354384493891,False,"[0.8339364309821894,0.1660635690178106]",0.6861849324224125,"[1.2127859503983178,0.24150469495690308]"
1.0,1.0,ANALYTIC_UPPER_BOUND_SEPARATE,cdca33ea00530ae5e2944d7720f317af54634eb24cbcbf595b80bd90a10e55a4,0.0,1.5221113926403532e-17,AXM1_FINITE_NORMALIZATION,"[0,2,4]",1.0,False,"[1.0,7.61055696320174e-18,9.653429548356421e-36]",3.90142460216823e-09,"[1.0,7.61055696320174e-18,9.653429548356421e-36]"
1.0000000000000155,1.0000000000000155,ANALYTIC_UPPER_BOUND_SEPARATE,ce3e8486d7c9c600157fe3e31080da43d78599ff75f562b09f4c8a4902938259,1.5543122344752072e-14,4.3298315885145364e-17,AXM1_FINITE_NORMALIZATION,"[0,2,4]",1.0000000000000155,False,"[0.9999999999999922,7.793210330318501e-15,1.0122354542097318e-29]",1.2484558726938336e-07,"[1.0000000000000078,7.793210330318623e-15,1.0122354542097475e-29]"
1368.9017991613202,36.9986729378409,ANALYTIC_UPPER_BOUND_SEPARATE,cf45a20fe03fc32e573b12d58667588459ffadf087be9cecdbfedc45042929bf,7.221764090912328,26.52350268949109,AXM1_FINITE_NORMALIZATION,"[0,2]",12223540222378.625,False,"[0.15081133929172155,0.8491886607082785]",5.4894794593793,"[5.5798194177721605,31.41885352006874]"
1.0000779987927857,1.000019499127865,ANALYTIC_UPPER_BOUND_SEPARATE,d03676f212e5f3998a2d367c39ba1470928420db37c0c6a346c48c9788e85177,7.799575103803114e-05,2.1122822857616293e-10,AXM1_FINITE_NORMALIZATION,"[0,2,4]",1.0000194993390974,False,"[0.9999902505892073,9.749394950741807e-06,1.5842064407060345e-11]",0.004415784073948404,"[1.0000097495269673,9.749585055440557e-06,1.5842373313499866e-11]"
443.43323638622957,1.4636147079537418,ANALYTIC_UPPER_BOUND_SEPARATE,d092cdb598d9df416d89170fe8d36a7192e45edb5aabd1f12681d4637ed8910d,6.0945472523933635,0.08994055820896563,AXM1_FINITE_NORMALIZATION,"[0,2,4]",1.601354384493891,False,"[0.8286237790640243,0.16500564912643384,0.00637057180954191]",0.6861849324224125,"[1.2127859503983178,0.24150469495690308,0.009324062598521024]"
1.000000000000008,1.000000000000004,ANALYTIC_UPPER_BOUND_SEPARATE,d126eb1b40503ed38a63098cbc47c230436e0a86cd1e56cba4a72957ca3c5c6e,7.993605777301111e-15,-1.001977234912514e-16,AXM1_FINITE_NORMALIZATION,"[0,2]",1.000000000000004,False,"[0.999999999999998,1.9483025825796395e-15]",6.242279363469168e-08,"[1.000000000000002,1.9483025825796474e-15]"
1.0000000000000036,1.0000000000000009,ANALYTIC_UPPER_BOUND_SEPARATE,d209869a9ef2a48337c70f37f75b012576caa433500c41d048b315d67b0ae241,3.5527136788004994e-15,8.597287158970123e-17,AXM1_FINITE_NORMALIZATION,"[0,2,4]",1.0000000000000009,False,"[0.9999999999999996,4.870756456449129e-16,3.954044743006819e-32]",3.121139681734584e-08,"[1.0000000000000004,4.870756456449133e-16,3.9540447430068223e-32]"
1.0,1.0,ANALYTIC_UPPER_BOUND_SEPARATE,d4521b96b99f11a9fe8f4634aab9a868a1d711a3b51650039fc62eda27f0366c,0.0,6.088445570561413e-17,AXM1_FINITE_NORMALIZATION,"[0,2]",1.0,False,"[1.0,3.0442227852807077e-17]",7.80284920433646e-09,"[1.0,3.0442227852807077e-17]"
1.0000048747989048,1.0000000761685501,ANALYTIC_UPPER_BOUND_SEPARATE,d6554cc93e8dcbf5127d2e36079b2e60ff7f99c66333f1a35a60d29e2c3cb764,4.87478702291143e-06,3.5003540592332905e-15,AXM1_FINITE_NORMALIZATION,"[0,2]",1.0000000761685537,False,"[0.9999999619157274,3.8084272627005716e-08]",0.00027598650462177523,"[1.0000000380842746,3.8084275527829544e-08]"
1.0068264183894304,1.0002126233477804,ANALYTIC_UPPER_BOUND_SEPARATE,d72416fe9386c72201ee531653079b046e19dd601a57ac98452e463e88e05248,0.006803223892480072,2.6996017950654903e-08,AXM1_FINITE_NORMALIZATION,"[0,2]",1.0002126503495388,False,"[0.9998937074731026,0.00010629252689745024]",0.014581760615849957,"[1.00010630822061,0.0001063151271703632]"
1.000311980978175,1.000311980978175,ANALYTIC_UPPER_BOUND_SEPARATE,d8916e60a140da7ae9c176f80b9904974260b85cc761480be9c008b8f6755bca,0.0003119323222292711,5.406157451066408e-08,AXM1_FINITE_NORMALIZATION,"[0,2,4]",1.0003120350566173,False,"[0.9998440487025246,0.0001559472430690143,4.054406394997881e-09]",0.017663136295793615,"[1.0001559810268614,0.00015599589564245067,4.055671292670911e-09]"
1.0034077365959655,1.0000531567786928,ANALYTIC_UPPER_BOUND_SEPARATE,d92e4db3997289d26ef352e06e4450c20efdb5c828acf7f9bc167d13fb96bf1e,0.0034019434189619486,1.5697432077807299e-09,AXM1_FINITE_NORMALIZATION,"[0,2,4]",1.0000531583485195,False,"[0.9999734227487025,2.6577133567871115e-05,1.1772969242318084e-10]",0.0072908803079249785,"[1.0000265781146342,2.657854632267847e-05,1.1773595055438655e-10]"
1.0000194993249019,1.0000012186966671,ANALYTIC_UPPER_BOUND_SEPARATE,d9a62c7bb664ce1eb8dd36302f1ac26080d6a804a48d81c12e788678499e1aed,1.9499134792443836e-05,8.872057827782214e-13,AXM1_FINITE_NORMALIZATION,"[0,2]",1.0000012186975544,False,"[0.9999993906522956,6.093477045129079e-07]",0.001103946018487101,"[1.00000060934822,6.093484471229245e-07]"
3118.1438137153423,2.733612915507508,ANALYTIC_UPPER_BOUND_SEPARATE,da42ffc9e56d75ed6a85fa3cb86e4967f7bc201cf7b2ac134b4e47a000403a47,8.044993172260067,0.877774899401695,AXM1_FINITE_NORMALIZATION,"[0,2]",6.575818427180604,False,"[0.6211769864769292,0.3788230135230707]",1.372369864844825,"[1.6980574330493663,1.0355554824581414]"
1.2136827965196963,1.2136827965196963,ANALYTIC_UPPER_BOUND_SEPARATE,dac0c68eb3c16dbcc0835a34a5d9b831765f9dedd762b6e53039e6da6844bb3c,0.19365937062063818,0.024071437861105605,AXM1_FINITE_NORMALIZATION,"[0,2]",1.2432523495818955,False,"[0.9092230787568265,0.09077692124317342]",0.4666163397071986,"[1.1035084088858333,0.11017438763386295]"
1.0,1.0,ANALYTIC_UPPER_BOUND_SEPARATE,daf8f64a01a6bef1467d66403425195bb0f6350166e6030c29d2bb9bfdbd3795,0.0,1.5221113926403532e-17,AXM1_FINITE_NORMALIZATION,"[0,2]",1.0,False,"[1.0,7.61055696320174e-18]",3.90142460216823e-09,"[1.0,7.61055696320174e-18]"
1.0000000000000036,1.0000000000000004,ANALYTIC_UPPER_BOUND_SEPARATE,dafe1fc3d9cabbcf37c5209ff808b1d18d7caff908bb6fd42cd24d29e03f55b4,3.5527136788005e-15,-2.00551387027606e-16,AXM1_FINITE_NORMALIZATION,"[0,2]",1.0000000000000002,False,"[0.9999999999999998,1.2176891141122784e-16]",1.560569840867292e-08,"[1.0000000000000002,1.217689114112279e-16]"
1.000000000000008,1.000000000000004,ANALYTIC_UPPER_BOUND_SEPARATE,db758e4ddf1bb9298002d1cd6745073f43da1a33aa0afcb5c00ff988891adbd8,7.993605777301111e-15,-1.001977234912514e-16,AXM1_FINITE_NORMALIZATION,"[0,2,4]",1.000000000000004,False,"[0.999999999999998,1.9483025825796395e-15,6.326471588810847e-31]",6.242279363469168e-08,"[1.000000000000002,1.9483025825796474e-15,6.326471588810873e-31]"
1.000009749620246,1.0000003046741939,ANALYTIC_UPPER_BOUND_SEPARATE,dc81fc6ca334b9050e88cb9492808ded22af54b28e152b3f0104203350f25dde,9.749572718743965e-06,5.547263171976717e-14,AXM1_FINITE_NORMALIZATION,"[0,2]",1.0000003046742494,False,"[0.9999998476629424,1.5233705763203038e-07]",0.0005519730092435505,"[1.0000001523370898,1.5233710404520062e-07]"
1.0,1.0,ANALYTIC_UPPER_BOUND_SEPARATE,dd53221831709e1179ac560b750ab4e994c7427e849246ed0098e85c0f34ccfe,0.0,6.088445570561413e-17,AXM1_FINITE_NORMALIZATION,"[0,2,4]",1.0,False,"[1.0,3.0442227852807077e-17,1.5445487277370389e-34]",7.80284920433646e-09,"[1.0,3.0442227852807077e-17,1.5445487277370389e-34]"
1.0001559985994362,1.00007799625801,ANALYTIC_UPPER_BOUND_SEPARATE,e0d82aecd1a68db4259272a946f1a3de48c9c9777a1843e02ee9634c2e44f727,0.00015598643291998309,3.3794909538994652e-09,AXM1_FINITE_NORMALIZATION,"[0,2,4]",1.0000779996377644,False,"[0.9999610043210785,3.8995425463090386e-05,2.5345850075725806e-10]",0.008831568147896807,"[1.0000389975375714,3.899846696035601e-05,2.534782695718779e-10]"
1.6005276268654247,1.001838928374683,ANALYTIC_UPPER_BOUND_SEPARATE,e301d2a1dd4c98d851acc0855c688c17977db1bef75dbbf5ee64da56707ade78,0.4703333416755085,2.017264875165412e-06,AXM1_FINITE_NORMALIZATION,"[0,2]",1.0018409493512022,False,"[0.9990819657950548,0.0009180342049452403]",0.04288655827640078,"[1.0009192059705894,0.0009197224040936436]"
1.000009749620246,1.0000003046741939,ANALYTIC_UPPER_BOUND_SEPARATE,e33dc8c98c0ec5d814de213fad448beb39327b2fa0d9ab3cb11e1c97842d52ec,9.749572718743965e-06,5.547263171976717e-14,AXM1_FINITE_NORMALIZATION,"[0,2]",1.0000003046742494,False,"[0.9999998476629424,1.5233705763203038e-07]",0.0005519730092435505,"[1.0000001523370898,1.5233710404520062e-07]"
1.1112412167073342,1.05415426608601,ANALYTIC_UPPER_BOUND_SEPARATE,e40346bc9672fad548e88097736b7ebbde8f6e0fd4067f1ac32d199da134b52f,0.10547760383933842,0.0016939002007667348,AXM1_FINITE_NORMALIZATION,"[0,2]",1.055941411404558,False,"[0.9741038563553863,0.02589614364461381]",0.2333081698535993,"[1.0268557357878643,0.027298530298145763]"
1.013694674661216,1.0008504708219397,ANALYTIC_UPPER_BOUND_SEPARATE,e5f5dfeb10d27592d7f6aa4514b976aee460d580a61e9b8f51713210ac01851e,0.013601750024770853,4.015940836333328e-07,AXM1_FINITE_NORMALIZATION,"[0,2,4]",1.0008508727576482,False,"[0.9995750556834362,0.00042491420129205033,3.0115271828528036e-08]",0.029163521231699914,"[1.0004251651026337,0.000425275578422077,3.0140883988512984e-08]"
1.0068264183894304,1.0002126233477804,ANALYTIC_UPPER_BOUND_SEPARATE,e643f82e31b6fec2bf50d85a1377ebac85822e3c74a272d30015c31615af234d,0.006803223892480072,2.6996017950654903e-08,AXM1_FINITE_NORMALIZATION,"[0,2]",1.0002126503495388,False,"[0.9998937074731026,0.00010629252689745024]",0.014581760615849957,"[1.00010630822061,0.0001063151271703632]"
1.0000000000000036,1.0000000000000004,ANALYTIC_UPPER_BOUND_SEPARATE,e65cdad1c7bc4b357f5e775b4d41fad00b6a30a35596ca5bd6cc3bc145cd25e6,3.5527136788005e-15,-2.00551387027606e-16,AXM1_FINITE_NORMALIZATION,"[0,2,4]",1.0000000000000002,False,"[0.9999999999999998,1.2176891141122784e-16,2.4712779643792444e-33]",1.560569840867292e-08,"[1.0000000000000002,1.217689114112279e-16,2.4712779643792454e-33]"
443.43323638622957,1.4636147079537418,ANALYTIC_UPPER_BOUND_SEPARATE,e66323b52ebc9b603a359a3e7204a59c2b64cfaf7c267a70d822f95bc762d7e0,6.0945472523933635,0.08994055820896563,AXM1_FINITE_NORMALIZATION,"[0,2,4]",1.601354384493891,False,"[0.8286237790640243,0.16500564912643384,0.00637057180954191]",0.6861849324224125,"[1.2127859503983178,0.24150469495690308,0.009324062598521024]"
3118.1438137153423,2.733612915507508,ANALYTIC_UPPER_BOUND_SEPARATE,e841434c51fa80a0654e08890b2f0ebab855d256f7d77b180d81389ea2a16ff6,8.044993172260067,0.877774899401695,AXM1_FINITE_NORMALIZATION,"[0,2]",6.575818427180604,False,"[0.6211769864769292,0.3788230135230707]",1.372369864844825,"[1.6980574330493663,1.0355554824581414]"
1.000004874798919,1.0000000761685504,ANALYTIC_UPPER_BOUND_SEPARATE,eaa1c049e9af23fd93bda470d29e0e1bba5c574a55c59aa17dd8e85ef2f3cf55,4.874787037122283e-06,3.278309480778039e-15,AXM1_FINITE_NORMALIZATION,"[0,2,4]",1.0000000761685537,False,"[0.9999999619157272,3.808427262700571e-08,2.417353203230486e-16]",0.00027598650462177523,"[1.0000000380842746,3.8084275527829544e-08,2.4173533873567755e-16]"
1.055511708253512,1.0135980439462209,ANALYTIC_UPPER_BOUND_SEPARATE,ec7deef660e32ec94e5f8b46148d6c72eecf85f2393ee596279ff7b10359768b,0.05402568085818033,0.00010175531556390338,AXM1_FINITE_NORMALIZATION,"[0,2,4]",1.0137011881826858,False,"[0.993274505752787,0.006717879754654806,7.614492558269907e-06]",0.11665408492679966,"[1.0067810961326742,0.006809229778784029,7.718034762705433e-06]"
6.380999250513481,1.029381563937495,ANALYTIC_UPPER_BOUND_SEPARATE,eea3b79549639a1f94af3626c61f8af8f3c21c448b01c89f752dd3a47f1a842d,1.853324707430237,0.00046991153912447417,AXM1_FINITE_NORMALIZATION,"[0,2,4]",1.029865395882755,False,"[0.9856475023444222,0.014317423067794915,3.507458778274455e-05]",0.17154623310560313,"[1.0146073674543872,0.014738091349081496,3.610513402626454e-05]"
8684.023762648805,93.18810955614887,ANALYTIC_UPPER_BOUND_SEPARATE,ef7c029e36978da610cb160434d92246ec8ce87b1a5ad1c6ed071b96b06b133d,9.069240267365789,25.59976460126436,AXM1_FINITE_NORMALIZATION,"[0,2,4]",12223540222378.625,False,"[0.059876946150625984,0.3371551764459591,0.602967877403415]",5.4894794593793,"[5.5798194177721605,31.41885352006874,56.18943661830797]"
1.0000389989448781,1.0000048747849366,ANALYTIC_UPPER_BOUND_SEPARATE,f001e8b94db94701b9f67815f2a902acd52ac6c2c51f8a39b5f7cf24c4d2f6e3,3.8998184439026275e-05,1.4192055805731078e-11,AXM1_FINITE_NORMALIZATION,"[0,2]",1.0000048747991288,False,"[0.9999975626175982,2.4373824018505703e-06]",0.002207892036974202,"[1.000002437390653,2.4373942835655875e-06]"
1.0136941862182753,1.0008504406810557,ANALYTIC_UPPER_BOUND_SEPARATE,f0d03002cc89c460507fbdc85f422f89530551efbc0355555d73336da55f25c1,0.013601268180413984,4.3170935593766016e-07,AXM1_FINITE_NORMALIZATION,"[0,2]",1.0008508727576482,False,"[0.9995750857859116,0.0004249142140884574]",0.029163521231699914,"[1.0004251651026337,0.000425275578422077]"
1.0136941862182753,1.0008504406810557,ANALYTIC_UPPER_BOUND_SEPARATE,f12de42481de9b2e8ee5db614a8b7657291f9bf4b19f3cd0c473f9751b716223,0.013601268180413984,4.3170935593766016e-07,AXM1_FINITE_NORMALIZATION,"[0,2]",1.0008508727576482,False,"[0.9995750857859116,0.0004249142140884574]",0.029163521231699914,"[1.0004251651026337,0.000425275578422077]"
34.527999187486905,1.117037766504701,ANALYTIC_UPPER_BOUND_SEPARATE,f376bc777f907474583ffb58d55f107c58b24eaa9827eab8a92d15c2437855f3,3.541770565543718,0.007032110197646518,AXM1_FINITE_NORMALIZATION,"[0,2,4]",1.1249205831070794,False,"[0.9464489324957469,0.05303300081812303,0.0005180666861299947]",0.34309246621120626,"[1.0572192016658077,0.059239864784918134,0.0005787000539751413]"
1.0034077290355972,1.000053156660957,ANALYTIC_UPPER_BOUND_SEPARATE,f3be6a53917827b98a55f7fcaf41047e0261f7a1ae0346f24b33318d72606e70,0.003401935884269918,1.6874727707565703e-09,AXM1_FINITE_NORMALIZATION,"[0,2]",1.0000531583485195,False,"[0.999973422866429,2.6577133571000028e-05]",0.0072908803079249785,"[1.0000265781146342,2.657854632267847e-05]"
1368.9017991613202,36.9986729378409,ANALYTIC_UPPER_BOUND_SEPARATE,f648c9344197ebac77d4f30c40107df9901e9bae0cc2147e36b9ec32a8866ca1,7.221764090912328,26.52350268949109,AXM1_FINITE_NORMALIZATION,"[0,2]",12223540222378.625,False,"[0.15081133929172155,0.8491886607082785]",5.4894794593793,"[5.5798194177721605,31.41885352006874]"
1.0,1.0,ANALYTIC_UPPER_BOUND_SEPARATE,f8becb5621f43ad78652b06f507a0c56a7c8ebaa9b6c8cd700211e9fef7204e1,0.0,9.513196204002208e-19,AXM1_FINITE_NORMALIZATION,"[0,2]",1.0,False,"[1.0,4.756598102001086e-19]",9.753561505420575e-10,"[1.0,4.756598102001086e-19]"
1.0000779987927857,1.000019499127865,ANALYTIC_UPPER_BOUND_SEPARATE,f909dd9997848d27541389957c88b7adce7501cabe080b3d063ad205882832b9,7.799575103803114e-05,2.1122822857616293e-10,AXM1_FINITE_NORMALIZATION,"[0,2,4]",1.0000194993390974,False,"[0.9999902505892073,9.749394950741807e-06,1.5842064407060345e-11]",0.004415784073948404,"[1.0000097495269673,9.749585055440557e-06,1.5842373313499866e-11]"
1.027533436136943,1.0034009210673354,ANALYTIC_UPPER_BOUND_SEPARATE,fc52f4ae1b4edae4de4611f9aa054f7e0c451c1d20a25418875a6f741227578c,0.02716120811129692,6.892868615131741e-06,AXM1_FINITE_NORMALIZATION,"[0,2]",1.0034078374018893,False,"[0.9983044231149681,0.0016955768850317387]",0.05832704246339983,"[1.001699577659154,0.00170134340818133]"
1.0554795598765143,1.0135903259114583,ANALYTIC_UPPER_BOUND_SEPARATE,ff8e17f270d298339d53b9f47b8fc13189a91c30105498e405a642bfe5bf29ec,0.05399522277198598,0.00010936983711249196,AXM1_FINITE_NORMALIZATION,"[0,2]",1.0137011881826858,False,"[0.9932820690917102,0.006717930908289714]",0.11665408492679966,"[1.0067810961326742,0.006809229778784029]"
1.0620308450250202,1.0151594986439139,ANALYTIC_UPPER_BOUND_SEPARATE,215212e37d35f0277d90e0dfb354ff27c6334677ddc57b31f4e702fb709a928b,0.06018296667765012,0.0001359511765867908,AXM1_FINITE_NORMALIZATION,"[0,2]",1.0152975201540586,False,"[0.9925162045341772,0.007483795465822822]",0.12321401237683692,"[1.0075622525908756,0.007597246053038292]"
1.0307583312111528,1.0037940260691736,ANALYTIC_UPPER_BOUND_SEPARATE,1e063a21340c2fb397fe431779fa0bb1d2fba619b736361014296303c8f0e3e9,0.030294775241286306,8.576306339041963e-06,AXM1_FINITE_NORMALIZATION,"[0,2]",1.0038026349511586,False,"[0.9981090625569001,0.00189093744309987]",0.06160700618841846,"[1.0018959143601194,0.0018981117090541674]"
1.47140967604679,1.0015098140317773,ANALYTIC_UPPER_BOUND_SEPARATE,a090ea4c0aa58921cf4904fed6f6f74fac8d2e12f031736c8c94aa80754f295b,0.38622090457622477,1.2650703438389036e-06,AXM1_FINITE_NORMALIZATION,"[0,2,4]",1.0015110810129435,False,"[0.9992460098175272,0.0007538953261424427,9.48563303935236e-08]",0.03885795258173952,"[1.0007546854643472,0.0007550335678843438,9.499954581215464e-08]"
