faces_zero_based,classification,generic_rank,generic_consistency,point_rational_functions_json
"0,1,2",SINGULAR_NO_UNIQUE_INTERSECTION,2,INCONSISTENT,
"0,1,3",SINGULAR_NO_UNIQUE_INTERSECTION,2,INCONSISTENT,
"0,1,4",SINGULAR_NO_UNIQUE_INTERSECTION,2,INCONSISTENT,
"0,1,5",SINGULAR_NO_UNIQUE_INTERSECTION,2,INCONSISTENT,
"0,2,3",FEASIBLE_VERTEX,,,"[{""denominator_ascending"":[""1""],""numerator_ascending"":[""0""]},{""denominator_ascending"":[""1""],""numerator_ascending"":[""0""]},{""denominator_ascending"":[""1""],""numerator_ascending"":[""0""]}]"
"0,2,4",INFEASIBLE_INTERSECTION,,,"[{""denominator_ascending"":[""1""],""numerator_ascending"":[""0""]},{""denominator_ascending"":[""1""],""numerator_ascending"":[""0""]},{""denominator_ascending"":[""1""],""numerator_ascending"":[""1""]}]"
"0,2,5",FEASIBLE_VERTEX,,,"[{""denominator_ascending"":[""1""],""numerator_ascending"":[""0""]},{""denominator_ascending"":[""1""],""numerator_ascending"":[""0""]},{""denominator_ascending"":[""1""],""numerator_ascending"":[""0"",""1""]}]"
"0,3,4",FEASIBLE_VERTEX,,,"[{""denominator_ascending"":[""1""],""numerator_ascending"":[""0""]},{""denominator_ascending"":[""1""],""numerator_ascending"":[""1""]},{""denominator_ascending"":[""1""],""numerator_ascending"":[""0""]}]"
"0,3,5",FEASIBLE_VERTEX,,,"[{""denominator_ascending"":[""1""],""numerator_ascending"":[""0""]},{""denominator_ascending"":[""1""],""numerator_ascending"":[""1""]},{""denominator_ascending"":[""1""],""numerator_ascending"":[""0""]}]"
"0,4,5",FEASIBLE_VERTEX,,,"[{""denominator_ascending"":[""1""],""numerator_ascending"":[""0""]},{""denominator_ascending"":[""1""],""numerator_ascending"":[""1""]},{""denominator_ascending"":[""1""],""numerator_ascending"":[""0""]}]"
"1,2,3",FEASIBLE_VERTEX,,,"[{""denominator_ascending"":[""1""],""numerator_ascending"":[""1""]},{""denominator_ascending"":[""1""],""numerator_ascending"":[""0""]},{""denominator_ascending"":[""1""],""numerator_ascending"":[""0""]}]"
"1,2,4",FEASIBLE_VERTEX,,,"[{""denominator_ascending"":[""1""],""numerator_ascending"":[""1""]},{""denominator_ascending"":[""1""],""numerator_ascending"":[""0""]},{""denominator_ascending"":[""1""],""numerator_ascending"":[""1""]}]"
"1,2,5",FEASIBLE_VERTEX,,,"[{""denominator_ascending"":[""1""],""numerator_ascending"":[""1""]},{""denominator_ascending"":[""1""],""numerator_ascending"":[""0""]},{""denominator_ascending"":[""1""],""numerator_ascending"":[""1""]}]"
"1,3,4",FEASIBLE_VERTEX,,,"[{""denominator_ascending"":[""1""],""numerator_ascending"":[""1""]},{""denominator_ascending"":[""1""],""numerator_ascending"":[""1""]},{""denominator_ascending"":[""1""],""numerator_ascending"":[""0""]}]"
"1,3,5",INFEASIBLE_INTERSECTION,,,"[{""denominator_ascending"":[""1""],""numerator_ascending"":[""1""]},{""denominator_ascending"":[""0"",""1""],""numerator_ascending"":[""1""]},{""denominator_ascending"":[""1""],""numerator_ascending"":[""0""]}]"
"1,4,5",FEASIBLE_VERTEX,,,"[{""denominator_ascending"":[""1""],""numerator_ascending"":[""1""]},{""denominator_ascending"":[""1""],""numerator_ascending"":[""0""]},{""denominator_ascending"":[""1""],""numerator_ascending"":[""1""]}]"
"2,3,4",SINGULAR_NO_UNIQUE_INTERSECTION,2,INCONSISTENT,
"2,3,5",INFEASIBLE_INTERSECTION,,,"[{""denominator_ascending"":[""-1"",""1""],""numerator_ascending"":[""0"",""1""]},{""denominator_ascending"":[""1""],""numerator_ascending"":[""0""]},{""denominator_ascending"":[""1""],""numerator_ascending"":[""0""]}]"
"2,4,5",FEASIBLE_VERTEX,,,"[{""denominator_ascending"":[""1""],""numerator_ascending"":[""1""]},{""denominator_ascending"":[""1""],""numerator_ascending"":[""0""]},{""denominator_ascending"":[""1""],""numerator_ascending"":[""1""]}]"
"3,4,5",FEASIBLE_VERTEX,,,"[{""denominator_ascending"":[""1""],""numerator_ascending"":[""0""]},{""denominator_ascending"":[""1""],""numerator_ascending"":[""1""]},{""denominator_ascending"":[""1""],""numerator_ascending"":[""0""]}]"
