m,arm,events,N_per_axis,acceptance_display,second_moment_display,range_display,expected_T_two_axes_display,expected_CX_two_axes_display,expected_1Q_two_axes_display,T_prep_readout_affine_slope_display,saved_fixed_dictionary_T_intercept_lower_display,saved_fixed_dictionary_prep_slope_lower_display,accepted_tail_T_upper,hard_attempt_T_upper,workspace_beyond_system,acquisition
5,ordinary,273,1325813,1,2.256283543,1.502093054,371085419.8,21904736.27,996749432.8,2651626,370190906.7,2645791.416,487899184,487899184,1,G9_saved_anchor_rebudget_only
5,partial_return_tail,264,1009902,1,1.718110908,1.310767297,275437398.9,16998102.83,731603228.6,2019804,274641045.5,2014712.693,371643936,371643936,1,G9_saved_anchor_rebudget_only
5,closed_P3_tail,258,993701,1,1.69051297,1.300197281,284749629.9,17095836.74,734643183.8,1987402,283985321.6,1982350.454,365681968,365681968,1,G9_saved_anchor_rebudget_only
5,full_return,63,1144972,0.8577661379,1.93536362,1.502093054,273991325.7,16756376.23,692820724.4,1964236.421,271508092.3,1946674.761,317312320,366391040,1,G9_saved_anchor_rebudget_only
5,closed_P5_full,63,975840,1,1.660089378,1.288444558,272239830.7,16649260.76,688391853.9,1951680,271508092.3,1946674.761,312268800,312268800,1,G9_saved_anchor_rebudget_only
5,matched_CTS,24,1698404,1,2.89110497,1.70032496,387633441.2,10391732.24,968944321.5,3396808,324629029.5,3390203.655,461965888,461965888,1,G9_saved_anchor_rebudget_only
3,ordinary,30,1306564,1,2.223488844,1.491136762,365035171.6,21419239.2,980769210.2,2613128,364185574.3,2607335.287,391969200,391969200,1,G10_registered_degree
3,partial_return_tail,21,993111,1,1.689508651,1.299811006,270220207.8,16572048.8,717894571.1,1986222,269471874.3,1981172.757,297933300,297933300,1,G10_registered_degree
3,closed_P3_tail,15,977045,1,1.662142329,1.28924099,279459012.3,16670104.77,720920647.1,1954090,278728534.8,1949082.118,293113500,293113500,1,G10_registered_degree
3,full_return,15,1132235,0.8646027796,1.922434635,1.491136762,279999178,16702326.38,722314113,1957867.056,278728534.8,1949082.118,295189800,339670500,1,G10_registered_degree
3,matched_CTS,21,1714854,1,2.91913365,1.708547234,400847851.2,10470332.51,1036410493,3429708,333989410.9,3423070.996,480159120,480159120,1,G10_registered_degree
7,ordinary,2460,1326140,1,2.256840603,1.502278471,371179562.2,21914205.64,996997917.4,2652280,370284879.5,2646444.643,488019520,488019520,1,G10_registered_degree
7,partial_return_tail,2451,1010188,1,1.718597018,1.310952714,275518709,17006422.35,731816635.6,2020376,274721988,2015282.722,371749184,371749184,1,G10_registered_degree
7,closed_P3_tail,2445,993984,1,1.69099516,1.300382698,284832047.2,17104130.23,734856468.2,1987968,284067629.5,1982915.886,365786112,365786112,1,G10_registered_degree
7,full_return,255,1145109,0.857666444,1.935616455,1.502278471,280249067.7,16756533.06,715218430.8,1964243.128,277736101.8,1946702.791,321276132,371015316,1,G10_registered_degree
7,closed_P5_tail,2250,976120,1,1.660567211,1.288629974,272320319.3,16657451.84,688598157.9,1952240,271588571.8,1947235.083,316262880,316262880,1,G10_registered_degree
7,matched_CTS,28,1698621,1,2.891475127,1.700433805,399058970.6,10392763.94,1048816689,3397242,334175448.1,3390637.713,475613880,475613880,1,G10_registered_degree
