ratio,acquisition,sequence_sha256,sequence_characters,T_count,Tdagger_count,one_qubit_count,global_W_count,strict_operator_error_upper,strict_error_pass,epsilon
5/98,new_G10_once,b3163a9184142aa164e1589fabb3f52b9cceb3fd8c881fadaee104a5ab28090d,172,70,0,172,0,3163554100089347348513444445673586845560164317056663525337654207001599430940218285393418768878214565/18347988927920572092886567162416695526372519913346248989900710715095383008707878464560148424881005492436992,True,1/1000000
1/14,reuse_G9_fixed_identity,2d94e7afdad71e586339db4b15cc0865937c30126f0b9329fa3b70e03f6a2b77,177,70,0,173,4,24817651592226217610784607354074834908819115709581435605321427736936080569886500663451522363803923687/146783911423364576743092537299333564210980159306769991919205685720763064069663027716481187399048043939495936,True,1/1000000
40395/564284,new_G10_once,49ae76318b1a0bcb4d497d37bdc2b4fcdce14bdb323972ac54bcf8763e7f94a7,164,68,0,164,0,5136630723159119189784294343376057415349691632625197259730295493657059783888477345489404438288093219/36695977855841144185773134324833391052745039826692497979801421430190766017415756929120296849762010984873984,True,1/1000000
1835/25627,new_G10_once,e4e2da60cfb09085d74518284bd0f4401607bf0e4d1053b261f9102119ce4f98,187,70,0,180,7,105331617139520419907559302594203337703041808844172532058601870390037985875811002291221943534118866523/1174271291386916613944740298394668513687841274454159935353645485766104512557304221731849499192384351515967488,True,1/1000000
40345/563304,new_G10_once,f76daf8a3efa80b0c17b888c9fe3a94921f065a71978e74905eb05bcd30a7d7a,173,68,0,173,0,139077597650706032337124002840409952367992879192429514670665715852258363415396650531898011367562728215/1174271291386916613944740298394668513687841274454159935353645485766104512557304221731849499192384351515967488,True,1/1000000
20145/281113,new_G10_once,c795c7edf8e5cabe9ed59fea8c555000fb459bb3bda09ce742408e73283dd72f,173,70,0,169,4,18020757277372288016897956202085203496855061799104334978244197016796630449963705542077764783744115999/146783911423364576743092537299333564210980159306769991919205685720763064069663027716481187399048043939495936,True,1/1000000
40265/561736,new_G10_once,d0b0060648cb643796f7d2625f58a4ae070b75f6690a6cab2ffc923558dca401,181,70,0,174,7,25063140909765367287514744261676982188156507236569429901719500642058185132408468470274152519332746811/146783911423364576743092537299333564210980159306769991919205685720763064069663027716481187399048043939495936,True,1/1000000
4/49,new_G10_once,b12d97d162feaf1700b8053ace9c368a6db3230dadff58a399b4161a44d7ecb7,188,70,0,184,4,47475728705935338497872289282425863581300191548991701117479534663672041411606168003255648704587840939/587135645693458306972370149197334256843920637227079967676822742883052256278652110865924749596192175757983744,True,1/1000000
1/10,reuse_G9_fixed_identity,7e931c276195ad008e489461b8f186537b665afcfd88ee0cf78614532ec2e30f,190,72,0,187,3,92769191351645748177241663665297648386970482410632636157459686290498258473343456244846983779792861507/587135645693458306972370149197334256843920637227079967676822742883052256278652110865924749596192175757983744,True,1/1000000
8091/80612,new_G10_once,054e9a67fd63b28bc31d64a258a6614b3ad9c04c4ea1bc3604d48c464d0594fe,176,68,0,176,0,41695492124565247176069611305699527948541665823503568392977630310164026056967159808191954997893595559/293567822846729153486185074598667128421960318613539983838411371441526128139326055432962374798096087878991872,True,1/1000000
4043/40271,new_G10_once,aded57515b8e823f992d4ce8e181d4c068e00bef8fd0c189aebb8221f06accde,183,72,0,181,2,22967082145771668758161629494179246421140980103530315490706167993913201910569245656811760697560985821/146783911423364576743092537299333564210980159306769991919205685720763064069663027716481187399048043939495936,True,1/1000000
4035/40159,new_G10_once,d395accf02f58532c3f7f865791423c68e18294c7e6684ce6a16e45de669962f,183,70,0,176,7,58676953536373008755171662334460884274674857421164094622948842456829062461950631674041687099698568587/587135645693458306972370149197334256843920637227079967676822742883052256278652110865924749596192175757983744,True,1/1000000
8065/80248,new_G10_once,d473b57eab3213792e24cb187365d833b02f044e4c5538af0b93bf3b3c199fa7,170,68,0,167,3,99352977680467638878008573777289925791570974155511456366755192404609722707163883457592588086039284603/587135645693458306972370149197334256843920637227079967676822742883052256278652110865924749596192175757983744,True,1/1000000
8049/80024,new_G10_once,dc62cdaa2486f1459919b48cd3bbdf68ff1e8fba77a3e5dee79d393e028f5fb7,176,70,0,176,0,75538495601662942941045077202189693732898107977192359926234859738579833462754589412904049464204369945/587135645693458306972370149197334256843920637227079967676822742883052256278652110865924749596192175757983744,True,1/1000000
5/49,new_G10_once,aadbd1e187782a599b0ad6382cb4c888b8dbe5d67a05fb5ef418409971b03104,177,70,0,175,2,102466307341544340036396637596726952628650893457447191653128734634111799090649871886036366263085529365/587135645693458306972370149197334256843920637227079967676822742883052256278652110865924749596192175757983744,True,1/1000000
4/35,reuse_G9_fixed_identity,c24a888feb5bdfbb33ce8ad8c4475edb8c6cc5ef37e2e7787da2aa5a3081dad1,173,68,0,168,5,76376103942546056890933911921655598056843687855441561746703321200111142028017855072642151610784879213/587135645693458306972370149197334256843920637227079967676822742883052256278652110865924749596192175757983744,True,1/1000000
32344/281897,new_G10_once,e49f3ca316d3c63d4c9446c7247e70ef81ee41ca8097c3d7093bc6e5742f0a68,179,70,0,179,0,102893163284298563437653341380389449985255706108577239722247480053398687668479814634947813120583352547/587135645693458306972370149197334256843920637227079967676822742883052256278652110865924749596192175757983744,True,1/1000000
8081/70413,new_G10_once,1559482d4d67503fdbd80b7309aa4ad38ca33e02bbc4b6d6241b6542ee66cbef,183,70,0,182,1,74137521352430425174500813288213524412649362097557329048929815650848240082724610540765917522330574599/587135645693458306972370149197334256843920637227079967676822742883052256278652110865924749596192175757983744,True,1/1000000
32280/281113,new_G10_once,96c0f9a67113f0e4e68d51d1a2eab12c60f5ddb4e9e730e33664791b714e4d96,172,70,0,172,0,37054773724838725870142924735272126225119266136233036515914732170541935288214282687797826976395627943/587135645693458306972370149197334256843920637227079967676822742883052256278652110865924749596192175757983744,True,1/1000000
8065/70217,new_G10_once,f2378d2c8151380795cff955a7b15fd121a056f6228e5d57c98c1091382e0f19,188,70,0,183,5,106164176539615536898318938797317278358317986383067540275513655277798959823010004088555689793584972243/1174271291386916613944740298394668513687841274454159935353645485766104512557304221731849499192384351515967488,True,1/1000000
8049/70021,new_G10_once,45f76f2cab996f3730087fab05ab4d8e25335513735c22b8f428544a3cd5a643,188,70,0,184,4,90302136972071545768115035349285234766656202627312505990028872083580524245469224113703709506868093211/587135645693458306972370149197334256843920637227079967676822742883052256278652110865924749596192175757983744,True,1/1000000
5/42,reuse_G9_fixed_identity,62d088863be04edc788c8540ccfeae35744aa67a2eb6500563b7e2ce10652314,189,70,0,185,4,93398414390801009733262531168999209192408977046914848992942024812880470917853645593839512604775403397/1174271291386916613944740298394668513687841274454159935353645485766104512557304221731849499192384351515967488,True,1/1000000
156828265/1309805966,new_G10_once,b3e963eb85bcfc3c00ac9c696fb3b62131dbd1af3723c9d980ab769ac222d2bc,180,68,0,174,6,59935497614458627596167992447092289430788642397561947370866703335154926909547056676391248189265145699/587135645693458306972370149197334256843920637227079967676822742883052256278652110865924749596192175757983744,True,1/1000000
3809/31808,reuse_G9_fixed_identity,9bc11906ff601688947a8b9ec203e9e021811405b501d95c42cf9c43adf961d4,180,70,0,175,5,47910611880568399653060353538607012858452308529594800994227637723953848070123601423788979085957078399/293567822846729153486185074598667128421960318613539983838411371441526128139326055432962374798096087878991872,True,1/1000000
7458415/62237756,new_G10_once,fafc007cce381864cc217d37233e087ba10cc17ef62a50c11029c36230ce724e,173,68,0,171,2,117698328488735715937346851462754745072104377423669567218740878590067632017063135434465927670040031857/1174271291386916613944740298394668513687841274454159935353645485766104512557304221731849499192384351515967488,True,1/1000000
1902/15869,reuse_G9_fixed_identity,2e22fdf1ef9a628a3df07af1bdb2ea8c702660eb7125b7a21f51839b606a7002,192,72,0,185,7,55925911121502984134791143029375912195434762919689795363099721192438485923265588796076458548674462779/1174271291386916613944740298394668513687841274454159935353645485766104512557304221731849499192384351515967488,True,1/1000000
1/7,reuse_G9_fixed_identity,861cfc501fb3562ef59886e346c9c0e82e37dfcc0a48b88459a5ae2b4d177202,220,84,0,214,6,99228857495098839140295103092029691779486537897316757674578126222738724487437356320159293133471854473/587135645693458306972370149197334256843920637227079967676822742883052256278652110865924749596192175757983744,True,1/1000000
1/6,reuse_G9_fixed_identity,adc0c930a214f14c25af9f2bdc2998bfc94e904036c919474421f21dca52e840,171,70,0,171,0,39302474572844588475425365245930046885229612270279801914993420187853192354253785482189735145730884663/587135645693458306972370149197334256843920637227079967676822742883052256278652110865924749596192175757983744,True,1/1000000
31462901/187115138,new_G10_once,96112b17c435dc0bc25e3dbb1bbd7d2df4609b5fa4630fe56d03dfd056e44dfa,169,68,0,168,1,103005897619610018124033822146890852179926719214256996394463938234400382308264712845624446561313224217/587135645693458306972370149197334256843920637227079967676822742883052256278652110865924749596192175757983744,True,1/1000000
3821/22720,reuse_G9_fixed_identity,cf9dec888edf47b0e4dd6b8fbbb7f64e13286cbdd71ca934c1a1671a4b36084b,181,70,0,176,5,39964599129682240008537881980050123786252041008180522179183394463418183798007623891695730711998124891/293567822846729153486185074598667128421960318613539983838411371441526128139326055432962374798096087878991872,True,1/1000000
31293011/185422580,new_G10_once,49394634f2aff2cd61b1960fc06c1c544f0eed009269e141d1a55abd08d8d16c,176,70,0,175,1,80639523083722906879463050912422557193518121274971755034012363982055136363189386489225992786097200479/587135645693458306972370149197334256843920637227079967676822742883052256278652110865924749596192175757983744,True,1/1000000
380/2251,reuse_G9_fixed_identity,972f5a1817175756ed7cb0767d8dc9bfc1527062980bd48ea503c8567f0148ca,180,68,0,176,4,42962796615292750458511134707282626818122805056306321912825399488465186832678448723485163222808468319/293567822846729153486185074598667128421960318613539983838411371441526128139326055432962374798096087878991872,True,1/1000000
4/21,reuse_G9_fixed_identity,c56b6044c0aa38fec7a557f17d4d326b1f6903dc1e8397a31df128d994e4c326,177,68,0,171,6,12973088967619768095371413567714422819812893870666619052700382407512706531200226110485333098563426403/73391955711682288371546268649666782105490079653384995959602842860381532034831513858240593699524021969747968,True,1/1000000
20948314/108916073,new_G10_once,8f386df242f5bdc83862e3d3e453819eeb66e4535615f43c0d6bb98bb58a3791,166,66,0,165,1,98592720004452129941224751994691687962613236537132373014674418764336513154282315112917728271577163605/587135645693458306972370149197334256843920637227079967676822742883052256278652110865924749596192175757983744,True,1/1000000
15264/79345,reuse_G9_fixed_identity,a7a8b6626167f5d558168de6a6ffa8d71d49a8ac5d69495ea13baf23ce4be315,176,68,0,169,7,87172465574118559955950852833627969147289345364931788403237620401711959149368492952457142379402265017/587135645693458306972370149197334256843920637227079967676822742883052256278652110865924749596192175757983744,True,1/1000000
62585902/324489515,new_G10_once,b3430a38d58e1ac3bf555ffe6785ebe7a606452cbcb86aec36d817d15192c92c,180,70,0,179,1,108338302444925228868269117069025803198225452096644866499933959431287075823608277592890516029527446481/1174271291386916613944740298394668513687841274454159935353645485766104512557304221731849499192384351515967488,True,1/1000000
3040/15757,reuse_G9_fixed_identity,6039f14ee2c2df7e8e91f80ec963d05db06ab3ea2a8ea5c1bffc0bfe0d465130,167,66,0,164,3,7222826748996262493754600156336142246258062406889094643841545076692861621035818102779577745444769383/73391955711682288371546268649666782105490079653384995959602842860381532034831513858240593699524021969747968,True,1/1000000
5/21,reuse_G9_fixed_identity,4204a8163c968001d5f65019ac3dbfe849ab894afeed6dccd3249f3150a69414,188,70,0,183,5,35149441367719793788243992000260746957329880506489648239066105361718206863099855498965167845571586901/293567822846729153486185074598667128421960318613539983838411371441526128139326055432962374798096087878991872,True,1/1000000
5/7,reuse_G9_fixed_identity,88c57b27855c028aaa8fb2dd1c4df89512f993e186c3fa00e178a8facf0e248c,185,68,0,182,3,128388250067507659862279138377286013010301833229724874527511594596614834255766257668930301110346501117/1174271291386916613944740298394668513687841274454159935353645485766104512557304221731849499192384351515967488,True,1/1000000
2189372/2921709,reuse_G9_fixed_identity,3054a974ad5118d5066523ff6b562fe88c43ce6b86e68c8ca6e977580b76535d,172,68,0,170,2,93967116236782073769434182420034452523510082387815240456540676644961058949319649322172696354661670189/587135645693458306972370149197334256843920637227079967676822742883052256278652110865924749596192175757983744,True,1/1000000
9011383315/12025404923,new_G10_once,136893a25b9c274d33f0b9ab1d5eea27b4498457dad1655f8a9babf89ffe086a,180,70,0,177,3,36774677977828161078030337687405808349657047118345922080468879332507882862665287001973450840555949425/293567822846729153486185074598667128421960318613539983838411371441526128139326055432962374798096087878991872,True,1/1000000
310/413,reuse_G9_fixed_identity,8c1dbd57d1f4add1bcd086c6035cf0cd561e2e1aa363c5dae5f90afa96c74311,183,70,0,179,4,79763433047139322057179791330387360897338828669966916555763280336948754065076114929138631828376597747/587135645693458306972370149197334256843920637227079967676822742883052256278652110865924749596192175757983744,True,1/1000000
2845/3717,reuse_G9_fixed_identity,39b73b5381519eeafb6a38c179a637bc4c43f5b9620c8e5575c182bee2de8451,181,66,0,174,7,73310420518128216324725556926461259534052223148766021937776394669964434041851771596711189683060560929/587135645693458306972370149197334256843920637227079967676822742883052256278652110865924749596192175757983744,True,1/1000000
1292627899780538089776231341879072415060547948310064187492710869135677141250631823/1270933971468782560969115131455358476597491351690070830897086442070854510927937536,new_G10_once,108fe9dba320797c9cb7e438958fd71d73b3e2602afdaeb50653ca164d5d606c,184,70,0,179,5,326478744620893010784625308897162621763746250923035598070635530436568823349718304104721277439396149/2293498615990071511610820895302086940796564989168281123737588839386922876088484808070018553110125686554624,True,1/1000000
198739142734025727749413389053911496239444602459132145458954196562232297872201397291731/195296797791779003448758107559956204947876911066103044158969891034375787567230593531904,new_G10_once,34ebb01b166115ed6e0928474c1f3220cd5471d8c91ba9e250816337b55e141e,183,70,0,182,1,116682710270967422499387049786389650953821881511233440890221555206636418632185422607803907921041246497/1174271291386916613944740298394668513687841274454159935353645485766104512557304221731849499192384351515967488,True,1/1000000
5069898366684595608883629288685085891702607078252273946648339800355852044758849588043/4982061168157627638998931315305005228262166098625077657116578852917749682837515141120,reuse_G9_fixed_identity,848bdea8499ba7aae30e7517e784e77816b1217a5fa271b0040c06913e3bec87,173,68,0,168,5,82258502840695462313974914187941061446785662393777961031822986328313451729388311580480822959138755929/587135645693458306972370149197334256843920637227079967676822742883052256278652110865924749596192175757983744,True,1/1000000
