work_package,candidate,input,alpha,q,delta,epsilon_complex,normalization,operator_bias,shots_per_axis,eligible,rz,cx,sx,x,size,depth,rz_paired_se,cx_paired_se,sx_paired_se,x_paired_se,size_paired_se,depth_paired_se
A,native_df_ld0,,,1,0.4,0.05,1.1282073852875323,0.0006921342096992005,9285,True,603525.0,194985.0,343545.0,6963.75,1149018.75,724230.0,88364.4374572874,30392.29666261784,40775.544797972085,3397.9620664976737,162589.3188641411,92783.65486827023
A,native_df_ld0,,,1,0.4,0.02,1.1282073852875323,0.0006921342096992005,61665,True,4008225.0,1294965.0,2281605.0,46248.75,7631043.75,4809870.0,586859.7776848279,201846.09302103706,270804.9509926708,22567.079249389233,1079813.7154288918,616209.3782931485
A,native_df_ld0,,,2,0.2,0.05,1.0657041947993997,8.662656615419562e-05,8003,True,772289.5,276103.5,432162.0,6002.25,1486557.25,942353.25,119078.84659678824,36266.67359150625,67907.70683803127,2928.7981064276664,223929.55216315482,135729.0700102532
A,native_df_ld0,,,2,0.2,0.02,1.0657041947993997,8.662656615419562e-05,50384,True,4862056.0,1738248.0,2720736.0,37788.0,9358828.0,5932716.0,749677.4468240134,228321.88957071735,427522.4167596361,18438.655978289582,1409779.6521539914,854501.2449577154
A,native_df_ld0,,,4,0.1,0.05,1.0328001465190513,1.0832001410331667e-05,7484,True,1485574.0,546332.0,830724.0,7484.0,2870114.0,1824225.0,127314.44542212348,41089.03923363087,75637.60689724957,2828.6861160010562,243295.78451048306,151524.599111356
A,native_df_ld0,,,4,0.1,0.02,1.0328001465190513,1.0832001410331667e-05,46814,True,9292579.0,3417422.0,5196354.0,46814.0,17953169.0,11410912.5,796378.7343654848,257020.61500309934,473129.19953071105,17694.02883945396,1521866.4960013034,947818.3568678539
A,native_df_ld1,,,1,0.4,0.05,1.012073719992214,0.00013151067176327418,7236,True,1506897.0,864702.0,719982.0,0.0,3091581.0,2096631.0,6939.18009771842,3618.0,3618.0,0.0,10918.41599579091,11420.671727805053
A,native_df_ld1,,,1,0.4,0.02,1.012073719992214,0.00013151067176327418,45732,True,9523689.0,5464974.0,4550334.0,0.0,19538997.0,13250847.0,43856.07852803466,22866.0,22866.0,0.0,69005.1133664331,72179.4029098923
A,native_df_ld1,,,2,0.2,0.05,1.0060512632714298,3.233757208199324e-05,7110,True,2509830.0,1390005.0,1215810.0,0.0,5115645.0,3444795.0,13963.762796201152,3555.0,7110.0,0.0,24297.660601676977,24884.999999999996
A,native_df_ld1,,,2,0.2,0.02,1.0060512632714298,3.233757208199324e-05,44556,True,15728268.0,8710698.0,7619076.0,0.0,32058042.0,21587382.0,87506.24685619389,22278.0,44556.0,0.0,152265.33977050908,155945.99999999997
A,native_df_ld1,,,4,0.1,0.05,1.0030251583054888,8.028201269251996e-06,7057,True,4528829.75,2448779.0,2205312.5,0.0,9182921.25,6127240.25,24941.350374249414,7057.0,8328.62686118529,0.0,37809.55750475476,30695.632342723333
A,native_df_ld1,,,4,0.1,0.02,1.0030251583054888,8.028201269251996e-06,44136,True,28324278.0,15315192.0,13792500.0,0.0,57431970.0,38321082.0,155988.58440100215,44136.0,52089.02864464701,0.0,236469.12711206687,191977.10487153704
A,native_df_ld2,,,1,0.4,0.05,1.0,0.00012859385963057894,7063,True,1617427.0,1045324.0,706300.0,0.0,3369051.0,2302538.0,0.0,0.0,0.0,0.0,0.0,0.0
A,native_df_ld2,,,1,0.4,0.02,1.0,0.00012859385963057894,44629,True,10220041.0,6605092.0,4462900.0,0.0,21288033.0,14549054.0,0.0,0.0,0.0,0.0,0.0,0.0
A,native_df_ld2,,,2,0.2,0.05,1.0,3.1981025649348515e-05,7024,True,2774480.0,1770048.0,1208128.0,0.0,5752656.0,3905344.0,0.0,0.0,0.0,0.0,0.0,0.0
A,native_df_ld2,,,2,0.2,0.02,1.0,3.1981025649348515e-05,44020,True,17387900.0,11093040.0,7571440.0,0.0,36052380.0,24475120.0,0.0,0.0,0.0,0.0,0.0,0.0
A,native_df_ld2,,,4,0.1,0.05,1.0,7.984856200032697e-06,7015,True,5099905.0,3226900.0,2216740.0,0.0,10543545.0,7127240.0,0.0,0.0,0.0,0.0,0.0,0.0
A,native_df_ld2,,,4,0.1,0.02,1.0,7.984856200032697e-06,43870,True,31893490.0,20180200.0,13862920.0,0.0,65936610.0,44571920.0,0.0,0.0,0.0,0.0,0.0,0.0
A,frame_identity,,,1,0.4,0.05,1.0013393856906567,0.00029863003329020477,7151,True,514872.0,582806.5,85812.0,14302.0,1197792.5,983262.5,5405.647892977968,5233.9960662412195,0.0,0.0,8439.56506792348,4482.12645244579
A,frame_identity,,,1,0.4,0.02,1.0013393856906567,0.00029863003329020477,45854,True,3301488.0,3737101.0,550248.0,91708.0,7680545.0,6304925.0,34662.36589073021,33561.691458736525,0.0,0.0,54116.601401840766,28740.51550139131
A,frame_identity,,,2,0.2,0.05,1.0006698703414474,7.424938204960571e-05,7051,True,775610.0,891951.5,141020.0,14102.0,1822683.5,1484235.5,5330.054998376122,5160.80356077008,0.0,0.0,6390.511445550683,5808.292775358842
A,frame_identity,,,2,0.2,0.02,1.0006698703414474,7.424938204960571e-05,44344,True,4877840.0,5609516.0,886880.0,88688.0,11462924.0,9334412.0,33520.913182242344,32456.484626122314,0.0,0.0,40190.16303240668,36528.5682641487
A,frame_identity,,,4,0.1,0.05,1.0003349293326496,1.8536993787598495e-05,7024,True,1348608.0,1534744.0,252864.0,14048.0,3150264.0,2528640.0,10619.289833667248,9100.272900146614,0.0,0.0,12938.004262084407,15928.934750500872
A,frame_identity,,,4,0.1,0.02,1.0003349293326496,1.8536993787598495e-05,43965,True,8441280.0,9606352.5,1582740.0,87930.0,19718302.5,15827400.0,66468.8322234027,56960.919426956985,0.0,0.0,80982.25475263967,99703.24833510406
A,frame_factor_0,,,1,0.4,0.05,1.0004747679554986,0.00014266030932471053,7075,True,891450.0,689812.5,311300.0,14150.0,1906712.5,1342481.25,5348.197293080565,5178.369762083154,0.0,0.0,8349.870347581966,4174.935173790983
A,frame_factor_0,,,1,0.4,0.02,1.0004747679554986,0.00014266030932471053,44761,True,5639886.0,4364197.5,1969484.0,89522.0,12063089.5,8493399.75,33836.135552732034,32761.697373936968,0.0,0.0,52826.64970008712,26413.32485004356
A,frame_factor_0,,,2,0.2,0.05,1.0002374062820512,3.547182535617222e-05,7029,True,1142212.5,1001632.5,344421.0,14058.0,2502324.0,1843355.25,16323.113532437894,7395.973979615047,10289.402419132859,0.0,29583.895918460188,15815.25
A,frame_factor_0,,,2,0.2,0.02,1.0002374062820512,3.547182535617222e-05,44062,True,7160075.0,6278835.0,2159038.0,88124.0,15686072.0,11555259.5,102323.09410531775,46362.41364202564,64500.163521387396,0.0,185449.65456810256,99139.5
A,frame_factor_0,,,4,0.1,0.05,1.0001187024073588,8.855953679200653e-06,7017,True,1694605.5,1648995.0,456105.0,14034.0,3813739.5,2912055.0,13458.326905939788,7017.0,10271.836217819784,0.0,19444.272141356763,7017.0
A,frame_factor_0,,,4,0.1,0.02,1.0001187024073588,8.855953679200653e-06,43886,True,10598469.0,10313210.0,2852590.0,87772.0,23852041.0,18212690.0,84171.60247884759,43886.0,64242.52590212898,0.0,121609.13883363019,43886.0
A,frame_factor_1,,,1,0.4,0.05,1.0024283622182903,0.0003195305577198227,7175,True,1015262.5,703150.0,373100.0,0.0,2091512.5,1454731.25,5251.562267554294,5423.79018768241,0.0,0.0,8467.88971645238,11160.856891946065
A,frame_factor_1,,,1,0.4,0.02,1.0024283622182903,0.0003195305577198227,46093,True,6522159.5,4517114.0,2396836.0,0.0,13436109.5,9345355.75,33736.62154681255,34843.032908828616,0.0,0.0,54398.66769344106,71698.58908996097
A,frame_factor_1,,,2,0.2,0.05,1.0012147644785883,7.947391943417142e-05,7060,True,1281390.0,998990.0,423600.0,0.0,2703980.0,1925615.0,6398.668388255257,5167.390886262482,0.0,0.0,8850.178367855482,13590.008803739394
A,frame_factor_1,,,2,0.2,0.02,1.0012147644785883,7.947391943417142e-05,44425,True,8063137.5,6286137.5,2665500.0,0.0,17014775.0,12116918.75,40263.57551674785,32515.770555553936,0.0,0.0,55689.68470141357,85515.03415100886
A,frame_factor_1,,,4,0.1,0.05,1.0006073630531804,1.984308591573022e-05,7028,True,1820252.0,1634010.0,527100.0,0.0,3981362.0,2920134.0,12739.331850611317,12388.318529970078,7028.0,0.0,26262.80540993288,29189.47625429411
A,frame_factor_1,,,4,0.1,0.02,1.0006073630531804,1.984308591573022e-05,43997,True,11395223.0,10229302.5,3299775.0,0.0,24924300.5,18280753.5,79751.33514959393,77553.90585701387,43997.0,0.0,164411.58930290508,182733.26504840323
C,ordinary_first,old_two,0.1,1,0.2,0.05,1.0,0.007182950573905219,11043,True,342333.0,265032.0,88344.0,0.0,695709.0,496935.0,0.0,0.0,0.0,0.0,0.0,0.0
C,ordinary_first,old_two,0.1,1,0.2,0.02,1.0,0.007182950573905219,180963,True,5609853.0,4343112.0,1447704.0,0.0,11400669.0,8143335.0,0.0,0.0,0.0,0.0,0.0,0.0
C,ordinary_first,old_two,0.1,2,0.1,0.05,1.0,0.0035840591954325244,8683,True,512297.0,416784.0,138928.0,0.0,1068009.0,755421.0,0.0,0.0,0.0,0.0,0.0,0.0
C,ordinary_first,old_two,0.1,2,0.1,0.02,1.0,0.0035840591954325244,78621,True,4638639.0,3773808.0,1257936.0,0.0,9670383.0,6840027.0,0.0,0.0,0.0,0.0,0.0,0.0
C,ordinary_first,old_two,0.1,4,0.05,0.05,1.0,0.0017911089288056739,7780,True,894700.0,746880.0,248960.0,0.0,1890540.0,1330380.0,0.0,0.0,0.0,0.0,0.0,0.0
C,ordinary_first,old_two,0.1,4,0.05,0.02,1.0,0.0017911089288056739,57452,True,6606980.0,5515392.0,1838464.0,0.0,13960836.0,9824292.0,0.0,0.0,0.0,0.0,0.0,0.0
C,ordinary_first,old_two,0.1,8,0.025,0.05,1.0,0.0008954396064910824,7381,True,1675487.0,1417152.0,472384.0,0.0,3565023.0,2502159.0,0.0,0.0,0.0,0.0,0.0,0.0
C,ordinary_first,old_two,0.1,8,0.025,0.02,1.0,0.0008954396064910824,49945,True,11337515.0,9589440.0,3196480.0,0.0,24123435.0,16931355.0,0.0,0.0,0.0,0.0,0.0,0.0
C,symmetric_s2,old_two,0.1,1,0.2,0.05,1.0,0.0002856596651231566,7126,True,363426.0,285040.0,114016.0,0.0,762482.0,534450.0,0.0,0.0,0.0,0.0,0.0,0.0
C,symmetric_s2,old_two,0.1,1,0.2,0.02,1.0,0.0002856596651231566,45646,True,2327946.0,1825840.0,730336.0,0.0,4884122.0,3423450.0,0.0,0.0,0.0,0.0,0.0,0.0
C,symmetric_s2,old_two,0.1,2,0.1,0.05,1.0,7.105351414454184e-05,7040,True,556160.0,450560.0,168960.0,0.0,1175680.0,823680.0,0.0,0.0,0.0,0.0,0.0,0.0
C,symmetric_s2,old_two,0.1,2,0.1,0.02,1.0,7.105351414454184e-05,44264,True,3496856.0,2832896.0,1062336.0,0.0,7392088.0,5178888.0,0.0,0.0,0.0,0.0,0.0,0.0
C,symmetric_s2,old_two,0.1,4,0.05,0.05,1.0,1.774094090618182e-05,7019,True,947565.0,786128.0,280760.0,0.0,2014453.0,1410819.0,0.0,0.0,0.0,0.0,0.0,0.0
C,symmetric_s2,old_two,0.1,4,0.05,0.02,1.0,1.774094090618182e-05,43931,True,5930685.0,4920272.0,1757240.0,0.0,12608197.0,8830131.0,0.0,0.0,0.0,0.0,0.0,0.0
C,symmetric_s2,old_two,0.1,8,0.025,0.05,1.0,4.433835201002384e-06,7014,True,1732458.0,1458912.0,505008.0,0.0,3696378.0,2588166.0,0.0,0.0,0.0,0.0,0.0,0.0
C,symmetric_s2,old_two,0.1,8,0.025,0.02,1.0,4.433835201002384e-06,43848,True,10830456.0,9120384.0,3157056.0,0.0,23107896.0,16179912.0,0.0,0.0,0.0,0.0,0.0,0.0
C,thrift,old_two,0.1,1,0.2,0.05,1.0,1.593884467790439e-05,7018,True,1024628.0,729872.0,491260.0,56144.0,2301904.0,1810644.0,0.0,0.0,0.0,0.0,0.0,0.0
C,thrift,old_two,0.1,1,0.2,0.02,1.0,1.593884467790439e-05,43920,True,6412320.0,4567680.0,3074400.0,351360.0,14405760.0,11331360.0,0.0,0.0,0.0,0.0,0.0,0.0
C,thrift,old_two,0.1,2,0.1,0.05,1.0,3.994400053958098e-06,7013,True,2005718.0,1458704.0,939742.0,112208.0,4516372.0,3590656.0,0.0,0.0,0.0,0.0,0.0,0.0
C,thrift,old_two,0.1,2,0.1,0.02,1.0,3.994400053958098e-06,43846,True,12539956.0,9119968.0,5875364.0,701536.0,28236824.0,22449152.0,0.0,0.0,0.0,0.0,0.0,0.0
C,thrift,old_two,0.1,4,0.05,0.05,1.0,9.992063600760577e-07,7012,True,3968792.0,2916992.0,1837144.0,224384.0,8947312.0,7152240.0,0.0,0.0,0.0,0.0,0.0,0.0
C,thrift,old_two,0.1,4,0.05,0.02,1.0,9.992063600760577e-07,43827,True,24806082.0,18232032.0,11482674.0,1402464.0,55923252.0,44703540.0,0.0,0.0,0.0,0.0,0.0,0.0
C,thrift,old_two,0.1,8,0.025,0.05,1.0,2.498394990688408e-07,7012,True,7895512.0,5833984.0,3632216.0,448768.0,17810480.0,14276432.0,0.0,0.0,0.0,0.0,0.0,0.0
C,thrift,old_two,0.1,8,0.025,0.02,1.0,2.498394990688408e-07,43822,True,49343572.0,36459904.0,22699796.0,2804608.0,111307880.0,89221592.0,0.0,0.0,0.0,0.0,0.0,0.0
C,ordinary_first,old_two,0.2,1,0.2,0.05,1.0,0.014363357346761413,19889,True,616559.0,477336.0,159112.0,0.0,1253007.0,895005.0,0.0,0.0,0.0,0.0,0.0,0.0
C,ordinary_first,old_two,0.2,1,0.2,0.02,1.0,0.014363357346761413,,False,,,,,,,,,,,,
C,ordinary_first,old_two,0.2,2,0.1,0.05,1.0,0.007166365025884606,11030,True,650770.0,529440.0,176480.0,0.0,1356690.0,959610.0,0.0,0.0,0.0,0.0,0.0,0.0
C,ordinary_first,old_two,0.2,2,0.1,0.02,1.0,0.007166365025884606,180103,True,10626077.0,8644944.0,2881648.0,0.0,22152669.0,15668961.0,0.0,0.0,0.0,0.0,0.0,0.0
C,ordinary_first,old_two,0.2,4,0.05,0.05,1.0,0.003581282615242624,8681,True,998315.0,833376.0,277792.0,0.0,2109483.0,1484451.0,0.0,0.0,0.0,0.0,0.0,0.0
C,ordinary_first,old_two,0.2,4,0.05,0.02,1.0,0.003581282615242624,78580,True,9036700.0,7543680.0,2514560.0,0.0,19094940.0,13437180.0,0.0,0.0,0.0,0.0,0.0,0.0
C,ordinary_first,old_two,0.2,8,0.025,0.05,1.0,0.0017904043739973936,7780,True,1766060.0,1493760.0,497920.0,0.0,3757740.0,2637420.0,0.0,0.0,0.0,0.0,0.0,0.0
C,ordinary_first,old_two,0.2,8,0.025,0.02,1.0,0.0017904043739973936,57445,True,13040015.0,11029440.0,3676480.0,0.0,27745935.0,19473855.0,0.0,0.0,0.0,0.0,0.0,0.0
C,symmetric_s2,old_two,0.2,1,0.2,0.05,1.0,0.000626929268584592,7267,True,370617.0,290680.0,116272.0,0.0,777569.0,545025.0,0.0,0.0,0.0,0.0,0.0,0.0
C,symmetric_s2,old_two,0.2,1,0.2,0.02,1.0,0.000626929268584592,47980,True,2446980.0,1919200.0,767680.0,0.0,5133860.0,3598500.0,0.0,0.0,0.0,0.0,0.0,0.0
C,symmetric_s2,old_two,0.2,2,0.1,0.05,1.0,0.0001559370126452289,7074,True,558846.0,452736.0,169776.0,0.0,1181358.0,827658.0,0.0,0.0,0.0,0.0,0.0,0.0
C,symmetric_s2,old_two,0.2,2,0.1,0.02,1.0,0.0001559370126452289,44803,True,3539437.0,2867392.0,1075272.0,0.0,7482101.0,5241951.0,0.0,0.0,0.0,0.0,0.0,0.0
C,symmetric_s2,old_two,0.2,4,0.05,0.05,1.0,3.89348995926893e-05,7027,True,948645.0,787024.0,281080.0,0.0,2016749.0,1412427.0,0.0,0.0,0.0,0.0,0.0,0.0
C,symmetric_s2,old_two,0.2,4,0.05,0.02,1.0,3.89348995926893e-05,44063,True,5948505.0,4935056.0,1762520.0,0.0,12646081.0,8856663.0,0.0,0.0,0.0,0.0,0.0,0.0
C,symmetric_s2,old_two,0.2,8,0.025,0.05,1.0,9.730645767106548e-06,7016,True,1732952.0,1459328.0,505152.0,0.0,3697432.0,2588904.0,0.0,0.0,0.0,0.0,0.0,0.0
C,symmetric_s2,old_two,0.2,8,0.025,0.02,1.0,9.730645767106548e-06,43881,True,10838607.0,9127248.0,3159432.0,0.0,23125287.0,16192089.0,0.0,0.0,0.0,0.0,0.0,0.0
C,thrift,old_two,0.2,1,0.2,0.05,1.0,6.374795333498117e-05,7037,True,1027402.0,731848.0,492590.0,56296.0,2308136.0,1815546.0,0.0,0.0,0.0,0.0,0.0,0.0
C,thrift,old_two,0.2,1,0.2,0.02,1.0,6.374795333498117e-05,44219,True,6455974.0,4598776.0,3095330.0,353752.0,14503832.0,11408502.0,0.0,0.0,0.0,0.0,0.0,0.0
C,thrift,old_two,0.2,2,0.1,0.05,1.0,1.597742175039802e-05,7018,True,2007148.0,1459744.0,940412.0,112288.0,4519592.0,3593216.0,0.0,0.0,0.0,0.0,0.0,0.0
C,thrift,old_two,0.2,2,0.1,0.02,1.0,1.597742175039802e-05,43920,True,12561120.0,9135360.0,5885280.0,702720.0,28284480.0,22487040.0,0.0,0.0,0.0,0.0,0.0,0.0
C,thrift,old_two,0.2,4,0.05,0.05,1.0,3.9968859902969715e-06,7013,True,3969358.0,2917408.0,1837406.0,224416.0,8948588.0,7153260.0,0.0,0.0,0.0,0.0,0.0,0.0
C,thrift,old_two,0.2,4,0.05,0.02,1.0,3.9968859902969715e-06,43846,True,24816836.0,18239936.0,11487652.0,1403072.0,55947496.0,44722920.0,0.0,0.0,0.0,0.0,0.0,0.0
C,thrift,old_two,0.2,8,0.025,0.05,1.0,9.993797110718143e-07,7012,True,7895512.0,5833984.0,3632216.0,448768.0,17810480.0,14276432.0,0.0,0.0,0.0,0.0,0.0,0.0
C,thrift,old_two,0.2,8,0.025,0.02,1.0,9.993797110718143e-07,43827,True,49349202.0,36464064.0,22702386.0,2804928.0,111320580.0,89231772.0,0.0,0.0,0.0,0.0,0.0,0.0
C,ordinary_first,chain_three,0.1,1,0.4,0.05,1.0,0.032163343697403354,860163,True,38707335.0,34406520.0,8601630.0,0.0,81715485.0,57630921.0,0.0,0.0,0.0,0.0,0.0,0.0
C,ordinary_first,chain_three,0.1,1,0.4,0.02,1.0,0.032163343697403354,,False,,,,,,,,,,,,
C,ordinary_first,chain_three,0.1,2,0.2,0.05,1.0,0.01599694035654897,23387,True,2081443.0,1870960.0,514514.0,0.0,4466917.0,2923375.0,0.0,0.0,0.0,0.0,0.0,0.0
C,ordinary_first,chain_three,0.1,2,0.2,0.02,1.0,0.01599694035654897,,False,,,,,,,,,,,,
C,ordinary_first,chain_three,0.1,4,0.1,0.05,1.0,0.007988069300024447,11702,True,2071254.0,1872320.0,538292.0,0.0,4481866.0,2820182.0,0.0,0.0,0.0,0.0,0.0,0.0
C,ordinary_first,chain_three,0.1,4,0.1,0.02,1.0,0.007988069300024447,231410,True,40959570.0,37025600.0,10644860.0,0.0,88630030.0,55769810.0,0.0,0.0,0.0,0.0,0.0,0.0
C,ordinary_first,chain_three,0.1,8,0.05,0.05,1.0,0.003992741467372962,8911,True,3145583.0,2851520.0,837634.0,0.0,6834737.0,4214903.0,0.0,0.0,0.0,0.0,0.0,0.0
C,ordinary_first,chain_three,0.1,8,0.05,0.02,1.0,0.003992741467372962,85080,True,30033240.0,27225600.0,7997520.0,0.0,65256360.0,40242840.0,0.0,0.0,0.0,0.0,0.0,0.0
C,symmetric_s2,chain_three,0.1,1,0.4,0.05,1.0,0.00206102131744873,7907,True,608839.0,537676.0,173954.0,0.0,1320469.0,846049.0,0.0,0.0,0.0,0.0,0.0,0.0
C,symmetric_s2,chain_three,0.1,1,0.4,0.02,1.0,0.00206102131744873,60047,True,4623619.0,4083196.0,1321034.0,0.0,10027849.0,6425029.0,0.0,0.0,0.0,0.0,0.0,0.0
C,symmetric_s2,chain_three,0.1,2,0.2,0.05,1.0,0.0005083503181386022,7218,True,873378.0,779544.0,245412.0,0.0,1898334.0,1190970.0,0.0,0.0,0.0,0.0,0.0,0.0
C,symmetric_s2,chain_three,0.1,2,0.2,0.02,1.0,0.0005083503181386022,47149,True,5705029.0,5092092.0,1603066.0,0.0,12400187.0,7779585.0,0.0,0.0,0.0,0.0,0.0,0.0
C,symmetric_s2,chain_three,0.1,4,0.1,0.05,1.0,0.00012666429298093838,7062,True,1475958.0,1327656.0,409596.0,0.0,3213210.0,1984422.0,0.0,0.0,0.0,0.0,0.0,0.0
C,symmetric_s2,chain_three,0.1,4,0.1,0.02,1.0,0.00012666429298093838,44616,True,9324744.0,8387808.0,2587728.0,0.0,20300280.0,12537096.0,0.0,0.0,0.0,0.0,0.0,0.0
C,symmetric_s2,chain_three,0.1,8,0.05,0.05,1.0,3.1639744060947e-05,7024,True,2704240.0,2444352.0,744544.0,0.0,5893136.0,3603312.0,0.0,0.0,0.0,0.0,0.0,0.0
C,symmetric_s2,chain_three,0.1,8,0.05,0.02,1.0,3.1639744060947e-05,44018,True,16946930.0,15318264.0,4665908.0,0.0,36931102.0,22581234.0,0.0,0.0,0.0,0.0,0.0,0.0
C,thrift,chain_three,0.1,1,0.4,0.05,1.0,0.0001465681881777544,7070,True,5090400.0,4072320.0,1145340.0,141400.0,10449460.0,7663880.0,0.0,0.0,0.0,0.0,0.0,0.0
C,thrift,chain_three,0.1,1,0.4,0.02,1.0,0.0001465681881777544,44743,True,32214960.0,25771968.0,7248366.0,894860.0,66130154.0,48501412.0,0.0,0.0,0.0,0.0,0.0,0.0
C,thrift,chain_three,0.1,2,0.2,0.05,1.0,3.663570666689608e-05,7026,True,10061232.0,8093952.0,2220216.0,281040.0,20656440.0,15204264.0,0.0,0.0,0.0,0.0,0.0,0.0
C,thrift,chain_three,0.1,2,0.2,0.02,1.0,3.663570666689608e-05,44049,True,63078168.0,50744448.0,13919484.0,1761960.0,129504060.0,95322036.0,0.0,0.0,0.0,0.0,0.0,0.0
C,thrift,chain_three,0.1,4,0.1,0.05,1.0,9.159328074764626e-06,7015,True,20034840.0,16162560.0,4377360.0,561200.0,41135960.0,30332860.0,0.0,0.0,0.0,0.0,0.0,0.0
C,thrift,chain_three,0.1,4,0.1,0.02,1.0,9.159328074764626e-06,43878,True,125315568.0,101094912.0,27379872.0,3510240.0,257300592.0,189728472.0,0.0,0.0,0.0,0.0,0.0,0.0
C,thrift,chain_three,0.1,8,0.05,0.05,1.0,2.2898689853067144e-06,7013,True,40002152.0,32315904.0,8696120.0,1122080.0,82136256.0,60620372.0,0.0,0.0,0.0,0.0,0.0,0.0
C,thrift,chain_three,0.1,8,0.05,0.02,1.0,2.2898689853067144e-06,43835,True,250034840.0,201991680.0,54355400.0,7013600.0,513395520.0,378909740.0,0.0,0.0,0.0,0.0,0.0,0.0
C,ordinary_first,chain_three,0.2,1,0.4,0.05,1.0,0.06427496591510765,,False,,,,,,,,,,,,
C,ordinary_first,chain_three,0.2,1,0.4,0.02,1.0,0.06427496591510765,,False,,,,,,,,,,,,
C,ordinary_first,chain_three,0.2,2,0.2,0.05,1.0,0.03196129737218509,760801,True,67711289.0,60864080.0,16737622.0,0.0,145312991.0,95100125.0,0.0,0.0,0.0,0.0,0.0,0.0
C,ordinary_first,chain_three,0.2,2,0.2,0.02,1.0,0.03196129737218509,,False,,,,,,,,,,,,
C,ordinary_first,chain_three,0.2,4,0.1,0.05,1.0,0.015959036851631712,23296,True,4123392.0,3727360.0,1071616.0,0.0,8922368.0,5614336.0,0.0,0.0,0.0,0.0,0.0,0.0
C,ordinary_first,chain_three,0.2,4,0.1,0.02,1.0,0.015959036851631712,,False,,,,,,,,,,,,
C,ordinary_first,chain_three,0.2,8,0.05,0.05,1.0,0.007976833404739826,11692,True,4127276.0,3741440.0,1099048.0,0.0,8967764.0,5530316.0,0.0,0.0,0.0,0.0,0.0,0.0
C,ordinary_first,chain_three,0.2,8,0.05,0.02,1.0,0.007976833404739826,230567,True,81390151.0,73781440.0,21673298.0,0.0,176844889.0,109058191.0,0.0,0.0,0.0,0.0,0.0,0.0
C,symmetric_s2,chain_three,0.2,1,0.4,0.05,1.0,0.004700989593612851,9327,True,718179.0,634236.0,205194.0,0.0,1557609.0,997989.0,0.0,0.0,0.0,0.0,0.0,0.0
C,symmetric_s2,chain_three,0.2,1,0.4,0.02,1.0,0.004700989593612851,98324,True,7570948.0,6686032.0,2163128.0,0.0,16420108.0,10520668.0,0.0,0.0,0.0,0.0,0.0,0.0
C,symmetric_s2,chain_three,0.2,2,0.2,0.05,1.0,0.001159341487757869,7495,True,906895.0,809460.0,254830.0,0.0,1971185.0,1236675.0,0.0,0.0,0.0,0.0,0.0,0.0
C,symmetric_s2,chain_three,0.2,2,0.2,0.02,1.0,0.001159341487757869,51996,True,6291516.0,5615568.0,1767864.0,0.0,13674948.0,8579340.0,0.0,0.0,0.0,0.0,0.0,0.0
C,symmetric_s2,chain_three,0.2,4,0.1,0.05,1.0,0.0002888624693202923,7128,True,1489752.0,1340064.0,413424.0,0.0,3243240.0,2002968.0,0.0,0.0,0.0,0.0,0.0,0.0
C,symmetric_s2,chain_three,0.2,4,0.1,0.02,1.0,0.0002888624693202923,45667,True,9544403.0,8585396.0,2648686.0,0.0,20778485.0,12832427.0,0.0,0.0,0.0,0.0,0.0,0.0
C,symmetric_s2,chain_three,0.2,8,0.05,0.05,1.0,7.215513217904454e-05,7040,True,2710400.0,2449920.0,746240.0,0.0,5906560.0,3611520.0,0.0,0.0,0.0,0.0,0.0,0.0
C,symmetric_s2,chain_three,0.2,8,0.05,0.02,1.0,7.215513217904454e-05,44271,True,17044335.0,15406308.0,4692726.0,0.0,37143369.0,22711023.0,0.0,0.0,0.0,0.0,0.0,0.0
C,thrift,chain_three,0.2,1,0.4,0.05,1.0,0.0005855273658205092,7250,True,5220000.0,4176000.0,1174500.0,145000.0,10715500.0,7859000.0,0.0,0.0,0.0,0.0,0.0,0.0
C,thrift,chain_three,0.2,1,0.4,0.02,1.0,0.0005855273658205092,47688,True,34335360.0,27468288.0,7725456.0,953760.0,70482864.0,51693792.0,0.0,0.0,0.0,0.0,0.0,0.0
C,thrift,chain_three,0.2,2,0.2,0.05,1.0,0.00014634802283005474,7070,True,10124240.0,8144640.0,2234120.0,282800.0,20785800.0,15299480.0,0.0,0.0,0.0,0.0,0.0,0.0
C,thrift,chain_three,0.2,2,0.2,0.02,1.0,0.00014634802283005474,44742,True,64070544.0,51542784.0,14138472.0,1789680.0,131541480.0,96821688.0,0.0,0.0,0.0,0.0,0.0,0.0
C,thrift,chain_three,0.2,4,0.1,0.05,1.0,3.6588451244645615e-05,7026,True,20066256.0,16187904.0,4384224.0,562080.0,41200464.0,30380424.0,0.0,0.0,0.0,0.0,0.0,0.0
C,thrift,chain_three,0.2,4,0.1,0.02,1.0,3.6588451244645615e-05,44048,True,125801088.0,101486592.0,27485952.0,3523840.0,258297472.0,190463552.0,0.0,0.0,0.0,0.0,0.0,0.0
C,thrift,chain_three,0.2,8,0.05,0.05,1.0,9.147255818286492e-06,7015,True,40013560.0,32325120.0,8698600.0,1122400.0,82159680.0,60637660.0,0.0,0.0,0.0,0.0,0.0,0.0
C,thrift,chain_three,0.2,8,0.05,0.02,1.0,9.147255818286492e-06,43878,True,250280112.0,202189824.0,54408720.0,7020480.0,513899136.0,379281432.0,0.0,0.0,0.0,0.0,0.0,0.0
B,enlarged_generator_reflection,,,1,0.2,0.05,1.0369258170771447,1.2026900517943942e-05,7544,True,711022.0,226320.0,463956.0,15088.0,1416386.0,605406.0,18792.522145029616,8064.875235949317,15020.491831399626,0.0,40669.437419270995,27414.274394399505
B,enlarged_generator_reflection,,,1,0.2,0.02,1.0369258170771447,1.2026900517943942e-05,47197,True,4448317.25,1415910.0,2902615.5,94394.0,8861236.75,3787559.25,117570.34301152742,50455.715338162765,93971.65336248252,0.0,254437.3592096147,171510.0090923215
B,direct_projected_pauli_rte,,,1,0.2,0.05,1.0435297843238909,1.641258542953474e-05,7643,True,145217.0,57322.5,57322.5,21018.25,280880.25,160503.0,26944.769073580337,9020.220362765931,13472.384536790169,4951.123702720713,43229.304892527136,11555.129868838094
B,direct_projected_pauli_rte,,,1,0.2,0.02,1.0435297843238909,1.641258542953474e-05,47830,True,908770.0,358725.0,358725.0,131532.5,1757752.5,1004430.0,168620.73855676403,56448.66413072019,84310.36927838202,30984.200798263988,270529.5895603262,72312.16297612534
