arm,implementation,events,N_per_axis,acceptance_display,m2_upper_display,T_intercept_display,CX_native_display,1Q_native_event_display,1Q_outer_prep_readout_display,K_T_prep_readout_display,workspace_beyond_3_system,accepted_call_cap,hard_attempt_cap,worst_event_T,accepted_tail_T_upper,hard_attempt_T_upper,mean_matrix_residual_diagnostic,max_realized_error_diagnostic,physical_quantum_shots
ordinary,direct_primary,273,1246046,1.000000000000,2.256283542707,348759216.422706306,20586846.720997229,936780408.515996218,6230230.000000000,2492092.000000000,1,2492092,2492092,184,458544928,458544928,1.8108404654557683e-15,2.390065380954669e-07,0
partial_return_tail,direct_primary,264,949142,1.000000000000,1.718110907872,258865913.424865335,15975424.661161289,687586866.472472429,4745710.000000000,1898284.000000000,1,1898284,1898284,184,349284256,349284256,1.5938489025691271e-15,2.390065380954669e-07,0
closed_P3_tail,direct_primary,258,933915,1.000000000000,1.690512969593,267617674.367962927,16067266.079077829,690443391.963994265,4669575.000000000,1867830.000000000,1,1867830,1867830,184,343680720,343680720,2.0318957820127976e-15,2.390065380954669e-07,0
full_return,direct_primary,63,1076085,0.857766137921,1.947847992243,257506695.137339354,15748232.374372307,651137310.929711699,4615146.372626208,1846058.549050483,1,1864070,2152170,160,298251200,344347200,4.774773617336257e-16,1.9927236868860647e-07,0
closed_P5_full,direct_primary,63,917129,1.000000000000,1.660089378216,255860636.626162171,15647565.042511262,646975049.781397820,4585645.000000000,1834258.000000000,1,1834258,1834258,160,293481280,293481280,4.774773617336257e-16,1.9927236868860647e-07,0
matched_CTS,direct_primary,24,1596220,1.000000000000,2.891104970196,364311583.986430824,9766516.586824298,910648058.323652029,7981100.000000000,3192440.000000000,1,3192440,3192440,136,434171840,434171840,1.5205097738037996e-16,1.523543765365816e-07,0
ordinary,generic_helper_diagnostic,273,1246046,1.000000000000,2.256283542707,355525243.613070846,39103085.101726294,980165151.198472381,6230230.000000000,2492092.000000000,2,2492092,2492092,188,468513296,468513296,1.8108404654557683e-15,2.3900653806441305e-07,0
partial_return_tail,generic_helper_diagnostic,264,949142,1.000000000000,1.718110907872,264051616.706834406,30143399.225099433,720747343.457702875,4745710.000000000,1898284.000000000,2,1898284,1898284,188,356877392,356877392,1.5938489025691271e-15,2.3900653806441305e-07,0
closed_P3_tail,generic_helper_diagnostic,258,933915,1.000000000000,1.690512969593,272436107.956624627,29439793.256401259,722157224.171281576,4669575.000000000,1867830.000000000,2,1867830,1867830,188,351152040,351152040,2.0318957820127976e-15,2.3900653806441305e-07,0
full_return,generic_helper_diagnostic,63,1076085,0.857766137921,1.947847992243,262257272.596375883,28941504.390546311,682438782.961784720,4615146.372626208,1846058.549050483,2,1864070,2152170,164,305707480,352955880,4.774773617336257e-16,1.992723685420032e-07,0
closed_P5_full,generic_helper_diagnostic,63,917129,1.000000000000,1.660089378216,260580846.997246742,28756501.784680381,678076433.600528240,4585645.000000000,1834258.000000000,2,1834258,1834258,164,300818312,300818312,4.774773617336257e-16,1.992723685420032e-07,0
