context,x,sigma,controlled,epsilon,arm,evidence_role,ideal_B_squared_lo_display,ideal_B_squared_hi_display,implemented_second_moment_display,E_T_display,E_CX_display,E_1Q_display,workspace_qubits_beyond_2_system,description_entries,expected_index_draws_display,enumerated_evaluator_events,CTS_collection_word_labels,CTS_collection_Pauli_multiplications,acquisition_wall_seconds_diagnostic,coefficient_bias_upper_display,coherent_measurement_bias_upper_display,finite_confidence_status,sufficient_shots_per_axis,G_T_display,G_CX_display,G_1Q_with_Hadamard_preparation_readout_display
pauli_commuting,1/8,-1,False,1e-3,ordinary,control_or_diagnostic,1.03144640128,1.03144640128,1.03144640128,38,0,97.0442701718,0,2,1.01539832063,10,0,0,7.036002352833748e-05,7.25529105794e-102,0.000236347625931,ORDINARY_DIAGNOSTIC_NO_COHERENT_TASK,,,,
pauli_commuting,1/8,-1,False,1e-3,PTSC_K0,control_or_diagnostic,1.03209393276,1.03209393276,1.03209393276,37.6956013084,0,96.229070261,0,3,1.00833091156,14,0,0,6.965966895222664e-05,7.14541525586e-102,0.000235024210522,ORDINARY_DIAGNOSTIC_NO_COHERENT_TASK,,,,
pauli_commuting,1/8,-1,False,1e-3,A,control_or_diagnostic,1.03139252133,1.03139252133,1.03139252133,38,0,99.9491140642,0,3,1.01034934058,14,0,0,0.0001044049859046936,1.43710572879e-101,0.000293548457034,ORDINARY_DIAGNOSTIC_NO_COHERENT_TASK,,,,
pauli_commuting,1/8,-1,False,1e-3,CTS_collected,control_or_diagnostic,1.03135072801,1.03135072801,1.03135072801,37.7076719852,0,94.274949595,0,,,4,14,34,0.00016104523092508316,1.4287342391e-101,0.000189262840401,ORDINARY_DIAGNOSTIC_NO_COHERENT_TASK,,,,
pauli_commuting,1/8,-1,False,1e-4,ordinary,control_or_diagnostic,1.03144640128,1.03144640128,1.03144640128,51.9692033587,0,129.944181088,0,2,1.01539832063,10,0,0,5.9519894421100616e-05,7.25529105794e-102,1.93890761818e-05,ORDINARY_DIAGNOSTIC_NO_COHERENT_TASK,,,,
pauli_commuting,1/8,-1,False,1e-4,PTSC_K0,control_or_diagnostic,1.03209393276,1.03209393276,1.03209393276,51.583454422,0,128.964724029,0,3,1.00833091156,14,0,0,6.972020491957664e-05,7.14541525586e-102,1.91206069446e-05,ORDINARY_DIAGNOSTIC_NO_COHERENT_TASK,,,,
pauli_commuting,1/8,-1,False,1e-4,A,control_or_diagnostic,1.03139252133,1.03139252133,1.03139252133,48,0,118.036741166,0,3,1.01034934058,14,0,0,9.465077891945839e-05,1.43710572879e-101,2.40003134012e-05,ORDINARY_DIAGNOSTIC_NO_COHERENT_TASK,,,,
pauli_commuting,1/8,-1,False,1e-4,CTS_collected,control_or_diagnostic,1.03135072801,1.03135072801,1.03135072801,51.5999721903,0,136.944157368,0,,,4,14,34,0.0001512649469077587,1.4287342391e-101,3.01170351836e-05,ORDINARY_DIAGNOSTIC_NO_COHERENT_TASK,,,,
pauli_commuting,1/8,-1,False,1e-6,ordinary,control_or_diagnostic,1.03144640128,1.03144640128,1.03144640128,71.9846016794,0,187.944181088,0,2,1.01539832063,10,0,0,5.955807864665985e-05,7.25529105794e-102,1.2367986472e-07,ORDINARY_DIAGNOSTIC_NO_COHERENT_TASK,,,,
pauli_commuting,1/8,-1,False,1e-6,PTSC_K0,control_or_diagnostic,1.03209393276,1.03209393276,1.03209393276,71.4232445843,0,186.500115499,0,3,1.00833091156,14,0,0,7.242104038596153e-05,7.14541525586e-102,1.23021618112e-07,ORDINARY_DIAGNOSTIC_NO_COHERENT_TASK,,,,
pauli_commuting,1/8,-1,False,1e-6,A,control_or_diagnostic,1.03139252133,1.03139252133,1.03139252133,68,0,175.990350347,0,3,1.01034934058,14,0,0,9.413482621312141e-05,1.43710572879e-101,2.3904383975e-07,ORDINARY_DIAGNOSTIC_NO_COHERENT_TASK,,,,
pauli_commuting,1/8,-1,False,1e-6,CTS_collected,control_or_diagnostic,1.03135072801,1.03135072801,1.03135072801,65.4922723954,0,165.721064935,0,,,4,14,34,0.0001498148776590824,1.4287342391e-101,2.93483899822e-07,ORDINARY_DIAGNOSTIC_NO_COHERENT_TASK,,,,
pauli_commuting,1/8,-1,True,1e-3,ordinary,control_or_diagnostic,1.03144640128,1.03144640128,1.03144640128,72.0615932825,2.00577437024,186.173231107,1,2,1.01539832063,10,0,0,5.7938043028116226e-05,7.25529105794e-102,0.000637345626596,ELIGIBLE_COMMON_FINITE_CONFIDENCE_TASK,1007058,145140408.016,4039862.25148,380009773.544
pauli_commuting,1/8,-1,True,1e-3,PTSC_K0,control_or_diagnostic,1.03209393276,1.03209393276,1.03209393276,71.4232445843,1.99006699006,184.530234949,1,3,1.00833091156,14,0,0,7.207971066236496e-05,7.14541525586e-102,0.000635533251385,ELIGIBLE_COMMON_FINITE_CONFIDENCE_TASK,1006854,143825559.005,4007413.81842,376624280.359
pauli_commuting,1/8,-1,True,1e-3,A,control_or_diagnostic,1.03139252133,1.03139252133,1.03139252133,80,2.00581395349,200.019379845,1,3,1.01034934058,14,0,0,9.531434625387192e-05,1.43710572879e-101,0.000591594857763,ELIGIBLE_COMMON_FINITE_CONFIDENCE_TASK,986242,157798720,3956435.93023,399466236.434
pauli_commuting,1/8,-1,True,1e-3,CTS_collected,control_or_diagnostic,1.03135072801,1.03135072801,1.03135072801,75.4153439705,1.99038394688,181.61144193,1,,,4,14,34,0.00015115085989236832,1.4287342391e-101,0.000516327894851,ELIGIBLE_COMMON_FINITE_CONFIDENCE_TASK,953417,143804542.005,3795331.78297,351069957.261
pauli_commuting,1/8,-1,True,1e-4,ordinary,control_or_diagnostic,1.03144640128,1.03144640128,1.03144640128,103.907610076,2.00577437024,271.726679809,1,2,1.01539832063,10,0,0,5.815364420413971e-05,7.25529105794e-102,6.11326640974e-05,ELIGIBLE_COMMON_FINITE_CONFIDENCE_TASK,786077,163358764.812,3153386.19926,431126571.568
pauli_commuting,1/8,-1,True,1e-4,PTSC_K0,control_or_diagnostic,1.03209393276,1.03209393276,1.03209393276,103.166908844,1.99006699006,269.841332647,1,3,1.00833091156,14,0,0,6.984593346714973e-05,7.14541525586e-102,6.08599742063e-05,ELIGIBLE_COMMON_FINITE_CONFIDENCE_TASK,786483,162278039.937,3130307.71309,428383656.648
pauli_commuting,1/8,-1,True,1e-4,A,control_or_diagnostic,1.03139252133,1.03139252133,1.03139252133,92,2.00581395349,236.019379845,1,3,1.01034934058,14,0,0,9.67932865023613e-05,1.43710572879e-101,6.4284922066e-05,ELIGIBLE_COMMON_FINITE_CONFIDENCE_TASK,787039,144815176,3157307.61628,375448108.388
pauli_commuting,1/8,-1,True,1e-4,CTS_collected,control_or_diagnostic,1.03135072801,1.03135072801,1.03135072801,95.2614871206,1.99038394688,236.188335593,1,,,4,14,34,0.00014787819236516953,1.4287342391e-101,1.61964721581e-05,ELIGIBLE_COMMON_FINITE_CONFIDENCE_TASK,771917,147067922.707,3072822.41025,368495167.891
pauli_commuting,1/8,-1,True,1e-6,ordinary,control_or_diagnostic,1.03144640128,1.03144640128,1.03144640128,136,2.00577437024,351.980752099,1,2,1.01539832063,10,0,0,5.766889080405235e-05,7.25529105794e-102,2.78502622891e-07,ELIGIBLE_COMMON_FINITE_CONFIDENCE_TASK,767089,208648208,3077214.91178,543836571.294
pauli_commuting,1/8,-1,True,1e-6,PTSC_K0,control_or_diagnostic,1.03209393276,1.03209393276,1.03209393276,134.910573104,1.99006699006,349.200493296,1,3,1.00833091156,14,0,0,7.0174690335989e-05,7.14541525586e-102,2.75357819041e-07,ELIGIBLE_COMMON_FINITE_CONFIDENCE_TASK,767569,207106347.373,3055027.45899,539908791.877
pauli_commuting,1/8,-1,True,1e-6,A,control_or_diagnostic,1.03139252133,1.03139252133,1.03139252133,140,2.00581395349,351.019379845,1,3,1.01034934058,14,0,0,9.434716776013374e-05,1.43710572879e-101,5.95976967233e-07,ELIGIBLE_COMMON_FINITE_CONFIDENCE_TASK,767146,214800880,3077504.30233,542401956.341
pauli_commuting,1/8,-1,True,1e-6,CTS_collected,control_or_diagnostic,1.03135072801,1.03135072801,1.03135072801,138.923002051,1.99038394688,355.265194493,1,,,4,14,34,0.00014854827895760536,1.4287342391e-101,5.68630965845e-07,ELIGIBLE_COMMON_FINITE_CONFIDENCE_TASK,767107,213137614.668,3053674.91668,548888370.105
pauli_commuting,1/8,1,False,1e-3,ordinary,control_or_diagnostic,1.03144640128,1.03144640128,1.03144640128,38,0,99.974977729,0,2,1.01539832063,10,0,0,5.6789256632328033e-05,7.25529105794e-102,0.000237073765967,ORDINARY_DIAGNOSTIC_NO_COHERENT_TASK,,,,
pauli_commuting,1/8,1,False,1e-3,PTSC_K0,control_or_diagnostic,1.03209393276,1.03209393276,1.03209393276,37.6956013084,0,99.2050387853,0,3,1.00833091156,14,0,0,6.745615974068642e-05,7.14541525586e-102,0.000235024210522,ORDINARY_DIAGNOSTIC_NO_COHERENT_TASK,,,,
pauli_commuting,1/8,1,False,1e-3,A,control_or_diagnostic,1.03139252133,1.03139252133,1.03139252133,38,0,89.0625138427,0,3,1.01034934058,14,0,0,9.928504005074501e-05,1.43710572879e-101,0.000293548457034,ORDINARY_DIAGNOSTIC_NO_COHERENT_TASK,,,,
pauli_commuting,1/8,1,False,1e-3,CTS_collected,control_or_diagnostic,1.03135072801,1.03135072801,1.03135072801,37.7076719852,0,100.22879254,0,,,4,14,34,0.00014625443145632744,1.4287342391e-101,0.000311765101641,ORDINARY_DIAGNOSTIC_NO_COHERENT_TASK,,,,
pauli_commuting,1/8,1,False,1e-4,ordinary,control_or_diagnostic,1.03144640128,1.03144640128,1.03144640128,51.9692033587,0,131.913384446,0,2,1.01539832063,10,0,0,5.790265277028084e-05,7.25529105794e-102,1.93890761818e-05,ORDINARY_DIAGNOSTIC_NO_COHERENT_TASK,,,,
pauli_commuting,1/8,1,False,1e-4,PTSC_K0,control_or_diagnostic,1.03209393276,1.03209393276,1.03209393276,51.583454422,0,130.948703045,0,3,1.00833091156,14,0,0,6.762100383639336e-05,7.14541525586e-102,1.91206069446e-05,ORDINARY_DIAGNOSTIC_NO_COHERENT_TASK,,,,
pauli_commuting,1/8,1,False,1e-4,A,control_or_diagnostic,1.03139252133,1.03139252133,1.03139252133,48,0,123.974886741,0,3,1.01034934058,14,0,0,9.329617023468018e-05,1.43710572879e-101,2.40003134012e-05,ORDINARY_DIAGNOSTIC_NO_COHERENT_TASK,,,,
pauli_commuting,1/8,1,False,1e-4,CTS_collected,control_or_diagnostic,1.03135072801,1.03135072801,1.03135072801,51.5999721903,0,133.967235895,0,,,4,14,34,0.00014561181887984276,1.4287342391e-101,3.14008843561e-05,ORDINARY_DIAGNOSTIC_NO_COHERENT_TASK,,,,
pauli_commuting,1/8,1,False,1e-6,ordinary,control_or_diagnostic,1.03144640128,1.03144640128,1.03144640128,71.9846016794,0,177.99037605,0,2,1.01539832063,10,0,0,5.559716373682022e-05,7.25529105794e-102,1.2367986472e-07,ORDINARY_DIAGNOSTIC_NO_COHERENT_TASK,,,,
pauli_commuting,1/8,1,False,1e-6,PTSC_K0,control_or_diagnostic,1.03209393276,1.03209393276,1.03209393276,71.4232445843,0,176.580220418,0,3,1.00833091156,14,0,0,6.70640729367733e-05,7.14541525586e-102,1.23021618112e-07,ORDINARY_DIAGNOSTIC_NO_COHERENT_TASK,,,,
pauli_commuting,1/8,1,False,1e-6,A,control_or_diagnostic,1.03139252133,1.03139252133,1.03139252133,68,0,173.02127756,0,3,1.01034934058,14,0,0,9.583262726664543e-05,1.43710572879e-101,2.3904383975e-07,ORDINARY_DIAGNOSTIC_NO_COHERENT_TASK,,,,
pauli_commuting,1/8,1,False,1e-6,CTS_collected,control_or_diagnostic,1.03135072801,1.03135072801,1.03135072801,65.4922723954,0,165.721064935,0,,,4,14,34,0.00014523696154356003,1.4287342391e-101,2.93483899822e-07,ORDINARY_DIAGNOSTIC_NO_COHERENT_TASK,,,,
pauli_commuting,1/8,1,True,1e-3,ordinary,control_or_diagnostic,1.03144640128,1.03144640128,1.03144640128,72.0615932825,2.00577437024,186.173231107,1,2,1.01539832063,10,0,0,5.7460740208625793e-05,7.25529105794e-102,0.000637345626596,ELIGIBLE_COMMON_FINITE_CONFIDENCE_TASK,1007058,145140408.016,4039862.25148,380009773.544
pauli_commuting,1/8,1,True,1e-3,PTSC_K0,control_or_diagnostic,1.03209393276,1.03209393276,1.03209393276,71.4232445843,1.99006699006,184.530234949,1,3,1.00833091156,14,0,0,7.243873551487923e-05,7.14541525586e-102,0.000635533251385,ELIGIBLE_COMMON_FINITE_CONFIDENCE_TASK,1006854,143825559.005,4007413.81842,376624280.359
pauli_commuting,1/8,1,True,1e-3,A,control_or_diagnostic,1.03139252133,1.03139252133,1.03139252133,80,2.00581395349,200.019379845,1,3,1.01034934058,14,0,0,9.405519813299179e-05,1.43710572879e-101,0.000591594857763,ELIGIBLE_COMMON_FINITE_CONFIDENCE_TASK,986242,157798720,3956435.93023,399466236.434
pauli_commuting,1/8,1,True,1e-3,CTS_collected,control_or_diagnostic,1.03135072801,1.03135072801,1.03135072801,75.4153439705,1.99038394688,181.61144193,1,,,4,14,34,0.00014431029558181763,1.4287342391e-101,0.000516327894851,ELIGIBLE_COMMON_FINITE_CONFIDENCE_TASK,953417,143804542.005,3795331.78297,351069957.261
pauli_commuting,1/8,1,True,1e-4,ordinary,control_or_diagnostic,1.03144640128,1.03144640128,1.03144640128,103.907610076,2.00577437024,271.726679809,1,2,1.01539832063,10,0,0,5.859602242708206e-05,7.25529105794e-102,6.11326640974e-05,ELIGIBLE_COMMON_FINITE_CONFIDENCE_TASK,786077,163358764.812,3153386.19926,431126571.568
pauli_commuting,1/8,1,True,1e-4,PTSC_K0,control_or_diagnostic,1.03209393276,1.03209393276,1.03209393276,103.166908844,1.99006699006,269.841332647,1,3,1.00833091156,14,0,0,7.303804159164429e-05,7.14541525586e-102,6.08599742063e-05,ELIGIBLE_COMMON_FINITE_CONFIDENCE_TASK,786483,162278039.937,3130307.71309,428383656.648
pauli_commuting,1/8,1,True,1e-4,A,control_or_diagnostic,1.03139252133,1.03139252133,1.03139252133,92,2.00581395349,236.019379845,1,3,1.01034934058,14,0,0,9.768083691596985e-05,1.43710572879e-101,6.4284922066e-05,ELIGIBLE_COMMON_FINITE_CONFIDENCE_TASK,787039,144815176,3157307.61628,375448108.388
pauli_commuting,1/8,1,True,1e-4,CTS_collected,control_or_diagnostic,1.03135072801,1.03135072801,1.03135072801,95.2614871206,1.99038394688,236.188335593,1,,,4,14,34,0.00014446675777435303,1.4287342391e-101,1.61964721581e-05,ELIGIBLE_COMMON_FINITE_CONFIDENCE_TASK,771917,147067922.707,3072822.41025,368495167.891
pauli_commuting,1/8,1,True,1e-6,ordinary,control_or_diagnostic,1.03144640128,1.03144640128,1.03144640128,136,2.00577437024,351.980752099,1,2,1.01539832063,10,0,0,6.065377965569496e-05,7.25529105794e-102,2.78502622891e-07,ELIGIBLE_COMMON_FINITE_CONFIDENCE_TASK,767089,208648208,3077214.91178,543836571.294
pauli_commuting,1/8,1,True,1e-6,PTSC_K0,control_or_diagnostic,1.03209393276,1.03209393276,1.03209393276,134.910573104,1.99006699006,349.200493296,1,3,1.00833091156,14,0,0,6.959633901715279e-05,7.14541525586e-102,2.75357819041e-07,ELIGIBLE_COMMON_FINITE_CONFIDENCE_TASK,767569,207106347.373,3055027.45899,539908791.877
pauli_commuting,1/8,1,True,1e-6,A,control_or_diagnostic,1.03139252133,1.03139252133,1.03139252133,140,2.00581395349,351.019379845,1,3,1.01034934058,14,0,0,9.605893865227699e-05,1.43710572879e-101,5.95976967233e-07,ELIGIBLE_COMMON_FINITE_CONFIDENCE_TASK,767146,214800880,3077504.30233,542401956.341
pauli_commuting,1/8,1,True,1e-6,CTS_collected,control_or_diagnostic,1.03135072801,1.03135072801,1.03135072801,138.923002051,1.99038394688,355.265194493,1,,,4,14,34,0.00014604488387703896,1.4287342391e-101,5.68630965845e-07,ELIGIBLE_COMMON_FINITE_CONFIDENCE_TASK,767107,213137614.668,3053674.91668,548888370.105
pauli_commuting,1/4,-1,False,1e-3,ordinary,control_or_diagnostic,1.12813017537,1.12813017537,1.12813017537,41.8228568271,0,111.372617929,0,2,1.05904772428,10,0,0,5.786307156085968e-05,7.36691092037e-102,0.000189647276751,ORDINARY_DIAGNOSTIC_NO_COHERENT_TASK,,,,
pauli_commuting,1/4,-1,False,1e-3,PTSC_K0,control_or_diagnostic,1.13343825712,1.13343825712,1.13343825712,40.6644428256,0,108.462974956,0,3,1.03424505576,14,0,0,7.136771455407143e-05,7.15762367832e-102,0.000180315501955,ORDINARY_DIAGNOSTIC_NO_COHERENT_TASK,,,,
pauli_commuting,1/4,-1,False,1e-3,A,control_or_diagnostic,1.12728542752,1.12728542752,1.12728542752,38,0,98.9627460169,0,3,1.04061230865,14,0,0,9.13478434085846e-05,1.45663920471e-101,0.000328881882599,ORDINARY_DIAGNOSTIC_NO_COHERENT_TASK,,,,
pauli_commuting,1/4,-1,False,1e-3,CTS_collected,control_or_diagnostic,1.12656550468,1.12656550468,1.12656550468,38.8223078276,0,100.96008208,0,,,4,14,34,0.00014560623094439507,1.4287342391e-101,0.000345852058041,ORDINARY_DIAGNOSTIC_NO_COHERENT_TASK,,,,
pauli_commuting,1/4,-1,False,1e-4,ordinary,control_or_diagnostic,1.12813017537,1.12813017537,1.12813017537,57.58666593,0,141.10690317,0,2,1.05904772428,10,0,0,5.763489753007889e-05,7.36691092037e-102,2.46427594181e-05,ORDINARY_DIAGNOSTIC_NO_COHERENT_TASK,,,,
pauli_commuting,1/4,-1,False,1e-4,PTSC_K0,control_or_diagnostic,1.13343825712,1.13343825712,1.13343825712,56.1556591401,0,137.509005545,0,3,1.03424505576,14,0,0,6.836093962192535e-05,7.15762367832e-102,2.40382832753e-05,ORDINARY_DIAGNOSTIC_NO_COHERENT_TASK,,,,
pauli_commuting,1/4,-1,False,1e-4,A,control_or_diagnostic,1.12728542752,1.12728542752,1.12728542752,46,0,122.862777257,0,3,1.04061230865,14,0,0,9.776325896382332e-05,1.45663920471e-101,3.33897444568e-05,ORDINARY_DIAGNOSTIC_NO_COHERENT_TASK,,,,
pauli_commuting,1/4,-1,False,1e-4,CTS_collected,control_or_diagnostic,1.12656550468,1.12656550468,1.12656550468,44.6456540018,0,111.636216733,0,,,4,14,34,0.00014538131654262543,1.4287342391e-101,2.10450094982e-05,ORDINARY_DIAGNOSTIC_NO_COHERENT_TASK,,,,
pauli_commuting,1/4,-1,False,1e-6,ordinary,control_or_diagnostic,1.12813017537,1.12813017537,1.12813017537,83.7638091029,0,215.372617929,0,2,1.05904772428,10,0,0,5.785701796412468e-05,7.36691092037e-102,2.3270055762e-07,ORDINARY_DIAGNOSTIC_NO_COHERENT_TASK,,,,
pauli_commuting,1/4,-1,False,1e-6,PTSC_K0,control_or_diagnostic,1.13343825712,1.13343825712,1.13343825712,81.3288856511,0,209.155881,0,3,1.03424505576,14,0,0,6.886199116706848e-05,7.15762367832e-102,2.22938209504e-07,ORDINARY_DIAGNOSTIC_NO_COHERENT_TASK,,,,
pauli_commuting,1/4,-1,False,1e-6,A,control_or_diagnostic,1.12728542752,1.12728542752,1.12728542752,68,0,175.062714777,0,3,1.04061230865,14,0,0,9.346893057227135e-05,1.45663920471e-101,2.07533279297e-07,ORDINARY_DIAGNOSTIC_NO_COHERENT_TASK,,,,
pauli_commuting,1/4,-1,False,1e-6,CTS_collected,control_or_diagnostic,1.12656550468,1.12656550468,1.12656550468,67.9390386984,0,180.545813127,0,,,4,14,34,0.00014552194625139236,1.4287342391e-101,3.00654749262e-07,ORDINARY_DIAGNOSTIC_NO_COHERENT_TASK,,,,
pauli_commuting,1/4,-1,True,1e-3,ordinary,control_or_diagnostic,1.12813017537,1.12813017537,1.12813017537,83.7638091029,2.02214289661,210.689999448,1,2,1.05904772428,10,0,0,5.5936165153980255e-05,7.36691092037e-102,0.000486429484576,ELIGIBLE_COMMON_FINITE_CONFIDENCE_TASK,1028999,172385751.606,4161566.03693,438744592.483
pauli_commuting,1/4,-1,True,1e-3,PTSC_K0,control_or_diagnostic,1.13343825712,1.13343825712,1.13343825712,81.3288856511,1.96086279342,204.371135636,1,3,1.03424505576,14,0,0,7.231580093502998e-05,7.15762367832e-102,0.000466519325492,ELIGIBLE_COMMON_FINITE_CONFIDENCE_TASK,1024786,166689406.822,4018929.47724,423997287.208
pauli_commuting,1/4,-1,True,1e-3,A,control_or_diagnostic,1.12728542752,1.12728542752,1.12728542752,72,2.02272727273,188.075757576,1,3,1.04061230865,14,0,0,9.912624955177307e-05,1.45663920471e-101,0.000254817168194,ELIGIBLE_COMMON_FINITE_CONFIDENCE_TASK,930438,133983072,3764044.63636,354637853.455
pauli_commuting,1/4,-1,True,1e-3,CTS_collected,control_or_diagnostic,1.12656550468,1.12656550468,1.12656550468,73.7623848725,1.96319711961,182.538452551,1,,,4,14,34,0.00014923419803380966,1.4287342391e-101,0.000315541702643,ELIGIBLE_COMMON_FINITE_CONFIDENCE_TASK,954072,140749252.12,3746062.80461,353080013.004
pauli_commuting,1/4,-1,True,1e-4,ordinary,control_or_diagnostic,1.12813017537,1.12813017537,1.12813017537,99.8819045514,2.02214289661,251.837618758,1,2,1.05904772428,10,0,0,5.802419036626816e-05,7.36691092037e-102,7.35101369218e-05,ELIGIBLE_COMMON_FINITE_CONFIDENCE_TASK,863958,172587540.985,3494093.06533,439474040.854
pauli_commuting,1/4,-1,True,1e-4,PTSC_K0,control_or_diagnostic,1.13343825712,1.13343825712,1.13343825712,96.8201019656,1.96086279342,244.067377442,1,3,1.03424505576,14,0,0,6.891414523124695e-05,7.15762367832e-102,7.19020862433e-05,ELIGIBLE_COMMON_FINITE_CONFIDENCE_TASK,867451,167973388.54,3401904.78203,427770236.259
pauli_commuting,1/4,-1,True,1e-4,A,control_or_diagnostic,1.12728542752,1.12728542752,1.12728542752,100,2.02272727273,246.075757576,1,3,1.04061230865,14,0,0,9.467266499996185e-05,1.45663920471e-101,5.38130204742e-05,ELIGIBLE_COMMON_FINITE_CONFIDENCE_TASK,856460,171292000,3464770,425790386.667
pauli_commuting,1/4,-1,True,1e-4,CTS_collected,control_or_diagnostic,1.12656550468,1.12656550468,1.12656550468,93.1735387863,1.96319711961,242.713029684,1,,,4,14,34,0.0001449049450457096,1.4287342391e-101,5.94457940342e-05,ELIGIBLE_COMMON_FINITE_CONFIDENCE_TASK,857864,159860449.355,3368312.26764,420718860.993
pauli_commuting,1/4,-1,True,1e-6,ordinary,control_or_diagnostic,1.12813017537,1.12813017537,1.12813017537,140,2.02214289661,349.516667587,1,2,1.05904772428,10,0,0,5.67389652132988e-05,7.36691092037e-102,7.21306334556e-07,ELIGIBLE_COMMON_FINITE_CONFIDENCE_TASK,839021,234925880,3393240.71051,590698752.912
pauli_commuting,1/4,-1,True,1e-6,PTSC_K0,control_or_diagnostic,1.13343825712,1.13343825712,1.13343825712,135.548142752,1.96086279342,337.982876349,1,3,1.03424505576,14,0,0,6.812438368797302e-05,7.15762367832e-102,7.00135056613e-07,ELIGIBLE_COMMON_FINITE_CONFIDENCE_TASK,842955,228521969.347,3305838.19206,574023486.065
pauli_commuting,1/4,-1,True,1e-6,A,control_or_diagnostic,1.12728542752,1.12728542752,1.12728542752,140,2.02272727273,358.075757576,1,3,1.04061230865,14,0,0,9.6131581813097e-05,1.45663920471e-101,5.77681892125e-07,ELIGIBLE_COMMON_FINITE_CONFIDENCE_TASK,838346,234736880,3391490.63636,604574488.121
pauli_commuting,1/4,-1,True,1e-6,CTS_collected,control_or_diagnostic,1.12656550468,1.12656550468,1.12656550468,131.995846614,1.96319711961,330.063222296,1,,,4,14,34,0.00014652404934167862,1.4287342391e-101,5.65777931154e-07,ELIGIBLE_COMMON_FINITE_CONFIDENCE_TASK,837807,221174088.528,3289560.57838,557247591.164
pauli_commuting,1/4,1,False,1e-3,ordinary,control_or_diagnostic,1.12813017537,1.12813017537,1.12813017537,41.8228568271,0,108.490713378,0,2,1.05904772428,10,0,0,5.67091628909111e-05,7.36691092037e-102,0.000189647276751,ORDINARY_DIAGNOSTIC_NO_COHERENT_TASK,,,,
pauli_commuting,1/4,1,False,1e-3,PTSC_K0,control_or_diagnostic,1.13343825712,1.13343825712,1.13343825712,40.6644428256,0,105.558371897,0,3,1.03424505576,14,0,0,6.765499711036682e-05,7.15762367832e-102,0.000180315501955,ORDINARY_DIAGNOSTIC_NO_COHERENT_TASK,,,,
pauli_commuting,1/4,1,False,1e-3,A,control_or_diagnostic,1.12728542752,1.12728542752,1.12728542752,38,0,96.0827085286,0,3,1.04061230865,14,0,0,9.143166244029999e-05,1.45663920471e-101,0.000328881882599,ORDINARY_DIAGNOSTIC_NO_COHERENT_TASK,,,,
pauli_commuting,1/4,1,False,1e-3,CTS_collected,control_or_diagnostic,1.12656550468,1.12656550468,1.12656550468,38.8223078276,0,100.96008208,0,,,4,14,34,0.00014961836859583855,1.4287342391e-101,0.000345852058041,ORDINARY_DIAGNOSTIC_NO_COHERENT_TASK,,,,
pauli_commuting,1/4,1,False,1e-4,ordinary,control_or_diagnostic,1.12813017537,1.12813017537,1.12813017537,57.58666593,0,153.752616824,0,2,1.05904772428,10,0,0,5.625700578093529e-05,7.36691092037e-102,2.46427594181e-05,ORDINARY_DIAGNOSTIC_NO_COHERENT_TASK,,,,
pauli_commuting,1/4,1,False,1e-4,PTSC_K0,control_or_diagnostic,1.13343825712,1.13343825712,1.13343825712,56.1556591401,0,150.095618801,0,3,1.03424505576,14,0,0,6.74491748213768e-05,7.15762367832e-102,2.40382832753e-05,ORDINARY_DIAGNOSTIC_NO_COHERENT_TASK,,,,
pauli_commuting,1/4,1,False,1e-4,A,control_or_diagnostic,1.12728542752,1.12728542752,1.12728542752,46,0,115.182677288,0,3,1.04061230865,14,0,0,9.442120790481567e-05,1.45663920471e-101,3.33897444568e-05,ORDINARY_DIAGNOSTIC_NO_COHERENT_TASK,,,,
pauli_commuting,1/4,1,False,1e-4,CTS_collected,control_or_diagnostic,1.12656550468,1.12656550468,1.12656550468,44.6456540018,0,118.430120603,0,,,4,14,34,0.00014563975855708122,1.4287342391e-101,2.10450094982e-05,ORDINARY_DIAGNOSTIC_NO_COHERENT_TASK,,,,
pauli_commuting,1/4,1,False,1e-6,ordinary,control_or_diagnostic,1.12813017537,1.12813017537,1.12813017537,83.7638091029,0,214.254522481,0,2,1.05904772428,10,0,0,5.5694952607154846e-05,7.36691092037e-102,2.3270055762e-07,ORDINARY_DIAGNOSTIC_NO_COHERENT_TASK,,,,
pauli_commuting,1/4,1,False,1e-6,PTSC_K0,control_or_diagnostic,1.13343825712,1.13343825712,1.13343825712,81.3288856511,0,208.18767998,0,3,1.03424505576,14,0,0,6.919493898749352e-05,7.15762367832e-102,2.22938209504e-07,ORDINARY_DIAGNOSTIC_NO_COHERENT_TASK,,,,
pauli_commuting,1/4,1,False,1e-6,A,control_or_diagnostic,1.12728542752,1.12728542752,1.12728542752,68,0,176.982739769,0,3,1.04061230865,14,0,0,9.543215855956078e-05,1.45663920471e-101,2.07533279297e-07,ORDINARY_DIAGNOSTIC_NO_COHERENT_TASK,,,,
pauli_commuting,1/4,1,False,1e-6,CTS_collected,control_or_diagnostic,1.12656550468,1.12656550468,1.12656550468,67.9390386984,0,165.016889996,0,,,4,14,34,0.00014335289597511292,1.4287342391e-101,3.00654749262e-07,ORDINARY_DIAGNOSTIC_NO_COHERENT_TASK,,,,
pauli_commuting,1/4,1,True,1e-3,ordinary,control_or_diagnostic,1.12813017537,1.12813017537,1.12813017537,83.7638091029,2.02214289661,210.689999448,1,2,1.05904772428,10,0,0,5.666911602020264e-05,7.36691092037e-102,0.000486429484576,ELIGIBLE_COMMON_FINITE_CONFIDENCE_TASK,1028999,172385751.606,4161566.03693,438744592.483
pauli_commuting,1/4,1,True,1e-3,PTSC_K0,control_or_diagnostic,1.13343825712,1.13343825712,1.13343825712,81.3288856511,1.96086279342,204.371135636,1,3,1.03424505576,14,0,0,6.9471076130867e-05,7.15762367832e-102,0.000466519325492,ELIGIBLE_COMMON_FINITE_CONFIDENCE_TASK,1024786,166689406.822,4018929.47724,423997287.208
pauli_commuting,1/4,1,True,1e-3,A,control_or_diagnostic,1.12728542752,1.12728542752,1.12728542752,72,2.02272727273,188.075757576,1,3,1.04061230865,14,0,0,9.511224925518036e-05,1.45663920471e-101,0.000254817168194,ELIGIBLE_COMMON_FINITE_CONFIDENCE_TASK,930438,133983072,3764044.63636,354637853.455
pauli_commuting,1/4,1,True,1e-3,CTS_collected,control_or_diagnostic,1.12656550468,1.12656550468,1.12656550468,73.7623848725,1.96319711961,182.538452551,1,,,4,14,34,0.00014432892203330994,1.4287342391e-101,0.000315541702643,ELIGIBLE_COMMON_FINITE_CONFIDENCE_TASK,954072,140749252.12,3746062.80461,353080013.004
pauli_commuting,1/4,1,True,1e-4,ordinary,control_or_diagnostic,1.12813017537,1.12813017537,1.12813017537,99.8819045514,2.02214289661,251.837618758,1,2,1.05904772428,10,0,0,5.746912211179733e-05,7.36691092037e-102,7.35101369218e-05,ELIGIBLE_COMMON_FINITE_CONFIDENCE_TASK,863958,172587540.985,3494093.06533,439474040.854
pauli_commuting,1/4,1,True,1e-4,PTSC_K0,control_or_diagnostic,1.13343825712,1.13343825712,1.13343825712,96.8201019656,1.96086279342,244.067377442,1,3,1.03424505576,14,0,0,7.099006325006485e-05,7.15762367832e-102,7.19020862433e-05,ELIGIBLE_COMMON_FINITE_CONFIDENCE_TASK,867451,167973388.54,3401904.78203,427770236.259
pauli_commuting,1/4,1,True,1e-4,A,control_or_diagnostic,1.12728542752,1.12728542752,1.12728542752,100,2.02272727273,246.075757576,1,3,1.04061230865,14,0,0,9.425124153494835e-05,1.45663920471e-101,5.38130204742e-05,ELIGIBLE_COMMON_FINITE_CONFIDENCE_TASK,856460,171292000,3464770,425790386.667
pauli_commuting,1/4,1,True,1e-4,CTS_collected,control_or_diagnostic,1.12656550468,1.12656550468,1.12656550468,93.1735387863,1.96319711961,242.713029684,1,,,4,14,34,0.0001527019776403904,1.4287342391e-101,5.94457940342e-05,ELIGIBLE_COMMON_FINITE_CONFIDENCE_TASK,857864,159860449.355,3368312.26764,420718860.993
pauli_commuting,1/4,1,True,1e-6,ordinary,control_or_diagnostic,1.12813017537,1.12813017537,1.12813017537,140,2.02214289661,349.516667587,1,2,1.05904772428,10,0,0,5.8072153478860855e-05,7.36691092037e-102,7.21306334556e-07,ELIGIBLE_COMMON_FINITE_CONFIDENCE_TASK,839021,234925880,3393240.71051,590698752.912
pauli_commuting,1/4,1,True,1e-6,PTSC_K0,control_or_diagnostic,1.13343825712,1.13343825712,1.13343825712,135.548142752,1.96086279342,337.982876349,1,3,1.03424505576,14,0,0,7.186178117990494e-05,7.15762367832e-102,7.00135056613e-07,ELIGIBLE_COMMON_FINITE_CONFIDENCE_TASK,842955,228521969.347,3305838.19206,574023486.065
pauli_commuting,1/4,1,True,1e-6,A,control_or_diagnostic,1.12728542752,1.12728542752,1.12728542752,140,2.02272727273,358.075757576,1,3,1.04061230865,14,0,0,9.439187124371529e-05,1.45663920471e-101,5.77681892125e-07,ELIGIBLE_COMMON_FINITE_CONFIDENCE_TASK,838346,234736880,3391490.63636,604574488.121
pauli_commuting,1/4,1,True,1e-6,CTS_collected,control_or_diagnostic,1.12656550468,1.12656550468,1.12656550468,131.995846614,1.96319711961,330.063222296,1,,,4,14,34,0.00014432519674301147,1.4287342391e-101,5.65777931154e-07,ELIGIBLE_COMMON_FINITE_CONFIDENCE_TASK,837807,221174088.528,3289560.57838,557247591.164
pauli_noncommuting,1/8,-1,False,1e-3,ordinary,control_or_diagnostic,1.03144640128,1.03144640128,1.03144640128,38,0.5,98.0442701718,0,2,1.01539832063,10,0,0,6.076088175177574e-05,7.25529105794e-102,0.000236347625931,ORDINARY_DIAGNOSTIC_NO_COHERENT_TASK,,,,
pauli_noncommuting,1/8,-1,False,1e-3,PTSC_K0,control_or_diagnostic,1.03209393276,1.03209393276,1.03209393276,37.6956013084,0.495994754057,97.2211999527,0,3,1.00833091156,14,0,0,7.017096504569054e-05,7.14541525586e-102,0.000235024210522,ORDINARY_DIAGNOSTIC_NO_COHERENT_TASK,,,,
pauli_noncommuting,1/8,-1,False,1e-3,A,control_or_diagnostic,1.03139252133,1.03139252133,1.03139252133,38,0.5,100.949114064,0,3,1.01034934058,14,0,0,9.550806134939194e-05,1.43710572879e-101,0.000293548457034,ORDINARY_DIAGNOSTIC_NO_COHERENT_TASK,,,,
pauli_noncommuting,1/8,-1,False,1e-3,CTS_collected,control_or_diagnostic,1.02543939761,1.02543939761,1.02543939761,37.8167691295,0.497589067494,95.5371009589,0,,,3,14,34,0.00014827819541096687,1.4287342391e-101,0.000335262336811,ORDINARY_DIAGNOSTIC_NO_COHERENT_TASK,,,,
pauli_noncommuting,1/8,-1,False,1e-4,ordinary,control_or_diagnostic,1.03144640128,1.03144640128,1.03144640128,51.9692033587,0.5,130.944181088,0,2,1.01539832063,10,0,0,5.607306957244873e-05,7.25529105794e-102,1.93890761818e-05,ORDINARY_DIAGNOSTIC_NO_COHERENT_TASK,,,,
pauli_noncommuting,1/8,-1,False,1e-4,PTSC_K0,control_or_diagnostic,1.03209393276,1.03209393276,1.03209393276,51.583454422,0.495994754057,129.95685372,0,3,1.00833091156,14,0,0,6.993114948272705e-05,7.14541525586e-102,1.91206069446e-05,ORDINARY_DIAGNOSTIC_NO_COHERENT_TASK,,,,
pauli_noncommuting,1/8,-1,False,1e-4,A,control_or_diagnostic,1.03139252133,1.03139252133,1.03139252133,48,0.5,119.036741166,0,3,1.01034934058,14,0,0,9.472109377384186e-05,1.43710572879e-101,2.40003134012e-05,ORDINARY_DIAGNOSTIC_NO_COHERENT_TASK,,,,
pauli_noncommuting,1/8,-1,False,1e-4,CTS_collected,control_or_diagnostic,1.02543939761,1.02543939761,1.02543939761,47.7685504794,0.497589067494,129.373157548,0,,,3,14,34,0.00014724116772413254,1.4287342391e-101,1.94679890384e-05,ORDINARY_DIAGNOSTIC_NO_COHERENT_TASK,,,,
pauli_noncommuting,1/8,-1,False,1e-6,ordinary,control_or_diagnostic,1.03144640128,1.03144640128,1.03144640128,71.9846016794,0.5,188.944181088,0,2,1.01539832063,10,0,0,5.621090531349182e-05,7.25529105794e-102,1.2367986472e-07,ORDINARY_DIAGNOSTIC_NO_COHERENT_TASK,,,,
pauli_noncommuting,1/8,-1,False,1e-6,PTSC_K0,control_or_diagnostic,1.03209393276,1.03209393276,1.03209393276,71.4232445843,0.495994754057,187.492245191,0,3,1.00833091156,14,0,0,7.129600271582603e-05,7.14541525586e-102,1.23021618112e-07,ORDINARY_DIAGNOSTIC_NO_COHERENT_TASK,,,,
pauli_noncommuting,1/8,-1,False,1e-6,A,control_or_diagnostic,1.03139252133,1.03139252133,1.03139252133,68,0.5,176.990350347,0,3,1.01034934058,14,0,0,0.00010406691581010818,1.43710572879e-101,2.3904383975e-07,ORDINARY_DIAGNOSTIC_NO_COHERENT_TASK,,,,
pauli_noncommuting,1/8,-1,False,1e-6,CTS_collected,control_or_diagnostic,1.02543939761,1.02543939761,1.02543939761,71.6528257191,0.497589067494,182.117598703,0,,,3,14,34,0.00015256693586707115,1.4287342391e-101,1.53923434431e-07,ORDINARY_DIAGNOSTIC_NO_COHERENT_TASK,,,,
pauli_noncommuting,1/8,-1,True,1e-3,ordinary,control_or_diagnostic,1.03144640128,1.03144640128,1.03144640128,72.0615932825,2.50577437024,187.167456737,1,2,1.01539832063,10,0,0,5.9246551245450974e-05,7.25529105794e-102,0.000637345626596,ELIGIBLE_COMMON_FINITE_CONFIDENCE_TASK,1007058,145140408.016,5046920.25148,382012259.293
pauli_noncommuting,1/8,-1,True,1e-3,PTSC_K0,control_or_diagnostic,1.03209393276,1.03209393276,1.03209393276,71.4232445843,2.48620192773,185.516176536,1,3,1.00833091156,14,0,0,7.296120747923851e-05,7.14541525586e-102,0.000635533251385,ELIGIBLE_COMMON_FINITE_CONFIDENCE_TASK,1006854,143825559.005,5006484.71148,378609678.819
pauli_noncommuting,1/8,-1,True,1e-3,A,control_or_diagnostic,1.03139252133,1.03139252133,1.03139252133,80,2.50581395349,201.013565891,1,3,1.01034934058,14,0,0,9.497115388512611e-05,1.43710572879e-101,0.000591594857763,ELIGIBLE_COMMON_FINITE_CONFIDENCE_TASK,986242,157798720,4942677.93023,401427252.504
pauli_noncommuting,1/8,-1,True,1e-3,CTS_collected,control_or_diagnostic,1.02543939761,1.02543939761,1.02543939761,75.6335382591,2.48794533747,186.103133108,1,,,3,14,34,0.0001546223647892475,1.4287342391e-101,0.000606589143804,ELIGIBLE_COMMON_FINITE_CONFIDENCE_TASK,987253,149338875.094,4912462.99651,372398017.94
pauli_noncommuting,1/8,-1,True,1e-4,ordinary,control_or_diagnostic,1.03144640128,1.03144640128,1.03144640128,103.907610076,2.50577437024,272.720905439,1,2,1.01539832063,10,0,0,6.82072713971138e-05,7.25529105794e-102,6.11326640974e-05,ELIGIBLE_COMMON_FINITE_CONFIDENCE_TASK,786077,163358764.812,3939463.19926,432689647.369
pauli_noncommuting,1/8,-1,True,1e-4,PTSC_K0,control_or_diagnostic,1.03209393276,1.03209393276,1.03209393276,103.166908844,2.48620192773,270.827274234,1,3,1.00833091156,14,0,0,7.454818114638329e-05,7.14541525586e-102,6.08599742063e-05,ELIGIBLE_COMMON_FINITE_CONFIDENCE_TASK,786483,162278039.937,3910711.10145,429934509.242
pauli_noncommuting,1/8,-1,True,1e-4,A,control_or_diagnostic,1.03139252133,1.03139252133,1.03139252133,92,2.50581395349,237.013565891,1,3,1.01034934058,14,0,0,0.00010211486369371414,1.43710572879e-101,6.4284922066e-05,ELIGIBLE_COMMON_FINITE_CONFIDENCE_TASK,787039,144815176,3944346.61628,377013034.771
pauli_noncommuting,1/8,-1,True,1e-4,CTS_collected,control_or_diagnostic,1.02543939761,1.02543939761,1.02543939761,95.5371009589,2.48794533747,248.799355612,1,,,3,14,34,0.00015029683709144592,1.4287342391e-101,3.39168395721e-05,ELIGIBLE_COMMON_FINITE_CONFIDENCE_TASK,772978,147696154.45,3846254.02213,388497746.605
pauli_noncommuting,1/8,-1,True,1e-6,ordinary,control_or_diagnostic,1.03144640128,1.03144640128,1.03144640128,136,2.50577437024,352.974977729,1,2,1.01539832063,10,0,0,5.7829078286886215e-05,7.25529105794e-102,2.78502622891e-07,ELIGIBLE_COMMON_FINITE_CONFIDENCE_TASK,767089,208648208,3844303.91178,545361890.382
pauli_noncommuting,1/8,-1,True,1e-6,PTSC_K0,control_or_diagnostic,1.03209393276,1.03209393276,1.03209393276,134.910573104,2.48620192773,350.186434883,1,3,1.00833091156,14,0,0,7.265806198120117e-05,7.14541525586e-102,2.75357819041e-07,ELIGIBLE_COMMON_FINITE_CONFIDENCE_TASK,767569,207106347.373,3816663.05493,541422348.273
pauli_noncommuting,1/8,-1,True,1e-6,A,control_or_diagnostic,1.03139252133,1.03139252133,1.03139252133,140,2.50581395349,352.013565891,1,3,1.01034934058,14,0,0,9.649107232689857e-05,1.43710572879e-101,5.95976967233e-07,ELIGIBLE_COMMON_FINITE_CONFIDENCE_TASK,767146,214800880,3844650.30233,543927328.039
pauli_noncommuting,1/8,-1,True,1e-6,CTS_collected,control_or_diagnostic,1.02543939761,1.02543939761,1.02543939761,135.344226358,2.48794533747,349.312347246,1,,,3,14,34,0.0001500300131738186,1.4287342391e-101,5.37506462417e-07,ELIGIBLE_COMMON_FINITE_CONFIDENCE_TASK,762708,206456248.395,3795151.6249,536660183.486
pauli_noncommuting,1/8,1,False,1e-3,ordinary,control_or_diagnostic,1.03144640128,1.03144640128,1.03144640128,38,0.5,100.974977729,0,2,1.01539832063,10,0,0,5.748029798269272e-05,7.25529105794e-102,0.000237073765967,ORDINARY_DIAGNOSTIC_NO_COHERENT_TASK,,,,
pauli_noncommuting,1/8,1,False,1e-3,PTSC_K0,control_or_diagnostic,1.03209393276,1.03209393276,1.03209393276,37.6956013084,0.495994754057,100.197168477,0,3,1.00833091156,14,0,0,6.891367956995964e-05,7.14541525586e-102,0.000235024210522,ORDINARY_DIAGNOSTIC_NO_COHERENT_TASK,,,,
pauli_noncommuting,1/8,1,False,1e-3,A,control_or_diagnostic,1.03139252133,1.03139252133,1.03139252133,38,0.5,90.0625138427,0,3,1.01034934058,14,0,0,9.823683649301529e-05,1.43710572879e-101,0.000293548457034,ORDINARY_DIAGNOSTIC_NO_COHERENT_TASK,,,,
pauli_noncommuting,1/8,1,False,1e-3,CTS_collected,control_or_diagnostic,1.02543939761,1.02543939761,1.02543939761,37.8167691295,0.497589067494,101.508169769,0,,,3,14,34,0.00015500187873840332,1.4287342391e-101,0.000270490308694,ORDINARY_DIAGNOSTIC_NO_COHERENT_TASK,,,,
pauli_noncommuting,1/8,1,False,1e-4,ordinary,control_or_diagnostic,1.03144640128,1.03144640128,1.03144640128,51.9692033587,0.5,132.913384446,0,2,1.01539832063,10,0,0,5.8813951909542084e-05,7.25529105794e-102,1.93890761818e-05,ORDINARY_DIAGNOSTIC_NO_COHERENT_TASK,,,,
pauli_noncommuting,1/8,1,False,1e-4,PTSC_K0,control_or_diagnostic,1.03209393276,1.03209393276,1.03209393276,51.583454422,0.495994754057,131.940832737,0,3,1.00833091156,14,0,0,7.004989311099052e-05,7.14541525586e-102,1.91206069446e-05,ORDINARY_DIAGNOSTIC_NO_COHERENT_TASK,,,,
pauli_noncommuting,1/8,1,False,1e-4,A,control_or_diagnostic,1.03139252133,1.03139252133,1.03139252133,48,0.5,124.974886741,0,3,1.01034934058,14,0,0,9.94168221950531e-05,1.43710572879e-101,2.40003134012e-05,ORDINARY_DIAGNOSTIC_NO_COHERENT_TASK,,,,
pauli_noncommuting,1/8,1,False,1e-4,CTS_collected,control_or_diagnostic,1.02543939761,1.02543939761,1.02543939761,47.7685504794,0.497589067494,127.382801278,0,,,3,14,34,0.0001492248848080635,1.4287342391e-101,1.94679890384e-05,ORDINARY_DIAGNOSTIC_NO_COHERENT_TASK,,,,
pauli_noncommuting,1/8,1,False,1e-6,ordinary,control_or_diagnostic,1.03144640128,1.03144640128,1.03144640128,71.9846016794,0.5,178.99037605,0,2,1.01539832063,10,0,0,5.863932892680168e-05,7.25529105794e-102,1.2367986472e-07,ORDINARY_DIAGNOSTIC_NO_COHERENT_TASK,,,,
pauli_noncommuting,1/8,1,False,1e-6,PTSC_K0,control_or_diagnostic,1.03209393276,1.03209393276,1.03209393276,71.4232445843,0.495994754057,177.57235011,0,3,1.00833091156,14,0,0,7.162615656852722e-05,7.14541525586e-102,1.23021618112e-07,ORDINARY_DIAGNOSTIC_NO_COHERENT_TASK,,,,
pauli_noncommuting,1/8,1,False,1e-6,A,control_or_diagnostic,1.03139252133,1.03139252133,1.03139252133,68,0.5,174.02127756,0,3,1.01034934058,14,0,0,9.501585736870766e-05,1.43710572879e-101,2.3904383975e-07,ORDINARY_DIAGNOSTIC_NO_COHERENT_TASK,,,,
pauli_noncommuting,1/8,1,False,1e-6,CTS_collected,control_or_diagnostic,1.02543939761,1.02543939761,1.02543939761,71.6528257191,0.497589067494,185.103133108,0,,,3,14,34,0.00014915503561496735,1.4287342391e-101,3.13404581792e-07,ORDINARY_DIAGNOSTIC_NO_COHERENT_TASK,,,,
pauli_noncommuting,1/8,1,True,1e-3,ordinary,control_or_diagnostic,1.03144640128,1.03144640128,1.03144640128,72.0615932825,2.50577437024,187.167456737,1,2,1.01539832063,10,0,0,5.6980643421411514e-05,7.25529105794e-102,0.000637345626596,ELIGIBLE_COMMON_FINITE_CONFIDENCE_TASK,1007058,145140408.016,5046920.25148,382012259.293
pauli_noncommuting,1/8,1,True,1e-3,PTSC_K0,control_or_diagnostic,1.03209393276,1.03209393276,1.03209393276,71.4232445843,2.48620192773,185.516176536,1,3,1.00833091156,14,0,0,7.215607911348343e-05,7.14541525586e-102,0.000635533251385,ELIGIBLE_COMMON_FINITE_CONFIDENCE_TASK,1006854,143825559.005,5006484.71148,378609678.819
pauli_noncommuting,1/8,1,True,1e-3,A,control_or_diagnostic,1.03139252133,1.03139252133,1.03139252133,80,2.50581395349,201.013565891,1,3,1.01034934058,14,0,0,9.866990149021149e-05,1.43710572879e-101,0.000591594857763,ELIGIBLE_COMMON_FINITE_CONFIDENCE_TASK,986242,157798720,4942677.93023,401427252.504
pauli_noncommuting,1/8,1,True,1e-3,CTS_collected,control_or_diagnostic,1.02543939761,1.02543939761,1.02543939761,75.6335382591,2.48794533747,186.103133108,1,,,3,14,34,0.00015400303527712822,1.4287342391e-101,0.000606589143804,ELIGIBLE_COMMON_FINITE_CONFIDENCE_TASK,987253,149338875.094,4912462.99651,372398017.94
pauli_noncommuting,1/8,1,True,1e-4,ordinary,control_or_diagnostic,1.03144640128,1.03144640128,1.03144640128,103.907610076,2.50577437024,272.720905439,1,2,1.01539832063,10,0,0,5.777506157755852e-05,7.25529105794e-102,6.11326640974e-05,ELIGIBLE_COMMON_FINITE_CONFIDENCE_TASK,786077,163358764.812,3939463.19926,432689647.369
pauli_noncommuting,1/8,1,True,1e-4,PTSC_K0,control_or_diagnostic,1.03209393276,1.03209393276,1.03209393276,103.166908844,2.48620192773,270.827274234,1,3,1.00833091156,14,0,0,7.111625745892525e-05,7.14541525586e-102,6.08599742063e-05,ELIGIBLE_COMMON_FINITE_CONFIDENCE_TASK,786483,162278039.937,3910711.10145,429934509.242
pauli_noncommuting,1/8,1,True,1e-4,A,control_or_diagnostic,1.03139252133,1.03139252133,1.03139252133,92,2.50581395349,237.013565891,1,3,1.01034934058,14,0,0,0.00010563526302576065,1.43710572879e-101,6.4284922066e-05,ELIGIBLE_COMMON_FINITE_CONFIDENCE_TASK,787039,144815176,3944346.61628,377013034.771
pauli_noncommuting,1/8,1,True,1e-4,CTS_collected,control_or_diagnostic,1.02543939761,1.02543939761,1.02543939761,95.5371009589,2.48794533747,248.799355612,1,,,3,14,34,0.00015525007620453835,1.4287342391e-101,3.39168395721e-05,ELIGIBLE_COMMON_FINITE_CONFIDENCE_TASK,772978,147696154.45,3846254.02213,388497746.605
pauli_noncommuting,1/8,1,True,1e-6,ordinary,control_or_diagnostic,1.03144640128,1.03144640128,1.03144640128,136,2.50577437024,352.974977729,1,2,1.01539832063,10,0,0,5.9241894632577896e-05,7.25529105794e-102,2.78502622891e-07,ELIGIBLE_COMMON_FINITE_CONFIDENCE_TASK,767089,208648208,3844303.91178,545361890.382
pauli_noncommuting,1/8,1,True,1e-6,PTSC_K0,control_or_diagnostic,1.03209393276,1.03209393276,1.03209393276,134.910573104,2.48620192773,350.186434883,1,3,1.00833091156,14,0,0,7.075397297739983e-05,7.14541525586e-102,2.75357819041e-07,ELIGIBLE_COMMON_FINITE_CONFIDENCE_TASK,767569,207106347.373,3816663.05493,541422348.273
pauli_noncommuting,1/8,1,True,1e-6,A,control_or_diagnostic,1.03139252133,1.03139252133,1.03139252133,140,2.50581395349,352.013565891,1,3,1.01034934058,14,0,0,0.00010138284415006638,1.43710572879e-101,5.95976967233e-07,ELIGIBLE_COMMON_FINITE_CONFIDENCE_TASK,767146,214800880,3844650.30233,543927328.039
pauli_noncommuting,1/8,1,True,1e-6,CTS_collected,control_or_diagnostic,1.02543939761,1.02543939761,1.02543939761,135.344226358,2.48794533747,349.312347246,1,,,3,14,34,0.00015015201643109322,1.4287342391e-101,5.37506462417e-07,ELIGIBLE_COMMON_FINITE_CONFIDENCE_TASK,762708,206456248.395,3795151.6249,536660183.486
pauli_noncommuting,1/4,-1,False,1e-3,ordinary,control_or_diagnostic,1.12813017537,1.12813017537,1.12813017537,41.8228568271,0.5,112.372617929,0,2,1.05904772428,10,0,0,6.003584712743759e-05,7.36691092037e-102,0.000189647276751,ORDINARY_DIAGNOSTIC_NO_COHERENT_TASK,,,,
pauli_noncommuting,1/4,-1,False,1e-3,PTSC_K0,control_or_diagnostic,1.13343825712,1.13343825712,1.13343825712,40.6644428256,0.484100509828,109.432246133,0,3,1.03424505576,14,0,0,7.386365905404091e-05,7.15762367832e-102,0.000180315501955,ORDINARY_DIAGNOSTIC_NO_COHERENT_TASK,,,,
pauli_noncommuting,1/4,-1,False,1e-3,A,control_or_diagnostic,1.12728542752,1.12728542752,1.12728542752,38,0.5,99.9627460169,0,3,1.04061230865,14,0,0,9.66191291809082e-05,1.45663920471e-101,0.000328881882599,ORDINARY_DIAGNOSTIC_NO_COHERENT_TASK,,,,
pauli_noncommuting,1/4,-1,False,1e-3,CTS_collected,control_or_diagnostic,1.10231964737,1.10231964737,1.10231964737,37.2930969401,0.490698643949,103.046715229,0,,,3,14,34,0.00015053292736411095,7.14367119551e-102,0.000299132269194,ORDINARY_DIAGNOSTIC_NO_COHERENT_TASK,,,,
pauli_noncommuting,1/4,-1,False,1e-4,ordinary,control_or_diagnostic,1.12813017537,1.12813017537,1.12813017537,57.58666593,0.5,142.10690317,0,2,1.05904772428,10,0,0,5.8766920119524e-05,7.36691092037e-102,2.46427594181e-05,ORDINARY_DIAGNOSTIC_NO_COHERENT_TASK,,,,
pauli_noncommuting,1/4,-1,False,1e-4,PTSC_K0,control_or_diagnostic,1.13343825712,1.13343825712,1.13343825712,56.1556591401,0.484100509828,138.478276723,0,3,1.03424505576,14,0,0,7.071904838085175e-05,7.15762367832e-102,2.40382832753e-05,ORDINARY_DIAGNOSTIC_NO_COHERENT_TASK,,,,
pauli_noncommuting,1/4,-1,False,1e-4,A,control_or_diagnostic,1.12728542752,1.12728542752,1.12728542752,46,0.5,123.862777257,0,3,1.04061230865,14,0,0,9.776605293154716e-05,1.45663920471e-101,3.33897444568e-05,ORDINARY_DIAGNOSTIC_NO_COHERENT_TASK,,,,
pauli_noncommuting,1/4,-1,False,1e-4,CTS_collected,control_or_diagnostic,1.10231964737,1.10231964737,1.10231964737,49.0698643949,0.490698643949,121.693263699,0,,,3,14,34,0.00015032291412353516,7.14367119551e-102,3.24609278117e-05,ORDINARY_DIAGNOSTIC_NO_COHERENT_TASK,,,,
pauli_noncommuting,1/4,-1,False,1e-6,ordinary,control_or_diagnostic,1.12813017537,1.12813017537,1.12813017537,83.7638091029,0.5,216.372617929,0,2,1.05904772428,10,0,0,5.81890344619751e-05,7.36691092037e-102,2.3270055762e-07,ORDINARY_DIAGNOSTIC_NO_COHERENT_TASK,,,,
pauli_noncommuting,1/4,-1,False,1e-6,PTSC_K0,control_or_diagnostic,1.13343825712,1.13343825712,1.13343825712,81.3288856511,0.484100509828,210.125152177,0,3,1.03424505576,14,0,0,7.324060425162315e-05,7.15762367832e-102,2.22938209504e-07,ORDINARY_DIAGNOSTIC_NO_COHERENT_TASK,,,,
pauli_noncommuting,1/4,-1,False,1e-6,A,control_or_diagnostic,1.12728542752,1.12728542752,1.12728542752,68,0.5,176.062714777,0,3,1.04061230865,14,0,0,9.370176121592522e-05,1.45663920471e-101,2.07533279297e-07,ORDINARY_DIAGNOSTIC_NO_COHERENT_TASK,,,,
pauli_noncommuting,1/4,-1,False,1e-6,CTS_collected,control_or_diagnostic,1.10231964737,1.10231964737,1.10231964737,64.7722210013,0.490698643949,162.911949791,0,,,3,14,34,0.00015146378427743912,7.14367119551e-102,2.15539066618e-07,ORDINARY_DIAGNOSTIC_NO_COHERENT_TASK,,,,
pauli_noncommuting,1/4,-1,True,1e-3,ordinary,control_or_diagnostic,1.12813017537,1.12813017537,1.12813017537,83.7638091029,2.52214289661,211.667856551,1,2,1.05904772428,10,0,0,6.0185790061950684e-05,7.36691092037e-102,0.000486429484576,ELIGIBLE_COMMON_FINITE_CONFIDENCE_TASK,1028999,172385751.606,5190565.03693,440757020.446
pauli_noncommuting,1/4,-1,True,1e-3,PTSC_K0,control_or_diagnostic,1.13343825712,1.13343825712,1.13343825712,81.3288856511,2.44603346124,205.315181661,1,3,1.03424505576,14,0,0,7.868371903896332e-05,7.15762367832e-102,0.000466519325492,ELIGIBLE_COMMON_FINITE_CONFIDENCE_TASK,1024786,166689406.822,5013321.69323,425932177.507
pauli_noncommuting,1/4,-1,True,1e-3,A,control_or_diagnostic,1.12728542752,1.12728542752,1.12728542752,72,2.52272727273,189.053030303,1,3,1.04061230865,14,0,0,9.898887947201729e-05,1.45663920471e-101,0.000254817168194,ELIGIBLE_COMMON_FINITE_CONFIDENCE_TASK,930438,133983072,4694482.63636,356456436.818
pauli_noncommuting,1/4,-1,True,1e-3,CTS_collected,control_or_diagnostic,1.10231964737,1.10231964737,1.10231964737,66.7350155771,2.45349321974,173.72592267,1,,,3,14,34,0.0001505669206380844,7.14367119551e-102,0.00029934489958,ELIGIBLE_COMMON_FINITE_CONFIDENCE_TASK,927156,123747540.205,4549541.91929,326777843.118
pauli_noncommuting,1/4,-1,True,1e-4,ordinary,control_or_diagnostic,1.12813017537,1.12813017537,1.12813017537,99.8819045514,2.52214289661,252.815475862,1,2,1.05904772428,10,0,0,6.051221862435341e-05,7.36691092037e-102,7.35101369218e-05,ELIGIBLE_COMMON_FINITE_CONFIDENCE_TASK,863958,172587540.985,4358051.06533,441163695.789
pauli_noncommuting,1/4,-1,True,1e-4,PTSC_K0,control_or_diagnostic,1.13343825712,1.13343825712,1.13343825712,96.8201019656,2.44603346124,245.011423467,1,3,1.03424505576,14,0,0,7.406109943985939e-05,7.15762367832e-102,7.19020862433e-05,ELIGIBLE_COMMON_FINITE_CONFIDENCE_TASK,867451,167973388.54,4243628.34398,429408063.596
pauli_noncommuting,1/4,-1,True,1e-4,A,control_or_diagnostic,1.12728542752,1.12728542752,1.12728542752,100,2.52272727273,247.053030303,1,3,1.04061230865,14,0,0,9.77260060608387e-05,1.45663920471e-101,5.38130204742e-05,ELIGIBLE_COMMON_FINITE_CONFIDENCE_TASK,856460,171292000,4321230,427464376.667
pauli_noncommuting,1/4,-1,True,1e-4,CTS_collected,control_or_diagnostic,1.10231964737,1.10231964737,1.10231964737,94.2141396382,2.45349321974,244.386527399,1,,,3,14,34,0.0001505548134446144,7.14367119551e-102,6.67925347136e-05,ELIGIBLE_COMMON_FINITE_CONFIDENCE_TASK,841928,158643044.315,4131329.27903,415721360.479
pauli_noncommuting,1/4,-1,True,1e-6,ordinary,control_or_diagnostic,1.12813017537,1.12813017537,1.12813017537,140,2.52214289661,350.494524691,1,2,1.05904772428,10,0,0,5.9436075389385223e-05,7.36691092037e-102,7.21306334556e-07,ELIGIBLE_COMMON_FINITE_CONFIDENCE_TASK,839021,234925880,4232261.71051,592339638.201
pauli_noncommuting,1/4,-1,True,1e-6,PTSC_K0,control_or_diagnostic,1.13343825712,1.13343825712,1.13343825712,135.548142752,2.44603346124,338.926922373,1,3,1.03424505576,14,0,0,7.734214887022972e-05,7.15762367832e-102,7.00135056613e-07,ELIGIBLE_COMMON_FINITE_CONFIDENCE_TASK,842955,228521969.347,4123792.27264,575615062.699
pauli_noncommuting,1/4,-1,True,1e-6,A,control_or_diagnostic,1.12728542752,1.12728542752,1.12728542752,140,2.52272727273,359.053030303,1,3,1.04061230865,14,0,0,0.00010050181299448013,1.45663920471e-101,5.77681892125e-07,ELIGIBLE_COMMON_FINITE_CONFIDENCE_TASK,838346,234736880,4229836.63636,606213073.485
pauli_noncommuting,1/4,-1,True,1e-6,CTS_collected,control_or_diagnostic,1.10231964737,1.10231964737,1.10231964737,137.395620306,2.45349321974,344.489050764,1,,,3,14,34,0.00015357183292508125,7.14367119551e-102,5.94589648848e-07,ELIGIBLE_COMMON_FINITE_CONFIDENCE_TASK,819813,225277431.339,4022811.27392,568932269.348
pauli_noncommuting,1/4,1,False,1e-3,ordinary,control_or_diagnostic,1.12813017537,1.12813017537,1.12813017537,41.8228568271,0.5,109.490713378,0,2,1.05904772428,10,0,0,5.998415872454643e-05,7.36691092037e-102,0.000189647276751,ORDINARY_DIAGNOSTIC_NO_COHERENT_TASK,,,,
pauli_noncommuting,1/4,1,False,1e-3,PTSC_K0,control_or_diagnostic,1.13343825712,1.13343825712,1.13343825712,40.6644428256,0.484100509828,106.527643074,0,3,1.03424505576,14,0,0,7.413094863295555e-05,7.15762367832e-102,0.000180315501955,ORDINARY_DIAGNOSTIC_NO_COHERENT_TASK,,,,
pauli_noncommuting,1/4,1,False,1e-3,A,control_or_diagnostic,1.12728542752,1.12728542752,1.12728542752,38,0.5,97.0827085286,0,3,1.04061230865,14,0,0,9.783683344721794e-05,1.45663920471e-101,0.000328881882599,ORDINARY_DIAGNOSTIC_NO_COHERENT_TASK,,,,
pauli_noncommuting,1/4,1,False,1e-3,CTS_collected,control_or_diagnostic,1.10231964737,1.10231964737,1.10231964737,37.2930969401,0.490698643949,103.046715229,0,,,3,14,34,0.000150362029671669,7.14367119551e-102,0.000299132269194,ORDINARY_DIAGNOSTIC_NO_COHERENT_TASK,,,,
pauli_noncommuting,1/4,1,False,1e-4,ordinary,control_or_diagnostic,1.12813017537,1.12813017537,1.12813017537,57.58666593,0.5,154.752616824,0,2,1.05904772428,10,0,0,6.005400791764259e-05,7.36691092037e-102,2.46427594181e-05,ORDINARY_DIAGNOSTIC_NO_COHERENT_TASK,,,,
pauli_noncommuting,1/4,1,False,1e-4,PTSC_K0,control_or_diagnostic,1.13343825712,1.13343825712,1.13343825712,56.1556591401,0.484100509828,151.064889978,0,3,1.03424505576,14,0,0,7.250392809510231e-05,7.15762367832e-102,2.40382832753e-05,ORDINARY_DIAGNOSTIC_NO_COHERENT_TASK,,,,
pauli_noncommuting,1/4,1,False,1e-4,A,control_or_diagnostic,1.12728542752,1.12728542752,1.12728542752,46,0.5,116.182677288,0,3,1.04061230865,14,0,0,0.00010083010420203209,1.45663920471e-101,3.33897444568e-05,ORDINARY_DIAGNOSTIC_NO_COHERENT_TASK,,,,
pauli_noncommuting,1/4,1,False,1e-4,CTS_collected,control_or_diagnostic,1.10231964737,1.10231964737,1.10231964737,49.0698643949,0.490698643949,131.507236578,0,,,3,14,34,0.00014950614422559738,7.14367119551e-102,3.24609278117e-05,ORDINARY_DIAGNOSTIC_NO_COHERENT_TASK,,,,
pauli_noncommuting,1/4,1,False,1e-6,ordinary,control_or_diagnostic,1.12813017537,1.12813017537,1.12813017537,83.7638091029,0.5,215.254522481,0,2,1.05904772428,10,0,0,5.9131067246198654e-05,7.36691092037e-102,2.3270055762e-07,ORDINARY_DIAGNOSTIC_NO_COHERENT_TASK,,,,
pauli_noncommuting,1/4,1,False,1e-6,PTSC_K0,control_or_diagnostic,1.13343825712,1.13343825712,1.13343825712,81.3288856511,0.484100509828,209.156951158,0,3,1.03424505576,14,0,0,7.18170776963234e-05,7.15762367832e-102,2.22938209504e-07,ORDINARY_DIAGNOSTIC_NO_COHERENT_TASK,,,,
pauli_noncommuting,1/4,1,False,1e-6,A,control_or_diagnostic,1.12728542752,1.12728542752,1.12728542752,68,0.5,177.982739769,0,3,1.04061230865,14,0,0,9.676814079284668e-05,1.45663920471e-101,2.07533279297e-07,ORDINARY_DIAGNOSTIC_NO_COHERENT_TASK,,,,
pauli_noncommuting,1/4,1,False,1e-6,CTS_collected,control_or_diagnostic,1.10231964737,1.10231964737,1.10231964737,64.7722210013,0.490698643949,162.911949791,0,,,3,14,34,0.0001476537436246872,7.14367119551e-102,2.15539066618e-07,ORDINARY_DIAGNOSTIC_NO_COHERENT_TASK,,,,
pauli_noncommuting,1/4,1,True,1e-3,ordinary,control_or_diagnostic,1.12813017537,1.12813017537,1.12813017537,83.7638091029,2.52214289661,211.667856551,1,2,1.05904772428,10,0,0,5.893968045711517e-05,7.36691092037e-102,0.000486429484576,ELIGIBLE_COMMON_FINITE_CONFIDENCE_TASK,1028999,172385751.606,5190565.03693,440757020.446
pauli_noncommuting,1/4,1,True,1e-3,PTSC_K0,control_or_diagnostic,1.13343825712,1.13343825712,1.13343825712,81.3288856511,2.44603346124,205.315181661,1,3,1.03424505576,14,0,0,7.534725591540337e-05,7.15762367832e-102,0.000466519325492,ELIGIBLE_COMMON_FINITE_CONFIDENCE_TASK,1024786,166689406.822,5013321.69323,425932177.507
pauli_noncommuting,1/4,1,True,1e-3,A,control_or_diagnostic,1.12728542752,1.12728542752,1.12728542752,72,2.52272727273,189.053030303,1,3,1.04061230865,14,0,0,9.897910058498383e-05,1.45663920471e-101,0.000254817168194,ELIGIBLE_COMMON_FINITE_CONFIDENCE_TASK,930438,133983072,4694482.63636,356456436.818
pauli_noncommuting,1/4,1,True,1e-3,CTS_collected,control_or_diagnostic,1.10231964737,1.10231964737,1.10231964737,66.7350155771,2.45349321974,173.72592267,1,,,3,14,34,0.0001531112939119339,7.14367119551e-102,0.00029934489958,ELIGIBLE_COMMON_FINITE_CONFIDENCE_TASK,927156,123747540.205,4549541.91929,326777843.118
pauli_noncommuting,1/4,1,True,1e-4,ordinary,control_or_diagnostic,1.12813017537,1.12813017537,1.12813017537,99.8819045514,2.52214289661,252.815475862,1,2,1.05904772428,10,0,0,6.0519203543663025e-05,7.36691092037e-102,7.35101369218e-05,ELIGIBLE_COMMON_FINITE_CONFIDENCE_TASK,863958,172587540.985,4358051.06533,441163695.789
pauli_noncommuting,1/4,1,True,1e-4,PTSC_K0,control_or_diagnostic,1.13343825712,1.13343825712,1.13343825712,96.8201019656,2.44603346124,245.011423467,1,3,1.03424505576,14,0,0,7.3279719799757e-05,7.15762367832e-102,7.19020862433e-05,ELIGIBLE_COMMON_FINITE_CONFIDENCE_TASK,867451,167973388.54,4243628.34398,429408063.596
pauli_noncommuting,1/4,1,True,1e-4,A,control_or_diagnostic,1.12728542752,1.12728542752,1.12728542752,100,2.52272727273,247.053030303,1,3,1.04061230865,14,0,0,0.00010005291551351547,1.45663920471e-101,5.38130204742e-05,ELIGIBLE_COMMON_FINITE_CONFIDENCE_TASK,856460,171292000,4321230,427464376.667
pauli_noncommuting,1/4,1,True,1e-4,CTS_collected,control_or_diagnostic,1.10231964737,1.10231964737,1.10231964737,94.2141396382,2.45349321974,244.386527399,1,,,3,14,34,0.0001515410840511322,7.14367119551e-102,6.67925347136e-05,ELIGIBLE_COMMON_FINITE_CONFIDENCE_TASK,841928,158643044.315,4131329.27903,415721360.479
pauli_noncommuting,1/4,1,True,1e-6,ordinary,control_or_diagnostic,1.12813017537,1.12813017537,1.12813017537,140,2.52214289661,350.494524691,1,2,1.05904772428,10,0,0,6.214296445250511e-05,7.36691092037e-102,7.21306334556e-07,ELIGIBLE_COMMON_FINITE_CONFIDENCE_TASK,839021,234925880,4232261.71051,592339638.201
pauli_noncommuting,1/4,1,True,1e-6,PTSC_K0,control_or_diagnostic,1.13343825712,1.13343825712,1.13343825712,135.548142752,2.44603346124,338.926922373,1,3,1.03424505576,14,0,0,7.48378224670887e-05,7.15762367832e-102,7.00135056613e-07,ELIGIBLE_COMMON_FINITE_CONFIDENCE_TASK,842955,228521969.347,4123792.27264,575615062.699
pauli_noncommuting,1/4,1,True,1e-6,A,control_or_diagnostic,1.12728542752,1.12728542752,1.12728542752,140,2.52272727273,359.053030303,1,3,1.04061230865,14,0,0,9.984709322452545e-05,1.45663920471e-101,5.77681892125e-07,ELIGIBLE_COMMON_FINITE_CONFIDENCE_TASK,838346,234736880,4229836.63636,606213073.485
pauli_noncommuting,1/4,1,True,1e-6,CTS_collected,control_or_diagnostic,1.10231964737,1.10231964737,1.10231964737,137.395620306,2.45349321974,344.489050764,1,,,3,14,34,0.00015471410006284714,7.14367119551e-102,5.94589648848e-07,ELIGIBLE_COMMON_FINITE_CONFIDENCE_TASK,819813,225277431.339,4022811.27392,568932269.348
distinct_basis,1/8,-1,False,1e-3,ordinary,control_or_diagnostic,1.03144640128,1.03144640128,1.03144640128,57.1919978103,1.01010514791,146.791948707,0,2,1.01539832063,10,0,0,6.221607327461243e-05,7.25529105794e-102,0.000386645430978,ORDINARY_DIAGNOSTIC_NO_COHERENT_TASK,,,,
distinct_basis,1/8,-1,False,1e-3,PTSC_K0,control_or_diagnostic,1.03209393276,1.03209393276,1.03209393276,56.7755059649,1.00420550824,145.686311699,0,3,1.00833091156,14,0,0,7.486715912818909e-05,7.14541525586e-102,0.000384491078106,ORDINARY_DIAGNOSTIC_NO_COHERENT_TASK,,,,
distinct_basis,1/8,-1,False,1e-3,A,control_or_diagnostic,1.03139252133,1.03139252133,1.03139252133,57.1382248565,1.00727499245,149.557407442,0,3,1.01034934058,14,0,0,9.85139049589634e-05,1.43710572879e-101,0.000443421236688,ORDINARY_DIAGNOSTIC_NO_COHERENT_TASK,,,,
distinct_basis,1/8,-1,False,1e-4,ordinary,control_or_diagnostic,1.03144640128,1.03144640128,1.03144640128,77.2218320566,1.01010514791,194.338384267,0,2,1.01539832063,10,0,0,6.181793287396431e-05,7.25529105794e-102,2.79097318364e-05,ORDINARY_DIAGNOSTIC_NO_COHERENT_TASK,,,,
distinct_basis,1/8,-1,False,1e-4,PTSC_K0,control_or_diagnostic,1.03209393276,1.03209393276,1.03209393276,76.688592128,1.00420550824,192.982945336,0,3,1.00833091156,14,0,0,7.392372936010361e-05,7.14541525586e-102,2.75941552446e-05,ORDINARY_DIAGNOSTIC_NO_COHERENT_TASK,,,,
distinct_basis,1/8,-1,False,1e-4,A,control_or_diagnostic,1.03139252133,1.03139252133,1.03139252133,73.1818748112,1.00727499245,182.250521934,0,3,1.01034934058,14,0,0,9.831786155700684e-05,1.43710572879e-101,3.2496873594e-05,ORDINARY_DIAGNOSTIC_NO_COHERENT_TASK,,,,
distinct_basis,1/8,-1,False,1e-6,ordinary,control_or_diagnostic,1.03144640128,1.03144640128,1.03144640128,106.328176708,1.01010514791,276.075855243,0,2,1.01539832063,10,0,0,5.684792995452881e-05,7.25529105794e-102,2.73779100399e-07,ORDINARY_DIAGNOSTIC_NO_COHERENT_TASK,,,,
distinct_basis,1/8,-1,False,1e-6,PTSC_K0,control_or_diagnostic,1.03209393276,1.03209393276,1.03209393276,105.566231864,1.00420550824,274.117166251,0,3,1.00833091156,14,0,0,7.315678521990776e-05,7.14541525586e-102,2.72291014139e-07,ORDINARY_DIAGNOSTIC_NO_COHERENT_TASK,,,,
distinct_basis,1/8,-1,False,1e-6,A,control_or_diagnostic,1.03139252133,1.03139252133,1.03139252133,102.247349743,1.00727499245,263.875093439,0,3,1.01034934058,14,0,0,9.573297575116158e-05,1.43710572879e-101,3.88718611566e-07,ORDINARY_DIAGNOSTIC_NO_COHERENT_TASK,,,,
distinct_basis,1/8,-1,True,1e-3,ordinary,primary_native_controlled,1.03144640128,1.03144640128,1.03144640128,91.2535910929,3.01587951815,235.903586531,1,2,1.01539832063,10,0,0,5.8338046073913574e-05,7.25529105794e-102,0.000787643431643,ELIGIBLE_COMMON_FINITE_CONFIDENCE_TASK,1080098,197125642.464,6514890.87159,514998474.01
distinct_basis,1/8,-1,True,1e-3,PTSC_K0,primary_native_controlled,1.03209393276,1.03209393276,1.03209393276,90.5031492408,2.99439265568,233.969372675,1,3,1.00833091156,14,0,0,6.994977593421936e-05,7.14541525586e-102,0.00078500011897,ELIGIBLE_COMMON_FINITE_CONFIDENCE_TASK,1079422,195382180.72,6464426.61836,510500486.384
distinct_basis,1/8,-1,True,1e-3,A,primary_native_controlled,1.03139252133,1.03139252133,1.03139252133,99.1382248565,3.01308894594,249.612164313,1,3,1.01034934058,14,0,0,9.531201794743538e-05,1.43710572879e-101,0.000741467637417,ELIGIBLE_COMMON_FINITE_CONFIDENCE_TASK,1056779,209534388.251,6368338.2464,532853681.782
distinct_basis,1/8,-1,True,1e-4,ordinary,primary_native_controlled,1.03144640128,1.03144640128,1.03144640128,129.160238774,3.01587951815,336.103559878,1,2,1.01539832063,10,0,0,5.8173201978206635e-05,7.25529105794e-102,6.9653319752e-05,ELIGIBLE_COMMON_FINITE_CONFIDENCE_TASK,788792,203761126.126,4757803.27376,534175558.406
distinct_basis,1/8,-1,True,1e-4,PTSC_K0,primary_native_controlled,1.03209393276,1.03209393276,1.03209393276,128.27204655,2.99439265568,333.841450243,1,3,1.00833091156,14,0,0,7.138308137655258e-05,7.14541525586e-102,6.93335225063e-05,ELIGIBLE_COMMON_FINITE_CONFIDENCE_TASK,789185,202460750.113,4726259.53595,530871254.82
distinct_basis,1/8,-1,True,1e-4,A,primary_native_controlled,1.03139252133,1.03139252133,1.03139252133,117.181874811,3.01308894594,300.217651704,1,3,1.01034934058,14,0,0,0.00010224990546703339,1.43710572879e-101,7.27814822587e-05,ELIGIBLE_COMMON_FINITE_CONFIDENCE_TASK,789751,185089005.628,4759180.01629,478143136.302
distinct_basis,1/8,-1,True,1e-6,ordinary,primary_native_controlled,1.03144640128,1.03144640128,1.03144640128,170.343575029,3.01587951815,440.095103144,1,2,1.01539832063,10,0,0,6.043305620551109e-05,7.25529105794e-102,4.28601858569e-07,ELIGIBLE_COMMON_FINITE_CONFIDENCE_TASK,767135,261353036.86,4627173.46831,679060388.901
distinct_basis,1/8,-1,True,1e-6,PTSC_K0,primary_native_controlled,1.03209393276,1.03209393276,1.03209393276,169.053560384,2.99439265568,436.799440336,1,3,1.00833091156,14,0,0,7.216818630695343e-05,7.14541525586e-102,4.24627215068e-07,ELIGIBLE_COMMON_FINITE_CONFIDENCE_TASK,767614,259535759.401,4597075.448,674424801.188
distinct_basis,1/8,-1,True,1e-6,A,primary_native_controlled,1.03139252133,1.03139252133,1.03139252133,174.247349743,3.01308894594,438.888614026,1,3,1.01034934058,14,0,0,9.751692414283752e-05,1.43710572879e-101,7.4565173905e-07,ELIGIBLE_COMMON_FINITE_CONFIDENCE_TASK,767192,267362345.488,4623235.46922,677259627.144
distinct_basis,1/8,1,False,1e-3,ordinary,control_or_diagnostic,1.03144640128,1.03144640128,1.03144640128,57.1919978103,1.01010514791,149.722656264,0,2,1.01539832063,10,0,0,6.13662414252758e-05,7.25529105794e-102,0.000387371571015,ORDINARY_DIAGNOSTIC_NO_COHERENT_TASK,,,,
distinct_basis,1/8,1,False,1e-3,PTSC_K0,control_or_diagnostic,1.03209393276,1.03209393276,1.03209393276,56.7755059649,1.00420550824,148.662280224,0,3,1.00833091156,14,0,0,7.20820389688015e-05,7.14541525586e-102,0.000384491078106,ORDINARY_DIAGNOSTIC_NO_COHERENT_TASK,,,,
distinct_basis,1/8,1,False,1e-3,A,control_or_diagnostic,1.03139252133,1.03139252133,1.03139252133,57.1382248565,1.00727499245,138.670807221,0,3,1.01034934058,14,0,0,9.670807048678398e-05,1.43710572879e-101,0.000443421236688,ORDINARY_DIAGNOSTIC_NO_COHERENT_TASK,,,,
distinct_basis,1/8,1,False,1e-4,ordinary,control_or_diagnostic,1.03144640128,1.03144640128,1.03144640128,77.2218320566,1.01010514791,196.307587626,0,2,1.01539832063,10,0,0,5.8205798268318176e-05,7.25529105794e-102,2.79097318364e-05,ORDINARY_DIAGNOSTIC_NO_COHERENT_TASK,,,,
distinct_basis,1/8,1,False,1e-4,PTSC_K0,control_or_diagnostic,1.03209393276,1.03209393276,1.03209393276,76.688592128,1.00420550824,194.966924353,0,3,1.00833091156,14,0,0,7.470836862921715e-05,7.14541525586e-102,2.75941552446e-05,ORDINARY_DIAGNOSTIC_NO_COHERENT_TASK,,,,
distinct_basis,1/8,1,False,1e-4,A,control_or_diagnostic,1.03139252133,1.03139252133,1.03139252133,73.1818748112,1.00727499245,188.18866751,0,3,1.01034934058,14,0,0,9.572505950927734e-05,1.43710572879e-101,3.2496873594e-05,ORDINARY_DIAGNOSTIC_NO_COHERENT_TASK,,,,
distinct_basis,1/8,1,False,1e-6,ordinary,control_or_diagnostic,1.03144640128,1.03144640128,1.03144640128,106.328176708,1.01010514791,266.122050205,0,2,1.01539832063,10,0,0,5.917996168136597e-05,7.25529105794e-102,2.73779100399e-07,ORDINARY_DIAGNOSTIC_NO_COHERENT_TASK,,,,
distinct_basis,1/8,1,False,1e-6,PTSC_K0,control_or_diagnostic,1.03209393276,1.03209393276,1.03209393276,105.566231864,1.00420550824,264.19727117,0,3,1.00833091156,14,0,0,6.874231621623039e-05,7.14541525586e-102,2.72291014139e-07,ORDINARY_DIAGNOSTIC_NO_COHERENT_TASK,,,,
distinct_basis,1/8,1,False,1e-6,A,control_or_diagnostic,1.03139252133,1.03139252133,1.03139252133,102.247349743,1.00727499245,260.906020651,0,3,1.01034934058,14,0,0,9.47839580476284e-05,1.43710572879e-101,3.88718611566e-07,ORDINARY_DIAGNOSTIC_NO_COHERENT_TASK,,,,
distinct_basis,1/8,1,True,1e-3,ordinary,primary_native_controlled,1.03144640128,1.03144640128,1.03144640128,91.2535910929,3.01587951815,235.903586531,1,2,1.01539832063,10,0,0,5.7915691286325455e-05,7.25529105794e-102,0.000787643431643,ELIGIBLE_COMMON_FINITE_CONFIDENCE_TASK,1080098,197125642.464,6514890.87159,514998474.01
distinct_basis,1/8,1,True,1e-3,PTSC_K0,primary_native_controlled,1.03209393276,1.03209393276,1.03209393276,90.5031492408,2.99439265568,233.969372675,1,3,1.00833091156,14,0,0,6.975186988711357e-05,7.14541525586e-102,0.00078500011897,ELIGIBLE_COMMON_FINITE_CONFIDENCE_TASK,1079422,195382180.72,6464426.61836,510500486.384
distinct_basis,1/8,1,True,1e-3,A,primary_native_controlled,1.03139252133,1.03139252133,1.03139252133,99.1382248565,3.01308894594,249.612164313,1,3,1.01034934058,14,0,0,9.522587060928345e-05,1.43710572879e-101,0.000741467637417,ELIGIBLE_COMMON_FINITE_CONFIDENCE_TASK,1056779,209534388.251,6368338.2464,532853681.782
distinct_basis,1/8,1,True,1e-4,ordinary,primary_native_controlled,1.03144640128,1.03144640128,1.03144640128,129.160238774,3.01587951815,336.103559878,1,2,1.01539832063,10,0,0,6.234180182218552e-05,7.25529105794e-102,6.9653319752e-05,ELIGIBLE_COMMON_FINITE_CONFIDENCE_TASK,788792,203761126.126,4757803.27376,534175558.406
distinct_basis,1/8,1,True,1e-4,PTSC_K0,primary_native_controlled,1.03209393276,1.03209393276,1.03209393276,128.27204655,2.99439265568,333.841450243,1,3,1.00833091156,14,0,0,6.970064714550972e-05,7.14541525586e-102,6.93335225063e-05,ELIGIBLE_COMMON_FINITE_CONFIDENCE_TASK,789185,202460750.113,4726259.53595,530871254.82
distinct_basis,1/8,1,True,1e-4,A,primary_native_controlled,1.03139252133,1.03139252133,1.03139252133,117.181874811,3.01308894594,300.217651704,1,3,1.01034934058,14,0,0,9.719282388687134e-05,1.43710572879e-101,7.27814822587e-05,ELIGIBLE_COMMON_FINITE_CONFIDENCE_TASK,789751,185089005.628,4759180.01629,478143136.302
distinct_basis,1/8,1,True,1e-6,ordinary,primary_native_controlled,1.03144640128,1.03144640128,1.03144640128,170.343575029,3.01587951815,440.095103144,1,2,1.01539832063,10,0,0,5.860719829797745e-05,7.25529105794e-102,4.28601858569e-07,ELIGIBLE_COMMON_FINITE_CONFIDENCE_TASK,767135,261353036.86,4627173.46831,679060388.901
distinct_basis,1/8,1,True,1e-6,PTSC_K0,primary_native_controlled,1.03209393276,1.03209393276,1.03209393276,169.053560384,2.99439265568,436.799440336,1,3,1.00833091156,14,0,0,7.393630221486092e-05,7.14541525586e-102,4.24627215068e-07,ELIGIBLE_COMMON_FINITE_CONFIDENCE_TASK,767614,259535759.401,4597075.448,674424801.188
distinct_basis,1/8,1,True,1e-6,A,primary_native_controlled,1.03139252133,1.03139252133,1.03139252133,174.247349743,3.01308894594,438.888614026,1,3,1.01034934058,14,0,0,9.591272100806236e-05,1.43710572879e-101,7.4565173905e-07,ELIGIBLE_COMMON_FINITE_CONFIDENCE_TASK,767192,267362345.488,4623235.46922,677259627.144
distinct_basis,1/4,-1,False,1e-3,ordinary,control_or_diagnostic,1.12813017537,1.12813017537,1.12813017537,61.5591081393,1.03875006906,162.531058831,0,2,1.05904772428,10,0,0,5.853921175003052e-05,7.36691092037e-102,0.000351288971387,ORDINARY_DIAGNOSTIC_NO_COHERENT_TASK,,,,
distinct_basis,1/4,-1,False,1e-3,PTSC_K0,control_or_diagnostic,1.13343825712,1.13343825712,1.13343825712,59.9955802843,1.0174282873,158.572235384,0,3,1.03424505576,14,0,0,7.044011726975441e-05,7.15762367832e-102,0.000339011312915,ORDINARY_DIAGNOSTIC_NO_COHERENT_TASK,,,,
distinct_basis,1/4,-1,False,1e-3,A,control_or_diagnostic,1.12728542752,1.12728542752,1.12728542752,57.5419985942,1.0285262418,149.617663425,0,3,1.04061230865,14,0,0,9.135808795690536e-05,1.45663920471e-101,0.00048887269529,ORDINARY_DIAGNOSTIC_NO_COHERENT_TASK,,,,
distinct_basis,1/4,-1,False,1e-4,ordinary,control_or_diagnostic,1.12813017537,1.12813017537,1.12813017537,83.5554176565,1.03875006906,207.327220073,0,2,1.05904772428,10,0,0,5.708634853363037e-05,7.36691092037e-102,3.38065207849e-05,ORDINARY_DIAGNOSTIC_NO_COHERENT_TASK,,,,
distinct_basis,1/4,-1,False,1e-4,PTSC_K0,control_or_diagnostic,1.13343825712,1.13343825712,1.13343825712,81.5913663226,1.0174282873,202.370976139,0,3,1.03424505576,14,0,0,7.060496136546135e-05,7.15762367832e-102,3.3035037144e-05,ORDINARY_DIAGNOSTIC_NO_COHERENT_TASK,,,,
distinct_basis,1/4,-1,False,1e-4,A,control_or_diagnostic,1.12728542752,1.12728542752,1.12728542752,71.713156045,1.0285262418,188.431325172,0,3,1.04061230865,14,0,0,9.519141167402267e-05,1.45663920471e-101,4.24599143266e-05,ORDINARY_DIAGNOSTIC_NO_COHERENT_TASK,,,,
distinct_basis,1/4,-1,False,1e-6,ordinary,control_or_diagnostic,1.12813017537,1.12813017537,1.12813017537,119.081311451,1.03875006906,306.003561455,0,2,1.05904772428,10,0,0,5.758367478847504e-05,7.36691092037e-102,3.94128695648e-07,ORDINARY_DIAGNOSTIC_NO_COHERENT_TASK,,,,
distinct_basis,1/4,-1,False,1e-6,PTSC_K0,control_or_diagnostic,1.13343825712,1.13343825712,1.13343825712,115.921447419,1.0174282873,297.927416345,0,3,1.03424505576,14,0,0,6.917119026184082e-05,7.15762367832e-102,3.81424355878e-07,ORDINARY_DIAGNOSTIC_NO_COHERENT_TASK,,,,
distinct_basis,1/4,-1,False,1e-6,A,control_or_diagnostic,1.12728542752,1.12728542752,1.12728542752,102.969892221,1.0285262418,264.801629374,0,3,1.04061230865,14,0,0,9.325612336397171e-05,1.45663920471e-101,3.67312716481e-07,ORDINARY_DIAGNOSTIC_NO_COHERENT_TASK,,,,
distinct_basis,1/4,-1,True,1e-3,ordinary,primary_native_controlled,1.12813017537,1.12813017537,1.12813017537,103.500060415,3.06089296567,261.782011659,1,2,1.05904772428,10,0,0,5.914689972996712e-05,7.36691092037e-102,0.000648071179212,ELIGIBLE_COMMON_FINITE_CONFIDENCE_TASK,1106746,229096555.728,6775262.09236,584986118.551
distinct_basis,1/4,-1,True,1e-3,PTSC_K0,primary_native_controlled,1.13343825712,1.13343825712,1.13343825712,100.66002311,2.97920835901,254.408236839,1,3,1.03424505576,14,0,0,7.04517588019371e-05,7.15762367832e-102,0.000625215136452,ELIGIBLE_COMMON_FINITE_CONFIDENCE_TASK,1100374,221527344.539,6556486.83767,565390288.408
distinct_basis,1/4,-1,True,1e-3,A,primary_native_controlled,1.12728542752,1.12728542752,1.12728542752,91.5419985942,3.05125351453,238.669990823,1,3,1.04061230865,14,0,0,9.51811671257019e-05,1.45663920471e-101,0.000414807980884,ELIGIBLE_COMMON_FINITE_CONFIDENCE_TASK,996403,182425444.05,6080556.31127,480605004.732
distinct_basis,1/4,-1,True,1e-4,ordinary,primary_native_controlled,1.12813017537,1.12813017537,1.12813017537,125.850656278,3.06089296567,317.991506971,1,2,1.05904772428,10,0,0,5.9120357036590576e-05,7.36691092037e-102,8.26738982886e-05,ELIGIBLE_COMMON_FINITE_CONFIDENCE_TASK,867176,218269337.417,5308665.83679,555845086.098
distinct_basis,1/4,-1,True,1e-4,PTSC_K0,primary_native_controlled,1.13343825712,1.13343825712,1.13343825712,122.255809148,2.97920835901,308.857188811,1,3,1.03424505576,14,0,0,7.143290713429451e-05,7.15762367832e-102,8.0898840112e-05,ELIGIBLE_COMMON_FINITE_CONFIDENCE_TASK,870622,212877194.144,5187528.67987,542148836.874
distinct_basis,1/4,-1,True,1e-4,A,primary_native_controlled,1.12728542752,1.12728542752,1.12728542752,125.713156045,3.05125351453,311.583621329,1,3,1.04061230865,14,0,0,9.52528789639473e-05,1.45663920471e-101,6.28831903439e-05,ELIGIBLE_COMMON_FINITE_CONFIDENCE_TASK,859605,216127315.004,5245745.55471,539975702.625
distinct_basis,1/4,-1,True,1e-6,ordinary,primary_native_controlled,1.12813017537,1.12813017537,1.12813017537,175.317502348,3.06089296567,440.081182423,1,2,1.05904772428,10,0,0,5.778297781944275e-05,7.36691092037e-102,8.82734472585e-07,ELIGIBLE_COMMON_FINITE_CONFIDENCE_TASK,839075,294209066.565,5136637.53034,742717611.284
distinct_basis,1/4,-1,True,1e-6,PTSC_K0,primary_native_controlled,1.13343825712,1.13343825712,1.13343825712,170.14070452,2.97920835901,426.682252469,1,3,1.03424505576,14,0,0,7.194606587290764e-05,7.15762367832e-102,8.58621202987e-07,ELIGIBLE_COMMON_FINITE_CONFIDENCE_TASK,843009,286860290.354,5022998.91903,723609002.944
distinct_basis,1/4,-1,True,1e-6,A,primary_native_controlled,1.12728542752,1.12728542752,1.12728542752,174.969892221,3.05125351453,447.753988012,1,3,1.04061230865,14,0,0,9.748199954628944e-05,1.45663920471e-101,7.37461329308e-07,ELIGIBLE_COMMON_FINITE_CONFIDENCE_TASK,838399,293389165.337,5116335.79065,754984986.59
distinct_basis,1/4,1,False,1e-3,ordinary,control_or_diagnostic,1.12813017537,1.12813017537,1.12813017537,61.5591081393,1.03875006906,159.649154279,0,2,1.05904772428,10,0,0,5.7992059737443924e-05,7.36691092037e-102,0.000351288971387,ORDINARY_DIAGNOSTIC_NO_COHERENT_TASK,,,,
distinct_basis,1/4,1,False,1e-3,PTSC_K0,control_or_diagnostic,1.13343825712,1.13343825712,1.13343825712,59.9955802843,1.0174282873,155.667632325,0,3,1.03424505576,14,0,0,7.020076736807823e-05,7.15762367832e-102,0.000339011312915,ORDINARY_DIAGNOSTIC_NO_COHERENT_TASK,,,,
distinct_basis,1/4,1,False,1e-3,A,control_or_diagnostic,1.12728542752,1.12728542752,1.12728542752,57.5419985942,1.0285262418,146.737625937,0,3,1.04061230865,14,0,0,9.59150493144989e-05,1.45663920471e-101,0.00048887269529,ORDINARY_DIAGNOSTIC_NO_COHERENT_TASK,,,,
distinct_basis,1/4,1,False,1e-4,ordinary,control_or_diagnostic,1.12813017537,1.12813017537,1.12813017537,83.5554176565,1.03875006906,219.972933727,0,2,1.05904772428,10,0,0,5.74248842895031e-05,7.36691092037e-102,3.38065207849e-05,ORDINARY_DIAGNOSTIC_NO_COHERENT_TASK,,,,
distinct_basis,1/4,1,False,1e-4,PTSC_K0,control_or_diagnostic,1.13343825712,1.13343825712,1.13343825712,81.5913663226,1.0174282873,214.957589395,0,3,1.03424505576,14,0,0,6.955629214644432e-05,7.15762367832e-102,3.3035037144e-05,ORDINARY_DIAGNOSTIC_NO_COHERENT_TASK,,,,
distinct_basis,1/4,1,False,1e-4,A,control_or_diagnostic,1.12728542752,1.12728542752,1.12728542752,71.713156045,1.0285262418,180.751225203,0,3,1.04061230865,14,0,0,9.340979158878326e-05,1.45663920471e-101,4.24599143266e-05,ORDINARY_DIAGNOSTIC_NO_COHERENT_TASK,,,,
distinct_basis,1/4,1,False,1e-6,ordinary,control_or_diagnostic,1.12813017537,1.12813017537,1.12813017537,119.081311451,1.03875006906,304.885466007,0,2,1.05904772428,10,0,0,5.8101024478673935e-05,7.36691092037e-102,3.94128695648e-07,ORDINARY_DIAGNOSTIC_NO_COHERENT_TASK,,,,
distinct_basis,1/4,1,False,1e-6,PTSC_K0,control_or_diagnostic,1.13343825712,1.13343825712,1.13343825712,115.921447419,1.0174282873,296.959215326,0,3,1.03424505576,14,0,0,6.896397098898888e-05,7.15762367832e-102,3.81424355878e-07,ORDINARY_DIAGNOSTIC_NO_COHERENT_TASK,,,,
distinct_basis,1/4,1,False,1e-6,A,control_or_diagnostic,1.12728542752,1.12728542752,1.12728542752,102.969892221,1.0285262418,266.721654366,0,3,1.04061230865,14,0,0,9.412458166480064e-05,1.45663920471e-101,3.67312716481e-07,ORDINARY_DIAGNOSTIC_NO_COHERENT_TASK,,,,
distinct_basis,1/4,1,True,1e-3,ordinary,primary_native_controlled,1.12813017537,1.12813017537,1.12813017537,103.500060415,3.06089296567,261.782011659,1,2,1.05904772428,10,0,0,5.703512579202652e-05,7.36691092037e-102,0.000648071179212,ELIGIBLE_COMMON_FINITE_CONFIDENCE_TASK,1106746,229096555.728,6775262.09236,584986118.551
distinct_basis,1/4,1,True,1e-3,PTSC_K0,primary_native_controlled,1.13343825712,1.13343825712,1.13343825712,100.66002311,2.97920835901,254.408236839,1,3,1.03424505576,14,0,0,6.949389353394508e-05,7.15762367832e-102,0.000625215136452,ELIGIBLE_COMMON_FINITE_CONFIDENCE_TASK,1100374,221527344.539,6556486.83767,565390288.408
distinct_basis,1/4,1,True,1e-3,A,primary_native_controlled,1.12728542752,1.12728542752,1.12728542752,91.5419985942,3.05125351453,238.669990823,1,3,1.04061230865,14,0,0,9.642494842410088e-05,1.45663920471e-101,0.000414807980884,ELIGIBLE_COMMON_FINITE_CONFIDENCE_TASK,996403,182425444.05,6080556.31127,480605004.732
distinct_basis,1/4,1,True,1e-4,ordinary,primary_native_controlled,1.12813017537,1.12813017537,1.12813017537,125.850656278,3.06089296567,317.991506971,1,2,1.05904772428,10,0,0,5.783466622233391e-05,7.36691092037e-102,8.26738982886e-05,ELIGIBLE_COMMON_FINITE_CONFIDENCE_TASK,867176,218269337.417,5308665.83679,555845086.098
distinct_basis,1/4,1,True,1e-4,PTSC_K0,primary_native_controlled,1.13343825712,1.13343825712,1.13343825712,122.255809148,2.97920835901,308.857188811,1,3,1.03424505576,14,0,0,7.049785926938057e-05,7.15762367832e-102,8.0898840112e-05,ELIGIBLE_COMMON_FINITE_CONFIDENCE_TASK,870622,212877194.144,5187528.67987,542148836.874
distinct_basis,1/4,1,True,1e-4,A,primary_native_controlled,1.12728542752,1.12728542752,1.12728542752,125.713156045,3.05125351453,311.583621329,1,3,1.04061230865,14,0,0,9.841378778219223e-05,1.45663920471e-101,6.28831903439e-05,ELIGIBLE_COMMON_FINITE_CONFIDENCE_TASK,859605,216127315.004,5245745.55471,539975702.625
distinct_basis,1/4,1,True,1e-6,ordinary,primary_native_controlled,1.12813017537,1.12813017537,1.12813017537,175.317502348,3.06089296567,440.081182423,1,2,1.05904772428,10,0,0,6.416114047169685e-05,7.36691092037e-102,8.82734472585e-07,ELIGIBLE_COMMON_FINITE_CONFIDENCE_TASK,839075,294209066.565,5136637.53034,742717611.284
distinct_basis,1/4,1,True,1e-6,PTSC_K0,primary_native_controlled,1.13343825712,1.13343825712,1.13343825712,170.14070452,2.97920835901,426.682252469,1,3,1.03424505576,14,0,0,7.327273488044739e-05,7.15762367832e-102,8.58621202987e-07,ELIGIBLE_COMMON_FINITE_CONFIDENCE_TASK,843009,286860290.354,5022998.91903,723609002.944
distinct_basis,1/4,1,True,1e-6,A,primary_native_controlled,1.12728542752,1.12728542752,1.12728542752,174.969892221,3.05125351453,447.753988012,1,3,1.04061230865,14,0,0,0.00010311463847756386,1.45663920471e-101,7.37461329308e-07,ELIGIBLE_COMMON_FINITE_CONFIDENCE_TASK,838399,293389165.337,5116335.79065,754984986.59
