dataset,candidate_id,epsilon_min,strict_boundary,inside_display_range
development,B0-rank3-q1-r0-K0,0.1593547871565706,True,False
development,B0-rank3-q2-r0-K0,0.16621667438535975,True,False
development,B0-rank3-q4-r0-K0,0.16779264678462016,True,False
development,B0-rank3-q8-r0-K0,0.1681785435096518,True,False
development,B0-rank6-q1-r0-K0,0.0169535388496449,True,True
development,B0-rank6-q2-r0-K0,0.024449044348730183,True,True
development,B0-rank6-q4-r0-K0,0.026207281813022978,True,True
development,B0-rank6-q8-r0-K0,0.026640048188639215,True,True
development,B0-rank9-q1-r0-K0,0.010184552019249145,True,True
development,B0-rank9-q2-r0-K0,0.0024255322146783053,True,False
development,B0-rank9-q4-r0-K0,0.0005991963740114494,True,False
development,B0-rank9-q8-r0-K0,0.00014929208480756793,True,False
development,B1-rank12-q1-r0-K0,0.010184642692195597,True,True
development,B1-rank12-q2-r0-K0,0.002425623046237577,True,False
development,B1-rank12-q4-r0-K0,0.0005992872373833854,True,False
development,B1-rank12-q8-r0-K0,0.0001493829556395627,True,False
development,B2-rank3-q1-r1-K2,0.010217859032660394,True,True
development,B2-rank3-q1-r1-K4,0.010162985976117284,True,True
development,B2-rank3-q1-r2-K2,0.010167876197114564,True,True
development,B2-rank3-q1-r2-K4,0.010163295046539022,True,True
development,B2-rank3-q1-r4-K2,0.01016372648211009,True,True
development,B2-rank3-q1-r4-K4,0.010163301437072314,True,True
development,B2-rank3-q1-r8-K2,0.010163345365333401,True,True
development,B2-rank3-q1-r8-K4,0.0101633015830621,True,True
development,B2-rank3-q1-r16-K2,0.010163306472110126,True,True
development,B2-rank3-q1-r16-K4,0.010163301586769953,True,True
development,B2-rank3-q1-r32-K2,0.010163302160736524,True,True
development,B2-rank3-q1-r32-K4,0.01016330158687244,True,True
development,B2-rank3-q2-r1-K2,0.0024253260817104784,True,False
development,B2-rank3-q2-r1-K4,0.002420772807544703,True,False
development,B2-rank3-q2-r2-K2,0.002421207761288594,True,False
development,B2-rank3-q2-r2-K4,0.0024207791428822577,True,False
development,B2-rank3-q2-r4-K2,0.0024208239605200206,True,False
development,B2-rank3-q2-r4-K4,0.0024207792897476465,True,False
development,B2-rank3-q2-r8-K2,0.0024207843175043124,True,False
development,B2-rank3-q2-r8-K4,0.0024207792935223454,True,False
development,B2-rank3-q2-r16-K2,0.00242077988654399,True,False
development,B2-rank3-q2-r16-K4,0.0024207792936278556,True,False
development,B2-rank3-q2-r32-K2,0.002420779365549944,True,False
development,B2-rank3-q2-r32-K4,0.00242077929362919,True,False
development,B2-rank3-q4-r1-K2,0.0005985331564885062,True,False
development,B2-rank3-q4-r1-K4,0.0005981040724362777,True,False
development,B2-rank3-q4-r2-K2,0.0005981490551926959,True,False
development,B2-rank3-q4-r2-K4,0.000598104219382487,True,False
development,B2-rank3-q4-r4-K2,0.0005981092744517352,True,False
development,B2-rank3-q4-r4-K4,0.0005981042231714734,True,False
development,B2-rank3-q4-r8-K2,0.0005981048200203365,True,False
development,B2-rank3-q4-r8-K4,0.0005981042232763555,True,False
development,B2-rank3-q4-r16-K2,0.0005981042957025225,True,False
development,B2-rank3-q4-r16-K4,0.0005981042232781219,True,False
development,B2-rank3-q4-r32-K2,0.000598104232193892,True,False
development,B2-rank3-q4-r32-K4,0.0005981042232786321,True,False
development,B2-rank3-q8-r1-K2,0.0001491337775372565,True,False
development,B2-rank3-q8-r1-K4,0.00014908890354765883,True,False
development,B2-rank3-q8-r2-K2,0.00014909396504765248,True,False
development,B2-rank3-q8-r2-K4,0.00014908890733731248,True,False
development,B2-rank3-q8-r4-K2,0.00014908950509702552,True,False
development,B2-rank3-q8-r4-K4,0.00014908890744294047,True,False
development,B2-rank3-q8-r8-K2,0.0001490889799913784,True,False
development,B2-rank3-q8-r8-K4,0.0001490889074474545,True,False
development,B2-rank3-q8-r16-K2,0.00014908891638006376,True,False
development,B2-rank3-q8-r16-K4,0.00014908890744655168,True,False
development,B2-rank3-q8-r32-K2,0.00014908890855652853,True,False
development,B2-rank3-q8-r32-K4,0.00014908890744839653,True,False
development,B2-rank6-q1-r1-K2,0.010184643613898238,True,True
development,B2-rank6-q1-r1-K4,0.010184642796672493,True,True
development,B2-rank6-q1-r2-K2,0.010184642894591584,True,True
development,B2-rank6-q1-r2-K4,0.010184642796680894,True,True
development,B2-rank6-q1-r4-K2,0.010184642808654889,True,True
development,B2-rank6-q1-r4-K4,0.010184642796681326,True,True
development,B2-rank6-q1-r8-K2,0.010184642798161569,True,True
development,B2-rank6-q1-r8-K4,0.010184642796681168,True,True
development,B2-rank6-q1-r16-K2,0.010184642796865576,True,True
development,B2-rank6-q1-r16-K4,0.010184642796681404,True,True
development,B2-rank6-q1-r32-K2,0.010184642796703777,True,True
development,B2-rank6-q1-r32-K4,0.010184642796681208,True,True
development,B2-rank6-q2-r1-K2,0.002425623174156778,True,False
development,B2-rank6-q2-r1-K4,0.002425623072823325,True,False
development,B2-rank6-q2-r2-K2,0.0024256230852275264,True,False
development,B2-rank6-q2-r2-K4,0.002425623072823521,True,False
development,B2-rank6-q2-r4-K2,0.0024256230743576975,True,False
development,B2-rank6-q2-r4-K4,0.0024256230728237566,True,False
development,B2-rank6-q2-r8-K2,0.0024256230730149153,True,False
development,B2-rank6-q2-r8-K4,0.002425623072824463,True,False
development,B2-rank6-q2-r16-K2,0.00242562307284668,True,False
development,B2-rank6-q2-r16-K4,0.0024256230728230107,True,False
development,B2-rank6-q2-r32-K2,0.00242562307282831,True,False
development,B2-rank6-q2-r32-K4,0.002425623072824149,True,False
development,B2-rank6-q4-r1-K2,0.000599287256554175,True,False
development,B2-rank6-q4-r1-K4,0.0005992872440447774,True,False
development,B2-rank6-q4-r2-K2,0.0005992872455910045,True,False
development,B2-rank6-q4-r2-K4,0.0005992872440446596,True,False
development,B2-rank6-q4-r4-K2,0.0005992872442357792,True,False
development,B2-rank6-q4-r4-K4,0.000599287244045955,True,False
development,B2-rank6-q4-r8-K2,0.0005992872440705662,True,False
development,B2-rank6-q4-r8-K4,0.0005992872440453662,True,False
development,B2-rank6-q4-r16-K2,0.0005992872440488204,True,False
development,B2-rank6-q4-r16-K4,0.000599287244046897,True,False
development,B2-rank6-q4-r32-K2,0.0005992872440450914,True,False
development,B2-rank6-q4-r32-K4,0.0005992872440450914,True,False
development,B2-rank6-q8-r1-K2,0.00014938295885825223,True,False
development,B2-rank6-q8-r1-K4,0.0001493829573058233,True,False
development,B2-rank6-q8-r2-K2,0.00014938295750184936,True,False
development,B2-rank6-q8-r2-K4,0.00014938295730711865,True,False
development,B2-rank6-q8-r4-K2,0.00014938295733149434,True,False
development,B2-rank6-q8-r4-K4,0.0001493829573072364,True,False
development,B2-rank6-q8-r8-K2,0.0001493829573119467,True,False
development,B2-rank6-q8-r8-K4,0.00014938295730794295,True,False
development,B2-rank6-q8-r16-K2,0.00014938295730696163,True,False
development,B2-rank6-q8-r16-K4,0.00014938295730696163,True,False
development,B2-rank6-q8-r32-K2,0.00014938295731186816,True,False
development,B2-rank6-q8-r32-K4,0.00014938295731186816,True,False
development,B2-rank9-q1-r1-K2,0.010184642692196225,True,True
development,B2-rank9-q1-r1-K4,0.010184642692196225,True,True
development,B2-rank9-q1-r2-K2,0.01018464269219642,True,True
development,B2-rank9-q1-r2-K4,0.01018464269219642,True,True
development,B2-rank9-q1-r4-K2,0.010184642692195872,True,True
development,B2-rank9-q1-r4-K4,0.010184642692195872,True,True
development,B2-rank9-q1-r8-K2,0.010184642692195872,True,True
development,B2-rank9-q1-r8-K4,0.010184642692195872,True,True
development,B2-rank9-q1-r16-K2,0.010184642692195872,True,True
development,B2-rank9-q1-r16-K4,0.010184642692195872,True,True
development,B2-rank9-q1-r32-K2,0.010184642692195872,True,True
development,B2-rank9-q1-r32-K4,0.010184642692195872,True,True
development,B2-rank9-q2-r1-K2,0.0024256230462393435,True,False
development,B2-rank9-q2-r1-K4,0.0024256230462393435,True,False
development,B2-rank9-q2-r2-K2,0.0024256230462381266,True,False
development,B2-rank9-q2-r2-K4,0.0024256230462381266,True,False
development,B2-rank9-q2-r4-K2,0.0024256230462381266,True,False
development,B2-rank9-q2-r4-K4,0.0024256230462381266,True,False
development,B2-rank9-q2-r8-K2,0.0024256230462381266,True,False
development,B2-rank9-q2-r8-K4,0.0024256230462381266,True,False
development,B2-rank9-q2-r16-K2,0.0024256230462381266,True,False
development,B2-rank9-q2-r16-K4,0.0024256230462381266,True,False
development,B2-rank9-q2-r32-K2,0.0024256230462381266,True,False
development,B2-rank9-q2-r32-K4,0.0024256230462381266,True,False
development,B2-rank9-q4-r1-K2,0.0005992872373829143,True,False
development,B2-rank9-q4-r1-K4,0.0005992872373829143,True,False
development,B2-rank9-q4-r2-K2,0.0005992872373829143,True,False
development,B2-rank9-q4-r2-K4,0.0005992872373829143,True,False
development,B2-rank9-q4-r4-K2,0.0005992872373829143,True,False
development,B2-rank9-q4-r4-K4,0.0005992872373829143,True,False
development,B2-rank9-q4-r8-K2,0.0005992872373829143,True,False
development,B2-rank9-q4-r8-K4,0.0005992872373829143,True,False
development,B2-rank9-q4-r16-K2,0.0005992872373829143,True,False
development,B2-rank9-q4-r16-K4,0.0005992872373829143,True,False
development,B2-rank9-q4-r32-K2,0.0005992872373829143,True,False
development,B2-rank9-q4-r32-K4,0.0005992872373829143,True,False
development,B2-rank9-q8-r1-K2,0.00014938295564160381,True,False
development,B2-rank9-q8-r1-K4,0.00014938295564160381,True,False
development,B2-rank9-q8-r2-K2,0.00014938295564160381,True,False
development,B2-rank9-q8-r2-K4,0.00014938295564160381,True,False
development,B2-rank9-q8-r4-K2,0.00014938295564160381,True,False
development,B2-rank9-q8-r4-K4,0.00014938295564160381,True,False
development,B2-rank9-q8-r8-K2,0.00014938295564160381,True,False
development,B2-rank9-q8-r8-K4,0.00014938295564160381,True,False
development,B2-rank9-q8-r16-K2,0.00014938295564160381,True,False
development,B2-rank9-q8-r16-K4,0.00014938295564160381,True,False
development,B2-rank9-q8-r32-K2,0.00014938295564160381,True,False
development,B2-rank9-q8-r32-K4,0.00014938295564160381,True,False
development,B3-rank0-q1-r1-K2,0.00972790789303889,True,True
development,B3-rank0-q1-r1-K4,0.008888934101690971,True,True
development,B3-rank0-q1-r2-K2,0.008618088490661384,True,True
development,B3-rank0-q1-r2-K4,0.008798513623400579,True,True
development,B3-rank0-q1-r4-K2,0.008801605631247517,True,True
development,B3-rank0-q1-r4-K4,0.00879757350745976,True,True
development,B3-rank0-q1-r8-K2,0.008799737842765745,True,True
development,B3-rank0-q1-r8-K4,0.00879757517681731,True,True
development,B3-rank0-q1-r16-K2,0.008797949212761315,True,True
development,B3-rank0-q1-r16-K4,0.008797575715459626,True,True
development,B3-rank0-q1-r32-K2,0.00879762885284077,True,True
development,B3-rank0-q1-r32-K4,0.00879757573986012,True,True
development,B3-rank0-q2-r1-K2,0.0018988983187461824,True,False
development,B3-rank0-q2-r1-K4,0.0020869588066790355,True,False
development,B3-rank0-q2-r2-K2,0.002089837255443721,True,False
development,B3-rank0-q2-r2-K4,0.002085981027235494,True,False
development,B3-rank0-q2-r4-K2,0.002088172212040007,True,False
development,B3-rank0-q2-r4-K4,0.0020859824244540606,True,False
development,B3-rank0-q2-r8-K2,0.002086362924868817,True,False
development,B3-rank0-q2-r8-K4,0.0020859829688646228,True,False
development,B3-rank0-q2-r16-K2,0.002086037105483656,True,False
development,B3-rank0-q2-r16-K4,0.00208598299366808,True,False
development,B3-rank0-q2-r32-K2,0.0020859901713320946,True,False
development,B3-rank0-q2-r32-K4,0.0020859829945653876,True,False
development,B3-rank0-q4-r1-K2,0.0005186217394280976,True,False
development,B3-rank0-q4-r1-K4,0.0005147964975903535,True,False
development,B3-rank0-q4-r2-K2,0.0005169952559564394,True,False
development,B3-rank0-q4-r2-K4,0.0005147978427290711,True,False
development,B3-rank0-q4-r4-K2,0.0005151800161972971,True,False
development,B3-rank0-q4-r4-K4,0.0005147983888582563,True,False
development,B3-rank0-q4-r8-K2,0.0005148527793065619,True,False
development,B3-rank0-q4-r8-K4,0.0005147984137684797,True,False
development,B3-rank0-q4-r16-K2,0.0005148056259478766,True,False
development,B3-rank0-q4-r16-K4,0.0005147984146685352,True,False
development,B3-rank0-q4-r32-K2,0.0005147993420576983,True,False
development,B3-rank0-q4-r32-K4,0.0005147984146994267,True,False
development,B3-rank0-q8-r1-K2,0.00013048552792038713,True,False
development,B3-rank0-q8-r1-K4,0.000128286153193428,True,False
development,B3-rank0-q8-r2-K2,0.00012866874895124883,True,False
development,B3-rank0-q8-r2-K4,0.00012828669976863716,True,False
development,B3-rank0-q8-r4-K2,0.00012834115399296006,True,False
development,B3-rank0-q8-r4-K4,0.0001282867247044138,True,False
development,B3-rank0-q8-r8-K2,0.00012829394554310605,True,False
development,B3-rank0-q8-r8-K4,0.00012828672560580387,True,False
development,B3-rank0-q8-r16-K2,0.00012828765412021295,True,False
development,B3-rank0-q8-r16-K4,0.00012828672563642069,True,False
development,B3-rank0-q8-r32-K2,0.00012828684331767662,True,False
development,B3-rank0-q8-r32-K4,0.00012828672563865807,True,False
development,B3-rank0-q8-r64-K2,0.00012828674045130284,True,False
development,B2-rank3-q1-r64-K2,0.010163301656305069,True,True
development,PM1-B0-rank4-q1-r0-K0,0.036782811797386905,True,True
development,PM1-B0-rank4-q2-r0-K0,0.044537281673343955,True,True
development,PM1-B0-rank4-q4-r0-K0,0.046361105607036615,True,True
development,PM1-B0-rank4-q8-r0-K0,0.04681030316270501,True,True
development,PM1-B0-rank5-q1-r0-K0,0.018630514795286126,True,True
development,PM1-B0-rank5-q2-r0-K0,0.026438615441419528,True,True
development,PM1-B0-rank5-q4-r0-K0,0.028275542793104184,True,True
development,PM1-B0-rank5-q8-r0-K0,0.02872799770607166,True,True
transfer_fixed_five,B2-rank3-q1-r4-K2,0.005256376547101335,True,True
transfer_fixed_five,B2-rank3-q1-r8-K2,0.005256157396431461,True,True
transfer_fixed_five,B0-rank6-q1-r0-K0,0.009976267821590988,True,True
transfer_fixed_five,B1-rank12-q1-r0-K0,0.005265778433252583,True,True
transfer_fixed_five,B3-rank0-q8-r32-K4,6.247566909536482e-05,True,False
