group,candidate,geometry,chemical_basis,df_rank,LD,T,q,delta,r,K,epsilon,scalar,lambda,Gamma,operator_bias,N_per_axis,cost_executed,XY_cost_rz,work_rz,work_SE_rz,XY_cost_cx,work_cx,work_SE_cx,XY_cost_sx,work_sx,work_SE_sx,XY_cost_x,work_x,work_SE_x,XY_cost_size,work_size,work_SE_size,XY_cost_depth,work_depth,work_SE_depth
A,native_df_ld0,,,2,0,0.4,1,0.4,1,2,0.05,0.44399999999999995,0.9004121713956099,1.1282073852875323,0.0006921342096992005,9285,True,60.633252437086384,562979.7488783471,2607.2026640472823,19.72822024390249,183176.52496463462,844.0485137763989,35.059086067168785,325523.6141336622,1526.3091467691795,0.7079412660886235,6573.234655632869,54.386872324925264,116.12850001424628,1078253.1226322767,4989.067522465962,73.23305389001467,679968.9053687862,3161.314648463413
A,native_df_ld0,,,2,0,0.4,1,0.4,1,2,0.02,0.44399999999999995,0.9004121713956099,1.1282073852875323,0.0006921342096992005,61665,True,60.633252437086384,3738949.511532932,17315.36373489237,19.72822024390249,1216540.7013402472,5605.627528489136,35.059086067168785,2161918.5423319633,10136.76397797754,0.7079412660886235,43655.19817335497,361.2026367169108,116.12850001424628,7161063.953378497,33134.17865081998,73.23305389001467,4515916.268127755,20995.41925659627
A,native_df_ld0,,,2,0,0.4,2,0.2,1,2,0.05,0.44399999999999995,0.9004121713956099,1.0657041947993997,8.662656615419562e-05,8003,False,,,,,,,,,,,,,,,,,,
A,native_df_ld0,,,2,0,0.4,2,0.2,1,2,0.02,0.44399999999999995,0.9004121713956099,1.0657041947993997,8.662656615419562e-05,50384,False,,,,,,,,,,,,,,,,,,
A,native_df_ld0,,,2,0,0.4,4,0.1,1,2,0.05,0.44399999999999995,0.9004121713956099,1.0328001465190513,1.0832001410331667e-05,7484,False,,,,,,,,,,,,,,,,,,
A,native_df_ld0,,,2,0,0.4,4,0.1,1,2,0.02,0.44399999999999995,0.9004121713956099,1.0328001465190513,1.0832001410331667e-05,46814,False,,,,,,,,,,,,,,,,,,
A,native_df_ld1,,,2,1,0.4,1,0.4,1,2,0.05,0.1537,0.27486152706618866,1.012073719992214,0.00013151067176327418,7236,True,207.18978876150527,1499225.311478252,38.90671635711341,119.44275121296006,864287.747776979,17.914378986867934,98.70421091218907,714223.6701606001,19.18807269475152,0.0009959692992553718,7.20683384941187,2.4523307827523806,425.33774685595364,3077743.9362496804,72.93716703170668,288.2626461795992,2085868.5077555797,57.07329633896777
A,native_df_ld1,,,2,1,0.4,1,0.4,1,2,0.02,0.1537,0.27486152706618866,1.012073719992214,0.00013151067176327418,45732,True,207.18978876150527,9475203.41964116,245.89302825366372,119.44275121296006,5462355.898471089,113.2200635471869,98.70421091218907,4513940.973436231,121.2698922714727,0.0009959692992553718,45.54766799354666,15.498893222337186,425.33774685595364,19451545.83921647,460.96773392675647,288.2626461795992,13182827.33508543,360.70701881891574
A,native_df_ld1,,,2,1,0.4,2,0.2,1,2,0.05,0.1537,0.27486152706618866,1.0060512632714298,3.233757208199324e-05,7110,False,,,,,,,,,,,,,,,,,,
A,native_df_ld1,,,2,1,0.4,2,0.2,1,2,0.02,0.1537,0.27486152706618866,1.0060512632714298,3.233757208199324e-05,44556,False,,,,,,,,,,,,,,,,,,
A,native_df_ld1,,,2,1,0.4,4,0.1,1,2,0.05,0.1537,0.27486152706618866,1.0030251583054888,8.028201269251996e-06,7057,False,,,,,,,,,,,,,,,,,,
A,native_df_ld1,,,2,1,0.4,4,0.1,1,2,0.02,0.1537,0.27486152706618866,1.0030251583054888,8.028201269251996e-06,44136,False,,,,,,,,,,,,,,,,,,
A,native_df_ld2,,,2,2,0.4,1,0.4,0,0,0.05,0.0,0.0,1.0,0.00012859385963057894,7063,True,229.0,1617427.0,0.0,148.0,1045324.0,0.0,100.0,706300.0,0.0,0.0,0.0,0.0,477.0,3369051.0,0.0,326.0,2302538.0,0.0
A,native_df_ld2,,,2,2,0.4,1,0.4,0,0,0.02,0.0,0.0,1.0,0.00012859385963057894,44629,True,229.0,10220041.0,0.0,148.0,6605092.0,0.0,100.0,4462900.0,0.0,0.0,0.0,0.0,477.0,21288033.0,0.0,326.0,14549054.0,0.0
A,native_df_ld2,,,2,2,0.4,2,0.2,0,0,0.05,0.0,0.0,1.0,3.1981025649348515e-05,7024,False,,,,,,,,,,,,,,,,,,
A,native_df_ld2,,,2,2,0.4,2,0.2,0,0,0.02,0.0,0.0,1.0,3.1981025649348515e-05,44020,False,,,,,,,,,,,,,,,,,,
A,native_df_ld2,,,2,2,0.4,4,0.1,0,0,0.05,0.0,0.0,1.0,7.984856200032697e-06,7015,False,,,,,,,,,,,,,,,,,,
A,native_df_ld2,,,2,2,0.4,4,0.1,0,0,0.02,0.0,0.0,1.0,7.984856200032697e-06,43870,False,,,,,,,,,,,,,,,,,,
A,collected_whole_pauli,,,2,0,0.4,1,0.4,1,2,0.05,0.44400000000000006,0.9790000000000001,1.1512673539304428,0.0006921342096993079,9668,True,14.379199332904026,139018.09915051612,410.652928592937,6.933049675304585,67028.72426084473,241.34802207532232,5.217443617273462,50442.24489179983,231.3841801811584,1.820991741115669,17605.34815310629,64.50723860580989,28.350684366597736,274094.4164562669,829.640955356699,20.18606687487432,195158.89454628492,721.6614679551639
A,collected_whole_pauli,,,2,0,0.4,1,0.4,1,2,0.02,0.44400000000000006,0.9790000000000001,1.1512673539304428,0.0006921342096993079,64212,True,14.379199332904026,923317.1475644333,2727.4354417469663,6.933049675304585,445184.98575065803,1602.96226660122,5.217443617273462,335022.4895523635,1536.7853721341066,1.820991741115669,116929.52168051935,428.4380228957659,28.350684366597736,1820454.1445479738,5510.23014329379,20.18606687487432,1296187.72616943,4793.062285926457
A,collected_whole_pauli,,,2,0,0.4,2,0.2,1,2,0.05,0.44400000000000006,0.9790000000000001,1.0778553808172682,8.662656615425891e-05,8186,False,,,,,,,,,,,,,,,,,,
A,collected_whole_pauli,,,2,0,0.4,2,0.2,1,2,0.02,0.44400000000000006,0.9790000000000001,1.0778553808172682,8.662656615425891e-05,51539,False,,,,,,,,,,,,,,,,,,
A,collected_whole_pauli,,,2,0,0.4,4,0.1,1,2,0.05,0.44400000000000006,0.9790000000000001,1.038855797759702,1.0832001410385742e-05,7572,False,,,,,,,,,,,,,,,,,,
A,collected_whole_pauli,,,2,0,0.4,4,0.1,1,2,0.02,0.44400000000000006,0.9790000000000001,1.038855797759702,1.0832001410385742e-05,47365,False,,,,,,,,,,,,,,,,,,
A,frame_identity,,,2,,0.4,1,0.4,1,2,0.05,0.006500000000000006,0.09150000000000001,1.0013393856906567,0.00029863003329020477,7151,True,71.30369434088679,509892.71823168144,5.499283850013732,81.1027389755598,579965.6864142282,3.0203309754992147,11.43975295174601,81805.67335793572,2.8379337360281878,1.9999999999999996,14301.999999999996,0.0,165.8461862681926,1185966.0780038454,10.841712526821926,136.29046720367714,974613.1309734952,8.608803400782266
A,frame_identity,,,2,,0.4,1,0.4,1,2,0.02,0.006500000000000006,0.09150000000000001,1.0013393856906567,0.00029863003329020477,45854,True,71.30369434088679,3269559.600307023,35.26278305950632,81.1027389755598,3718884.9929853193,19.367117403236048,11.43975295174601,524558.4318493615,18.197540698061324,1.9999999999999996,91707.99999999999,0.0,165.8461862681926,7604711.025141704,69.51977152914174,136.29046720367714,6249463.083157412,55.2017999076311
A,frame_identity,,,2,,0.4,2,0.2,1,2,0.05,0.006500000000000006,0.09150000000000001,1.0006698703414474,7.424938204960571e-05,7051,False,,,,,,,,,,,,,,,,,,
A,frame_identity,,,2,,0.4,2,0.2,1,2,0.02,0.006500000000000006,0.09150000000000001,1.0006698703414474,7.424938204960571e-05,44344,False,,,,,,,,,,,,,,,,,,
A,frame_identity,,,2,,0.4,4,0.1,1,2,0.05,0.006500000000000006,0.09150000000000001,1.0003349293326496,1.8536993787598495e-05,7024,False,,,,,,,,,,,,,,,,,,
A,frame_identity,,,2,,0.4,4,0.1,1,2,0.02,0.006500000000000006,0.09150000000000001,1.0003349293326496,1.8536993787598495e-05,43965,False,,,,,,,,,,,,,,,,,,
A,complete_occupation_core,,,2,,0.4,1,0.4,1,2,0.05,0.0,0.085,1.001155870173733,0.00029869444525565386,7148,True,71.01130682436433,507588.8211805562,5.15541878930539,81.30044324216627,581135.5682950044,2.8489577945816436,12.006687866326132,85823.8048684992,2.644054515674925,2.0,14296.0,0.0,166.31843793285668,1188844.1943440596,10.303771120055554,136.09081556388188,972777.1496506276,8.16249431461763
A,complete_occupation_core,,,2,,0.4,1,0.4,1,2,0.02,0.0,0.085,1.001155870173733,0.00029869444525565386,45838,True,71.01130682436433,3255016.282215212,33.06016878346117,81.30044324216627,3726649.717334417,18.269519780083012,12.006687866326132,550362.5584166573,16.955535938655178,2.0,91676.0,0.0,166.31843793285668,7623704.557966284,66.07502246797797,136.09081556388188,6238130.803817217,52.343650586659614
A,complete_occupation_core,,,2,,0.4,2,0.2,1,2,0.05,0.0,0.085,1.0005780672790923,7.4265544842782e-05,7049,False,,,,,,,,,,,,,,,,,,
A,complete_occupation_core,,,2,,0.4,2,0.2,1,2,0.02,0.0,0.085,1.0005780672790923,7.4265544842782e-05,44336,False,,,,,,,,,,,,,,,,,,
A,complete_occupation_core,,,2,,0.4,4,0.1,1,2,0.05,0.0,0.085,1.0002890292915123,1.8541038133849835e-05,7023,False,,,,,,,,,,,,,,,,,,
A,complete_occupation_core,,,2,,0.4,4,0.1,1,2,0.02,0.0,0.085,1.0002890292915123,1.8541038133849835e-05,43961,False,,,,,,,,,,,,,,,,,,
B,enlarged_generator_reflection,,,,0,0.2,1,0.2,1,2,0.05,0.28750000000000003,0.9625,1.0369258170771447,1.2026900517943942e-05,7544,True,87.26179062031736,658302.9484396741,381.199005294906,27.2926934687552,205896.07952828924,165.27213207393544,57.50413979977769,433811.2306495229,315.8681034407442,2.0810892805873404,15699.737532750896,37.28719092969976,174.13971316943756,1313709.9961502368,880.2538492217317,76.67066594558865,578403.5038935208,631.4909938416995
B,enlarged_generator_reflection,,,,0,0.2,1,0.2,1,2,0.02,0.28750000000000003,0.9625,1.0369258170771447,1.2026900517943942e-05,47197,True,87.26179062031736,4118494.731907118,2384.8686973626295,27.2926934687552,1288133.2536448392,1033.9804901237449,57.50413979977769,2714022.8861301076,1976.1435416347833,2.0810892805873404,98221.1707758807,233.2772468596288,174.13971316943756,8218872.042457945,5507.070641797199,76.67066594558865,3618625.4206339475,3950.7529740650434
B,enlarged_generator_reflection,,,,0,0.2,2,0.1,1,2,0.05,0.28750000000000003,0.9625,1.0185972040385531,1.5036174572787477e-06,7276,False,,,,,,,,,,,,,,,,,,
B,enlarged_generator_reflection,,,,0,0.2,2,0.1,1,2,0.02,0.28750000000000003,0.9625,1.0185972040385531,1.5036174572787477e-06,45475,False,,,,,,,,,,,,,,,,,,
B,enlarged_generator_reflection,,,,0,0.2,4,0.05,1,2,0.05,0.28750000000000003,0.9625,1.0092941983774943,1.8796022321891496e-07,7143,False,,,,,,,,,,,,,,,,,,
B,enlarged_generator_reflection,,,,0,0.2,4,0.05,1,2,0.02,0.28750000000000003,0.9625,1.0092941983774943,1.8796022321891496e-07,44640,False,,,,,,,,,,,,,,,,,,
B,coefficient_physical_pauli,,,,0,0.2,1,0.2,1,2,0.05,0.2348143014833977,1.0453530633833075,1.0435297843238907,1.641258542954307e-05,7643,True,17.41390805522787,133094.4992661066,162.4154542247791,7.03234288792114,53748.19669238127,79.52020716698509,6.820549912288437,52129.462979620526,88.88776895213691,3.1125590337445113,23789.2886949093,25.80312140575475,34.37935988918195,262761.4476330176,306.6683231707418,21.06932328622251,161032.83787659864,221.5095499618024
B,coefficient_physical_pauli,,,,0,0.2,1,0.2,1,2,0.02,0.2348143014833977,1.0453530633833075,1.0435297843238907,1.641258542954307e-05,47830,True,17.41390805522787,832907.2222815491,1016.3981650623033,7.03234288792114,336356.9603292681,497.6385593087657,6.820549912288437,326226.902304756,556.2608908780202,3.1125590337445113,148873.69858399997,161.47629161811457,34.37935988918195,1644364.7834995727,1919.1346195547012,21.06932328622251,1007745.7327800227,1386.2098357546786
B,coefficient_physical_pauli,,,,0,0.2,2,0.1,1,2,0.05,0.2348143014833977,1.0453530633833075,1.0219513625762995,2.051979381281623e-06,7324,False,,,,,,,,,,,,,,,,,,
B,coefficient_physical_pauli,,,,0,0.2,2,0.1,1,2,0.02,0.2348143014833977,1.0453530633833075,1.0219513625762995,2.051979381281623e-06,45779,False,,,,,,,,,,,,,,,,,,
B,coefficient_physical_pauli,,,,0,0.2,4,0.05,1,2,0.05,0.2348143014833977,1.0453530633833075,1.0109695706130877,2.565102581251773e-07,7167,False,,,,,,,,,,,,,,,,,,
B,coefficient_physical_pauli,,,,0,0.2,4,0.05,1,2,0.02,0.2348143014833977,1.0453530633833075,1.0109695706130877,2.565102581251773e-07,44789,False,,,,,,,,,,,,,,,,,,
B,physical_pair_Z_ZZ,,,,0,0.2,1,0.2,1,2,0.05,0.2348143014833977,0.7794429044501932,1.0242447074882761,1.641258542953682e-05,7363,True,67.71491874129146,498584.946692129,413.34417063506316,22.070180660394303,162502.74020248326,146.12733406918557,43.817026665612005,322624.7673389012,290.5974443034114,2.0000000000000004,14726.000000000004,0.0,135.6021260672978,998438.4542335137,847.7451677582925,81.40210516285916,599363.700314132,537.8116687477541
B,physical_pair_Z_ZZ,,,,0,0.2,1,0.2,1,2,0.02,0.2348143014833977,0.7794429044501932,1.0242447074882761,1.641258542953682e-05,46078,True,67.71491874129146,3120168.0257612276,2586.7272435858263,22.070180660394303,1016949.7844696487,914.4717233790482,43.817026665612005,2019000.95469807,1818.572462123128,2.0000000000000004,92156.00000000001,0.0,135.6021260672978,6248274.764928948,5305.2290968309935,81.40210516285916,3750846.2016942245,3365.650695716286
B,physical_pair_Z_ZZ,,,,0,0.2,2,0.1,1,2,0.05,0.2348143014833977,0.7794429044501932,1.0121803415714774,2.0519793812707046e-06,7184,False,,,,,,,,,,,,,,,,,,
B,physical_pair_Z_ZZ,,,,0,0.2,2,0.1,1,2,0.02,0.2348143014833977,0.7794429044501932,1.0121803415714774,2.0519793812707046e-06,44908,False,,,,,,,,,,,,,,,,,,
B,physical_pair_Z_ZZ,,,,0,0.2,4,0.05,1,2,0.05,0.2348143014833977,0.7794429044501932,1.0060882671366018,2.5651025811193826e-07,7097,False,,,,,,,,,,,,,,,,,,
B,physical_pair_Z_ZZ,,,,0,0.2,4,0.05,1,2,0.02,0.2348143014833977,0.7794429044501932,1.0060882671366018,2.5651025811193826e-07,44358,False,,,,,,,,,,,,,,,,,,
B,physical_pair_Q,,,,0,0.2,1,0.2,1,2,0.05,0.4696286029667954,0.5196286029667954,1.0107892914794936,4.732594927159785e-06,7166,True,81.24491717818447,582201.0764988699,0.0,30.57811938034501,219122.80347955236,0.0,48.53144656342504,347776.34607350384,0.0,1.9999999999999998,14331.999999999998,0.0,162.35448312195453,1163432.2260519261,0.0,96.98167166801348,694970.6591729845,0.0
B,physical_pair_Q,,,,0,0.2,1,0.2,1,2,0.02,0.4696286029667954,0.5196286029667954,1.0107892914794936,4.732594927159785e-06,44801,True,81.24491717818447,3639853.534499842,0.0,30.57811938034501,1369930.3263588368,0.0,48.53144656342504,2174257.3374880054,0.0,1.9999999999999998,89601.99999999999,0.0,162.35448312195453,7273643.198346685,0.0,96.98167166801348,4344875.872398672,0.0
B,physical_pair_Q,,,,0,0.2,2,0.1,1,2,0.05,0.4696286029667954,0.5196286029667954,1.005406149409884,5.916373321579464e-07,7088,False,,,,,,,,,,,,,,,,,,
B,physical_pair_Q,,,,0,0.2,2,0.1,1,2,0.02,0.4696286029667954,0.5196286029667954,1.005406149409884,5.916373321579464e-07,44300,False,,,,,,,,,,,,,,,,,,
B,physical_pair_Q,,,,0,0.2,4,0.05,1,2,0.05,0.4696286029667954,0.5196286029667954,1.0027026966232324,7.395664591117077e-08,7050,False,,,,,,,,,,,,,,,,,,
B,physical_pair_Q,,,,0,0.2,4,0.05,1,2,0.02,0.4696286029667954,0.5196286029667954,1.0027026966232324,7.395664591117077e-08,44058,False,,,,,,,,,,,,,,,,,,
